{
  "artifact_assertions": [
    {
      "expected_failures": 0,
      "passed": 80,
      "path": "attest-fixed-eval.json",
      "sha256": "sha256:b26e84ddc78b11419c3704cf880378bdfee2605029109d0f6b941655c13b31ae",
      "skipped": 0,
      "status": "PASS"
    },
    {
      "path": "attest-real-projects.json",
      "project_count": 2,
      "sha256": "sha256:488a0fd20775264ecc90c0bae0ef4ca45949310c6e1f55aacc82a0ca5186d919",
      "status": "PASS"
    }
  ],
  "base_sha": "638e27221b13d74208b54f78530cf338f67879af",
  "command_count": 23,
  "commands": [
    {
      "attempts": [
        {
          "attempt": 1,
          "delay_before_seconds": 0,
          "duration_ms": 9,
          "exit_code": 0,
          "finished_at": "2026-09-05T01:51:01Z",
          "started_at": "2026-09-05T01:51:01Z",
          "stderr_log": "attest-logs/quick__diff_check-attempt-1.stderr.log",
          "stderr_sha256": "sha256:e3b0c44298fc1c149afbf4c8996fb92427ae41e4649b934ca495991b7852b855",
          "stdout_log": "attest-logs/quick__diff_check-attempt-1.stdout.log",
          "stdout_sha256": "sha256:e3b0c44298fc1c149afbf4c8996fb92427ae41e4649b934ca495991b7852b855",
          "transient_network_failure": false
        }
      ],
      "base_sha": "638e27221b13d74208b54f78530cf338f67879af",
      "command": [
        "git",
        "diff",
        "--check",
        "638e27221b13d74208b54f78530cf338f67879af..5ea3ba9aa7288021c4d99b14cff76ec0fc405841"
      ],
      "cwd": ".",
      "duration_ms": 9,
      "exit_code": 0,
      "finished_at": "2026-09-05T01:51:01Z",
      "name": "quick__diff_check",
      "source_sha": "5ea3ba9aa7288021c4d99b14cff76ec0fc405841",
      "started_at": "2026-09-05T01:51:01Z",
      "status": "PASS",
      "stderr_log": "attest-logs/quick__diff_check-attempt-1.stderr.log",
      "stderr_sha256": "sha256:e3b0c44298fc1c149afbf4c8996fb92427ae41e4649b934ca495991b7852b855",
      "stdout_log": "attest-logs/quick__diff_check-attempt-1.stdout.log",
      "stdout_sha256": "sha256:e3b0c44298fc1c149afbf4c8996fb92427ae41e4649b934ca495991b7852b855"
    },
    {
      "attempts": [
        {
          "attempt": 1,
          "delay_before_seconds": 0,
          "duration_ms": 170,
          "exit_code": 0,
          "finished_at": "2026-09-05T01:51:02Z",
          "started_at": "2026-09-05T01:51:01Z",
          "stderr_log": "attest-logs/quick__python_syntax_import-attempt-1.stderr.log",
          "stderr_sha256": "sha256:e3b0c44298fc1c149afbf4c8996fb92427ae41e4649b934ca495991b7852b855",
          "stdout_log": "attest-logs/quick__python_syntax_import-attempt-1.stdout.log",
          "stdout_sha256": "sha256:f902f348caedb3413c66ca1555d677d863df7672c5c60910e6f0ad62a4452523",
          "transient_network_failure": false
        }
      ],
      "base_sha": "638e27221b13d74208b54f78530cf338f67879af",
      "command": [
        "/opt/homebrew/opt/python@3.14/bin/python3.14",
        "-c",
        "import ast\nimport importlib.util\nfrom pathlib import Path\nimport subprocess\nimport sys\n\nroot = Path.cwd()\nbase, source = sys.argv[1:3]\nchanged = subprocess.check_output(\n    [\"git\", \"diff\", \"--name-only\", f\"{base}..{source}\"], text=True\n).splitlines()\nfiles = [root / name for name in changed if name.endswith(\".py\")]\nfor path in files:\n    if not path.is_file():\n        raise SystemExit(f\"missing changed Python path: {path}\")\n    ast.parse(path.read_text(encoding=\"utf-8\"), filename=str(path))\nscripts = root / \"skills/sdlc-500-vfy/scripts\"\nsys.path[:0] = [str(root), str(scripts)]\nfor path in sorted(scripts.glob(\"vfy_*.py\")):\n    __import__(path.stem)\nruntime = scripts / \"runtime.py\"\nspec = importlib.util.spec_from_file_location(\"vfy_quick_runtime\", runtime)\nif spec is None or spec.loader is None:\n    raise SystemExit(\"VFY Runtime import spec unavailable\")\nmodule = importlib.util.module_from_spec(spec)\nspec.loader.exec_module(module)\nprint(f\"AST={len(files)} VFY_IMPORTS=PASS\")",
        "638e27221b13d74208b54f78530cf338f67879af",
        "5ea3ba9aa7288021c4d99b14cff76ec0fc405841"
      ],
      "cwd": ".",
      "duration_ms": 170,
      "exit_code": 0,
      "finished_at": "2026-09-05T01:51:02Z",
      "name": "quick__python_syntax_import",
      "source_sha": "5ea3ba9aa7288021c4d99b14cff76ec0fc405841",
      "started_at": "2026-09-05T01:51:01Z",
      "status": "PASS",
      "stderr_log": "attest-logs/quick__python_syntax_import-attempt-1.stderr.log",
      "stderr_sha256": "sha256:e3b0c44298fc1c149afbf4c8996fb92427ae41e4649b934ca495991b7852b855",
      "stdout_log": "attest-logs/quick__python_syntax_import-attempt-1.stdout.log",
      "stdout_sha256": "sha256:f902f348caedb3413c66ca1555d677d863df7672c5c60910e6f0ad62a4452523"
    },
    {
      "attempts": [
        {
          "attempt": 1,
          "delay_before_seconds": 0,
          "duration_ms": 32,
          "exit_code": 0,
          "finished_at": "2026-09-05T01:51:02Z",
          "started_at": "2026-09-05T01:51:02Z",
          "stderr_log": "attest-logs/quick__json_parse-attempt-1.stderr.log",
          "stderr_sha256": "sha256:e3b0c44298fc1c149afbf4c8996fb92427ae41e4649b934ca495991b7852b855",
          "stdout_log": "attest-logs/quick__json_parse-attempt-1.stdout.log",
          "stdout_sha256": "sha256:a200bd554c568ec54e306dcd9439ff2be25dc9373787feb6c88be2671a12512e",
          "transient_network_failure": false
        }
      ],
      "base_sha": "638e27221b13d74208b54f78530cf338f67879af",
      "command": [
        "/opt/homebrew/opt/python@3.14/bin/python3.14",
        "-c",
        "import json\nfrom pathlib import Path\nimport subprocess\nimport sys\n\nroot = Path.cwd()\nbase, source = sys.argv[1:3]\nchanged = subprocess.check_output(\n    [\"git\", \"diff\", \"--name-only\", f\"{base}..{source}\"], text=True\n).splitlines()\nfiles = [root / name for name in changed if name.endswith(\".json\")]\nfor path in files:\n    if not path.is_file():\n        raise SystemExit(f\"missing changed JSON path: {path}\")\n    json.loads(path.read_text(encoding=\"utf-8\"))\nprint(f\"JSON={len(files)} PASS\")",
        "638e27221b13d74208b54f78530cf338f67879af",
        "5ea3ba9aa7288021c4d99b14cff76ec0fc405841"
      ],
      "cwd": ".",
      "duration_ms": 32,
      "exit_code": 0,
      "finished_at": "2026-09-05T01:51:02Z",
      "name": "quick__json_parse",
      "source_sha": "5ea3ba9aa7288021c4d99b14cff76ec0fc405841",
      "started_at": "2026-09-05T01:51:02Z",
      "status": "PASS",
      "stderr_log": "attest-logs/quick__json_parse-attempt-1.stderr.log",
      "stderr_sha256": "sha256:e3b0c44298fc1c149afbf4c8996fb92427ae41e4649b934ca495991b7852b855",
      "stdout_log": "attest-logs/quick__json_parse-attempt-1.stdout.log",
      "stdout_sha256": "sha256:a200bd554c568ec54e306dcd9439ff2be25dc9373787feb6c88be2671a12512e"
    },
    {
      "attempts": [
        {
          "attempt": 1,
          "delay_before_seconds": 0,
          "duration_ms": 23,
          "exit_code": 0,
          "finished_at": "2026-09-05T01:51:02Z",
          "started_at": "2026-09-05T01:51:02Z",
          "stderr_log": "attest-logs/quick__skill_interface-attempt-1.stderr.log",
          "stderr_sha256": "sha256:e3b0c44298fc1c149afbf4c8996fb92427ae41e4649b934ca495991b7852b855",
          "stdout_log": "attest-logs/quick__skill_interface-attempt-1.stdout.log",
          "stdout_sha256": "sha256:00c0ad6f817f38f52e379bc9d5dd839f3125f09f5d65490df2e5233b9fbf5a06",
          "transient_network_failure": false
        }
      ],
      "base_sha": "638e27221b13d74208b54f78530cf338f67879af",
      "command": [
        "/opt/homebrew/opt/python@3.14/bin/python3.14",
        "tools/validate_skill_interfaces.py"
      ],
      "cwd": ".",
      "duration_ms": 23,
      "exit_code": 0,
      "finished_at": "2026-09-05T01:51:02Z",
      "name": "quick__skill_interface",
      "source_sha": "5ea3ba9aa7288021c4d99b14cff76ec0fc405841",
      "started_at": "2026-09-05T01:51:02Z",
      "status": "PASS",
      "stderr_log": "attest-logs/quick__skill_interface-attempt-1.stderr.log",
      "stderr_sha256": "sha256:e3b0c44298fc1c149afbf4c8996fb92427ae41e4649b934ca495991b7852b855",
      "stdout_log": "attest-logs/quick__skill_interface-attempt-1.stdout.log",
      "stdout_sha256": "sha256:00c0ad6f817f38f52e379bc9d5dd839f3125f09f5d65490df2e5233b9fbf5a06"
    },
    {
      "attempts": [
        {
          "attempt": 1,
          "delay_before_seconds": 0,
          "duration_ms": 38,
          "exit_code": 0,
          "finished_at": "2026-09-05T01:51:02Z",
          "started_at": "2026-09-05T01:51:02Z",
          "stderr_log": "attest-logs/quick__source_lock_structure-attempt-1.stderr.log",
          "stderr_sha256": "sha256:e3b0c44298fc1c149afbf4c8996fb92427ae41e4649b934ca495991b7852b855",
          "stdout_log": "attest-logs/quick__source_lock_structure-attempt-1.stdout.log",
          "stdout_sha256": "sha256:ade22f1e9f61cecfbc09143ea7db8b0d6edbbd21ae32e160e6ecc298ae0aeea4",
          "transient_network_failure": false
        }
      ],
      "base_sha": "638e27221b13d74208b54f78530cf338f67879af",
      "command": [
        "/opt/homebrew/opt/python@3.14/bin/python3.14",
        "tools/validate_sdlc_500_vfy_source_lock.py"
      ],
      "cwd": ".",
      "duration_ms": 38,
      "exit_code": 0,
      "finished_at": "2026-09-05T01:51:02Z",
      "name": "quick__source_lock_structure",
      "source_sha": "5ea3ba9aa7288021c4d99b14cff76ec0fc405841",
      "started_at": "2026-09-05T01:51:02Z",
      "status": "PASS",
      "stderr_log": "attest-logs/quick__source_lock_structure-attempt-1.stderr.log",
      "stderr_sha256": "sha256:e3b0c44298fc1c149afbf4c8996fb92427ae41e4649b934ca495991b7852b855",
      "stdout_log": "attest-logs/quick__source_lock_structure-attempt-1.stdout.log",
      "stdout_sha256": "sha256:ade22f1e9f61cecfbc09143ea7db8b0d6edbbd21ae32e160e6ecc298ae0aeea4"
    },
    {
      "attempts": [
        {
          "attempt": 1,
          "delay_before_seconds": 0,
          "duration_ms": 4366,
          "exit_code": 0,
          "finished_at": "2026-09-05T01:51:06Z",
          "started_at": "2026-09-05T01:51:02Z",
          "stderr_log": "attest-logs/quick__critical_case_coverage-attempt-1.stderr.log",
          "stderr_sha256": "sha256:e3b0c44298fc1c149afbf4c8996fb92427ae41e4649b934ca495991b7852b855",
          "stdout_log": "attest-logs/quick__critical_case_coverage-attempt-1.stdout.log",
          "stdout_sha256": "sha256:6d33fba29987ffbcdadedf8ac8c60aef84d85632a06480274278b7242c7c1e08",
          "transient_network_failure": false
        }
      ],
      "base_sha": "638e27221b13d74208b54f78530cf338f67879af",
      "command": [
        "/opt/homebrew/opt/python@3.14/bin/python3.14",
        "tools/validate_sdlc_500_vfy_case_coverage.py"
      ],
      "cwd": ".",
      "duration_ms": 4366,
      "exit_code": 0,
      "finished_at": "2026-09-05T01:51:06Z",
      "name": "quick__critical_case_coverage",
      "source_sha": "5ea3ba9aa7288021c4d99b14cff76ec0fc405841",
      "started_at": "2026-09-05T01:51:02Z",
      "status": "PASS",
      "stderr_log": "attest-logs/quick__critical_case_coverage-attempt-1.stderr.log",
      "stderr_sha256": "sha256:e3b0c44298fc1c149afbf4c8996fb92427ae41e4649b934ca495991b7852b855",
      "stdout_log": "attest-logs/quick__critical_case_coverage-attempt-1.stdout.log",
      "stdout_sha256": "sha256:6d33fba29987ffbcdadedf8ac8c60aef84d85632a06480274278b7242c7c1e08"
    },
    {
      "attempts": [
        {
          "attempt": 1,
          "delay_before_seconds": 0,
          "duration_ms": 4420,
          "exit_code": 0,
          "finished_at": "2026-09-05T01:51:10Z",
          "started_at": "2026-09-05T01:51:06Z",
          "stderr_log": "attest-logs/quick__focused_deterministic_tests-attempt-1.stderr.log",
          "stderr_sha256": "sha256:d35bfd119ad5e4d07a54999616d16785002e0fed1123f472fa3267620d6efa78",
          "stdout_log": "attest-logs/quick__focused_deterministic_tests-attempt-1.stdout.log",
          "stdout_sha256": "sha256:e3b0c44298fc1c149afbf4c8996fb92427ae41e4649b934ca495991b7852b855",
          "transient_network_failure": false
        }
      ],
      "base_sha": "638e27221b13d74208b54f78530cf338f67879af",
      "command": [
        "/opt/homebrew/opt/python@3.14/bin/python3.14",
        "-m",
        "unittest",
        "tests.skill_vfy.test_runtime",
        "tests.skill_vfy.test_source_lock",
        "tests.evals.test_sdlc_500_vfy_case_coverage"
      ],
      "cwd": ".",
      "duration_ms": 4420,
      "exit_code": 0,
      "finished_at": "2026-09-05T01:51:10Z",
      "name": "quick__focused_deterministic_tests",
      "source_sha": "5ea3ba9aa7288021c4d99b14cff76ec0fc405841",
      "started_at": "2026-09-05T01:51:06Z",
      "status": "PASS",
      "stderr_log": "attest-logs/quick__focused_deterministic_tests-attempt-1.stderr.log",
      "stderr_sha256": "sha256:d35bfd119ad5e4d07a54999616d16785002e0fed1123f472fa3267620d6efa78",
      "stdout_log": "attest-logs/quick__focused_deterministic_tests-attempt-1.stdout.log",
      "stdout_sha256": "sha256:e3b0c44298fc1c149afbf4c8996fb92427ae41e4649b934ca495991b7852b855"
    },
    {
      "attempts": [
        {
          "attempt": 1,
          "delay_before_seconds": 0,
          "duration_ms": 1099,
          "exit_code": 0,
          "finished_at": "2026-09-05T01:51:12Z",
          "started_at": "2026-09-05T01:51:10Z",
          "stderr_log": "attest-logs/quick__web_review_guard-attempt-1.stderr.log",
          "stderr_sha256": "sha256:e3b0c44298fc1c149afbf4c8996fb92427ae41e4649b934ca495991b7852b855",
          "stdout_log": "attest-logs/quick__web_review_guard-attempt-1.stdout.log",
          "stdout_sha256": "sha256:2d05799302926c250aaba1a21c8679a808d36832f0ff8f181af465d4c25de994",
          "transient_network_failure": false
        }
      ],
      "base_sha": "638e27221b13d74208b54f78530cf338f67879af",
      "command": [
        "/opt/homebrew/opt/python@3.14/bin/python3.14",
        "tools/review_sdlc_500_vfy_implementation.py"
      ],
      "cwd": ".",
      "duration_ms": 1099,
      "exit_code": 0,
      "finished_at": "2026-09-05T01:51:12Z",
      "name": "quick__web_review_guard",
      "source_sha": "5ea3ba9aa7288021c4d99b14cff76ec0fc405841",
      "started_at": "2026-09-05T01:51:10Z",
      "status": "PASS",
      "stderr_log": "attest-logs/quick__web_review_guard-attempt-1.stderr.log",
      "stderr_sha256": "sha256:e3b0c44298fc1c149afbf4c8996fb92427ae41e4649b934ca495991b7852b855",
      "stdout_log": "attest-logs/quick__web_review_guard-attempt-1.stdout.log",
      "stdout_sha256": "sha256:2d05799302926c250aaba1a21c8679a808d36832f0ff8f181af465d4c25de994"
    },
    {
      "attempts": [
        {
          "attempt": 1,
          "delay_before_seconds": 0,
          "duration_ms": 31,
          "exit_code": 0,
          "finished_at": "2026-09-05T01:51:12Z",
          "started_at": "2026-09-05T01:51:12Z",
          "stderr_log": "attest-logs/quick__subject_path_whitelist-attempt-1.stderr.log",
          "stderr_sha256": "sha256:e3b0c44298fc1c149afbf4c8996fb92427ae41e4649b934ca495991b7852b855",
          "stdout_log": "attest-logs/quick__subject_path_whitelist-attempt-1.stdout.log",
          "stdout_sha256": "sha256:5c0b6adfbd6d8827f1c7fe710d1c45c1c097d2a105b6b86987c91001c49284e7",
          "transient_network_failure": false
        }
      ],
      "base_sha": "638e27221b13d74208b54f78530cf338f67879af",
      "command": [
        "/opt/homebrew/opt/python@3.14/bin/python3.14",
        "-c",
        "from pathlib import Path\nimport subprocess\nimport sys\n\nbase, source = sys.argv[1:3]\nchanged = subprocess.check_output(\n    [\"git\", \"diff\", \"--name-only\", f\"{base}..{source}\"], text=True\n).splitlines()\nprefixes = (\n    \"skills/sdlc-500-vfy/\",\n    \"tests/skill_vfy/\",\n)\nexact = {\n    \"packages/sdlc_lifecycle/query_vfy.py\",\n    \"packages/sdlc_lifecycle/__init__.py\",\n    \"packages/sdlc_lifecycle/models.py\",\n    \"packages/sdlc_lifecycle/CONTRACT.md\",\n    \"skills/sdlc-status/SKILL.md\",\n    \"skills/sdlc-status/references/contract.md\",\n    \"skills/sdlc-status/references/status-result.schema.json\",\n    \"skills/sdlc-status/scripts/runtime.py\",\n    \"skills/sdlc-status/scripts/vfy_projection.py\",\n    \"tests/evals/run_sdlc_500_vfy_eval.py\",\n    \"tests/evals/sdlc_500_vfy_cases.json\",\n    \"tests/evals/test_sdlc_500_vfy_case_coverage.py\",\n    \"tests/evals/vfy_case_harness.py\",\n    \"tests/evals/vfy_case_harness_hardened.py\",\n    \"tests/system_integration/test_external_vfy_integration.py\",\n    \"tests/skill_imp/test_lifecycle.py\",\n    \"tests/skill_status/test_imp.py\",\n    \"tools/validate_sdlc_500_vfy_case_coverage.py\",\n    \"tools/validate_sdlc_500_vfy_source_lock.py\",\n    \"tools/test_sdlc_500_vfy_runtime_independence.py\",\n    \"tools/review_sdlc_500_vfy_implementation.py\",\n    \"tools/run_external_vfy_integration.py\",\n    \"tools/run_vfy_delivery_validation.py\",\n}\nunknown = [name for name in changed if name not in exact and not name.startswith(prefixes)]\nforbidden = [\n    name for name in changed\n    if name.startswith(\".github/\")\n    or \"sdlc-600-rls\" in name\n    or \"/skill_rls/\" in name\n    or name.startswith(\"tests/skill_rls/\")\n    or (name.startswith(\"tools/\") and \"rls\" in Path(name).name.lower())\n    or \"/evidence/\" in name\n]\nif unknown:\n    raise SystemExit(\"unknown Subject paths: \" + \", \".join(unknown))\nif forbidden:\n    raise SystemExit(\"forbidden Workflow/RLS/Evidence paths: \" + \", \".join(forbidden))\nprint(f\"WHITELIST={len(changed)} NO_WORKFLOW_RLS_EVIDENCE=PASS\")",
        "638e27221b13d74208b54f78530cf338f67879af",
        "5ea3ba9aa7288021c4d99b14cff76ec0fc405841"
      ],
      "cwd": ".",
      "duration_ms": 31,
      "exit_code": 0,
      "finished_at": "2026-09-05T01:51:12Z",
      "name": "quick__subject_path_whitelist",
      "source_sha": "5ea3ba9aa7288021c4d99b14cff76ec0fc405841",
      "started_at": "2026-09-05T01:51:12Z",
      "status": "PASS",
      "stderr_log": "attest-logs/quick__subject_path_whitelist-attempt-1.stderr.log",
      "stderr_sha256": "sha256:e3b0c44298fc1c149afbf4c8996fb92427ae41e4649b934ca495991b7852b855",
      "stdout_log": "attest-logs/quick__subject_path_whitelist-attempt-1.stdout.log",
      "stdout_sha256": "sha256:5c0b6adfbd6d8827f1c7fe710d1c45c1c097d2a105b6b86987c91001c49284e7"
    },
    {
      "attempts": [
        {
          "attempt": 1,
          "delay_before_seconds": 0,
          "duration_ms": 7,
          "exit_code": 0,
          "finished_at": "2026-09-05T01:51:12Z",
          "started_at": "2026-09-05T01:51:12Z",
          "stderr_log": "attest-logs/quick__design_authority_bytes-attempt-1.stderr.log",
          "stderr_sha256": "sha256:e3b0c44298fc1c149afbf4c8996fb92427ae41e4649b934ca495991b7852b855",
          "stdout_log": "attest-logs/quick__design_authority_bytes-attempt-1.stdout.log",
          "stdout_sha256": "sha256:e3b0c44298fc1c149afbf4c8996fb92427ae41e4649b934ca495991b7852b855",
          "transient_network_failure": false
        }
      ],
      "base_sha": "638e27221b13d74208b54f78530cf338f67879af",
      "command": [
        "git",
        "diff",
        "--quiet",
        "638e27221b13d74208b54f78530cf338f67879af..5ea3ba9aa7288021c4d99b14cff76ec0fc405841",
        "--",
        "docs/plugin-development/work-items/sdlc-500-vfy/DESIGN.md",
        "docs/plugin-development/work-items/sdlc-500-vfy/EVAL-PLAN.md",
        "docs/plugin-development/work-items/sdlc-500-vfy/goal"
      ],
      "cwd": ".",
      "duration_ms": 7,
      "exit_code": 0,
      "finished_at": "2026-09-05T01:51:12Z",
      "name": "quick__design_authority_bytes",
      "source_sha": "5ea3ba9aa7288021c4d99b14cff76ec0fc405841",
      "started_at": "2026-09-05T01:51:12Z",
      "status": "PASS",
      "stderr_log": "attest-logs/quick__design_authority_bytes-attempt-1.stderr.log",
      "stderr_sha256": "sha256:e3b0c44298fc1c149afbf4c8996fb92427ae41e4649b934ca495991b7852b855",
      "stdout_log": "attest-logs/quick__design_authority_bytes-attempt-1.stdout.log",
      "stdout_sha256": "sha256:e3b0c44298fc1c149afbf4c8996fb92427ae41e4649b934ca495991b7852b855"
    },
    {
      "attempts": [
        {
          "attempt": 1,
          "delay_before_seconds": 0,
          "duration_ms": 13640,
          "exit_code": 0,
          "finished_at": "2026-09-05T01:51:25Z",
          "started_at": "2026-09-05T01:51:12Z",
          "stderr_log": "attest-logs/phase__vfy_suite-attempt-1.stderr.log",
          "stderr_sha256": "sha256:73bf97558a6b28708a09b8ebf6e383fd876faefe1c1b6000bedc7ab3ec75227a",
          "stdout_log": "attest-logs/phase__vfy_suite-attempt-1.stdout.log",
          "stdout_sha256": "sha256:e3b0c44298fc1c149afbf4c8996fb92427ae41e4649b934ca495991b7852b855",
          "transient_network_failure": false
        }
      ],
      "base_sha": "638e27221b13d74208b54f78530cf338f67879af",
      "command": [
        "/opt/homebrew/opt/python@3.14/bin/python3.14",
        "-m",
        "unittest",
        "discover",
        "-s",
        "tests/skill_vfy",
        "-p",
        "test_*.py"
      ],
      "cwd": ".",
      "duration_ms": 13640,
      "exit_code": 0,
      "finished_at": "2026-09-05T01:51:25Z",
      "name": "phase__vfy_suite",
      "source_sha": "5ea3ba9aa7288021c4d99b14cff76ec0fc405841",
      "started_at": "2026-09-05T01:51:12Z",
      "status": "PASS",
      "stderr_log": "attest-logs/phase__vfy_suite-attempt-1.stderr.log",
      "stderr_sha256": "sha256:73bf97558a6b28708a09b8ebf6e383fd876faefe1c1b6000bedc7ab3ec75227a",
      "stdout_log": "attest-logs/phase__vfy_suite-attempt-1.stdout.log",
      "stdout_sha256": "sha256:e3b0c44298fc1c149afbf4c8996fb92427ae41e4649b934ca495991b7852b855"
    },
    {
      "attempts": [
        {
          "attempt": 1,
          "delay_before_seconds": 0,
          "duration_ms": 4360,
          "exit_code": 0,
          "finished_at": "2026-09-05T01:51:30Z",
          "started_at": "2026-09-05T01:51:25Z",
          "stderr_log": "attest-logs/phase__fixed_eval_80-attempt-1.stderr.log",
          "stderr_sha256": "sha256:e3b0c44298fc1c149afbf4c8996fb92427ae41e4649b934ca495991b7852b855",
          "stdout_log": "attest-logs/phase__fixed_eval_80-attempt-1.stdout.log",
          "stdout_sha256": "sha256:b26e84ddc78b11419c3704cf880378bdfee2605029109d0f6b941655c13b31ae",
          "transient_network_failure": false
        }
      ],
      "base_sha": "638e27221b13d74208b54f78530cf338f67879af",
      "command": [
        "/opt/homebrew/opt/python@3.14/bin/python3.14",
        "tests/evals/run_sdlc_500_vfy_eval.py",
        "--json-out",
        "/private/tmp/vfy-web007-validation/5ea3ba9/attest-fixed-eval.json"
      ],
      "cwd": ".",
      "duration_ms": 4360,
      "exit_code": 0,
      "finished_at": "2026-09-05T01:51:30Z",
      "name": "phase__fixed_eval_80",
      "source_sha": "5ea3ba9aa7288021c4d99b14cff76ec0fc405841",
      "started_at": "2026-09-05T01:51:25Z",
      "status": "PASS",
      "stderr_log": "attest-logs/phase__fixed_eval_80-attempt-1.stderr.log",
      "stderr_sha256": "sha256:e3b0c44298fc1c149afbf4c8996fb92427ae41e4649b934ca495991b7852b855",
      "stdout_log": "attest-logs/phase__fixed_eval_80-attempt-1.stdout.log",
      "stdout_sha256": "sha256:b26e84ddc78b11419c3704cf880378bdfee2605029109d0f6b941655c13b31ae"
    },
    {
      "attempts": [
        {
          "attempt": 1,
          "delay_before_seconds": 0,
          "duration_ms": 12767,
          "exit_code": 0,
          "finished_at": "2026-09-05T01:51:42Z",
          "started_at": "2026-09-05T01:51:30Z",
          "stderr_log": "attest-logs/phase__lifecycle_status_regression-attempt-1.stderr.log",
          "stderr_sha256": "sha256:292e6a3a1ed7b67550610917161b5aa72f63cc6cdf5fd56673d2b243062b2212",
          "stdout_log": "attest-logs/phase__lifecycle_status_regression-attempt-1.stdout.log",
          "stdout_sha256": "sha256:e3b0c44298fc1c149afbf4c8996fb92427ae41e4649b934ca495991b7852b855",
          "transient_network_failure": false
        }
      ],
      "base_sha": "638e27221b13d74208b54f78530cf338f67879af",
      "command": [
        "/opt/homebrew/opt/python@3.14/bin/python3.14",
        "-m",
        "unittest",
        "tests.skill_vfy.test_lifecycle",
        "tests.skill_imp.test_lifecycle",
        "tests.skill_status.test_imp"
      ],
      "cwd": ".",
      "duration_ms": 12767,
      "exit_code": 0,
      "finished_at": "2026-09-05T01:51:42Z",
      "name": "phase__lifecycle_status_regression",
      "source_sha": "5ea3ba9aa7288021c4d99b14cff76ec0fc405841",
      "started_at": "2026-09-05T01:51:30Z",
      "status": "PASS",
      "stderr_log": "attest-logs/phase__lifecycle_status_regression-attempt-1.stderr.log",
      "stderr_sha256": "sha256:292e6a3a1ed7b67550610917161b5aa72f63cc6cdf5fd56673d2b243062b2212",
      "stdout_log": "attest-logs/phase__lifecycle_status_regression-attempt-1.stdout.log",
      "stdout_sha256": "sha256:e3b0c44298fc1c149afbf4c8996fb92427ae41e4649b934ca495991b7852b855"
    },
    {
      "attempts": [
        {
          "attempt": 1,
          "delay_before_seconds": 0,
          "duration_ms": 26,
          "exit_code": 0,
          "finished_at": "2026-09-05T01:51:42Z",
          "started_at": "2026-09-05T01:51:42Z",
          "stderr_log": "attest-logs/full__skill_interface-attempt-1.stderr.log",
          "stderr_sha256": "sha256:e3b0c44298fc1c149afbf4c8996fb92427ae41e4649b934ca495991b7852b855",
          "stdout_log": "attest-logs/full__skill_interface-attempt-1.stdout.log",
          "stdout_sha256": "sha256:00c0ad6f817f38f52e379bc9d5dd839f3125f09f5d65490df2e5233b9fbf5a06",
          "transient_network_failure": false
        }
      ],
      "base_sha": "638e27221b13d74208b54f78530cf338f67879af",
      "command": [
        "/opt/homebrew/opt/python@3.14/bin/python3.14",
        "tools/validate_skill_interfaces.py"
      ],
      "cwd": ".",
      "duration_ms": 26,
      "exit_code": 0,
      "finished_at": "2026-09-05T01:51:42Z",
      "name": "full__skill_interface",
      "source_sha": "5ea3ba9aa7288021c4d99b14cff76ec0fc405841",
      "started_at": "2026-09-05T01:51:42Z",
      "status": "PASS",
      "stderr_log": "attest-logs/full__skill_interface-attempt-1.stderr.log",
      "stderr_sha256": "sha256:e3b0c44298fc1c149afbf4c8996fb92427ae41e4649b934ca495991b7852b855",
      "stdout_log": "attest-logs/full__skill_interface-attempt-1.stdout.log",
      "stdout_sha256": "sha256:00c0ad6f817f38f52e379bc9d5dd839f3125f09f5d65490df2e5233b9fbf5a06"
    },
    {
      "attempts": [
        {
          "attempt": 1,
          "delay_before_seconds": 0,
          "duration_ms": 39,
          "exit_code": 0,
          "finished_at": "2026-09-05T01:51:42Z",
          "started_at": "2026-09-05T01:51:42Z",
          "stderr_log": "attest-logs/full__final_source_lock-attempt-1.stderr.log",
          "stderr_sha256": "sha256:e3b0c44298fc1c149afbf4c8996fb92427ae41e4649b934ca495991b7852b855",
          "stdout_log": "attest-logs/full__final_source_lock-attempt-1.stdout.log",
          "stdout_sha256": "sha256:50474aa9829754d5102353995342cf825a456275a0e04c8ba2daeba44bd8c55d",
          "transient_network_failure": false
        }
      ],
      "base_sha": "638e27221b13d74208b54f78530cf338f67879af",
      "command": [
        "/opt/homebrew/opt/python@3.14/bin/python3.14",
        "tools/validate_sdlc_500_vfy_source_lock.py",
        "--require-final"
      ],
      "cwd": ".",
      "duration_ms": 39,
      "exit_code": 0,
      "finished_at": "2026-09-05T01:51:42Z",
      "name": "full__final_source_lock",
      "source_sha": "5ea3ba9aa7288021c4d99b14cff76ec0fc405841",
      "started_at": "2026-09-05T01:51:42Z",
      "status": "PASS",
      "stderr_log": "attest-logs/full__final_source_lock-attempt-1.stderr.log",
      "stderr_sha256": "sha256:e3b0c44298fc1c149afbf4c8996fb92427ae41e4649b934ca495991b7852b855",
      "stdout_log": "attest-logs/full__final_source_lock-attempt-1.stdout.log",
      "stdout_sha256": "sha256:50474aa9829754d5102353995342cf825a456275a0e04c8ba2daeba44bd8c55d"
    },
    {
      "attempts": [
        {
          "attempt": 1,
          "delay_before_seconds": 0,
          "duration_ms": 3495,
          "exit_code": 0,
          "finished_at": "2026-09-05T01:51:46Z",
          "started_at": "2026-09-05T01:51:42Z",
          "stderr_log": "attest-logs/full__installed_runtime_independence-attempt-1.stderr.log",
          "stderr_sha256": "sha256:e3b0c44298fc1c149afbf4c8996fb92427ae41e4649b934ca495991b7852b855",
          "stdout_log": "attest-logs/full__installed_runtime_independence-attempt-1.stdout.log",
          "stdout_sha256": "sha256:c57d29960582c9b0655c7660573e1ca96ec7f7518bc07df35f25719a636fc007",
          "transient_network_failure": false
        }
      ],
      "base_sha": "638e27221b13d74208b54f78530cf338f67879af",
      "command": [
        "/opt/homebrew/opt/python@3.14/bin/python3.14",
        "tools/test_sdlc_500_vfy_runtime_independence.py"
      ],
      "cwd": ".",
      "duration_ms": 3495,
      "exit_code": 0,
      "finished_at": "2026-09-05T01:51:46Z",
      "name": "full__installed_runtime_independence",
      "source_sha": "5ea3ba9aa7288021c4d99b14cff76ec0fc405841",
      "started_at": "2026-09-05T01:51:42Z",
      "status": "PASS",
      "stderr_log": "attest-logs/full__installed_runtime_independence-attempt-1.stderr.log",
      "stderr_sha256": "sha256:e3b0c44298fc1c149afbf4c8996fb92427ae41e4649b934ca495991b7852b855",
      "stdout_log": "attest-logs/full__installed_runtime_independence-attempt-1.stdout.log",
      "stdout_sha256": "sha256:c57d29960582c9b0655c7660573e1ca96ec7f7518bc07df35f25719a636fc007"
    },
    {
      "attempts": [
        {
          "attempt": 1,
          "delay_before_seconds": 0,
          "duration_ms": 133,
          "exit_code": 0,
          "finished_at": "2026-09-05T01:51:46Z",
          "started_at": "2026-09-05T01:51:46Z",
          "stderr_log": "attest-logs/full__runtime_contract_boundary-attempt-1.stderr.log",
          "stderr_sha256": "sha256:e3b0c44298fc1c149afbf4c8996fb92427ae41e4649b934ca495991b7852b855",
          "stdout_log": "attest-logs/full__runtime_contract_boundary-attempt-1.stdout.log",
          "stdout_sha256": "sha256:d9a6bae01c226a9b018b6ad43f007d724b93984586b0fb878ae5911f03383cec",
          "transient_network_failure": false
        }
      ],
      "base_sha": "638e27221b13d74208b54f78530cf338f67879af",
      "command": [
        "/opt/homebrew/opt/python@3.14/bin/python3.14",
        "tools/validate_runtime_contracts.py"
      ],
      "cwd": ".",
      "duration_ms": 133,
      "exit_code": 0,
      "finished_at": "2026-09-05T01:51:46Z",
      "name": "full__runtime_contract_boundary",
      "source_sha": "5ea3ba9aa7288021c4d99b14cff76ec0fc405841",
      "started_at": "2026-09-05T01:51:46Z",
      "status": "PASS",
      "stderr_log": "attest-logs/full__runtime_contract_boundary-attempt-1.stderr.log",
      "stderr_sha256": "sha256:e3b0c44298fc1c149afbf4c8996fb92427ae41e4649b934ca495991b7852b855",
      "stdout_log": "attest-logs/full__runtime_contract_boundary-attempt-1.stdout.log",
      "stdout_sha256": "sha256:d9a6bae01c226a9b018b6ad43f007d724b93984586b0fb878ae5911f03383cec"
    },
    {
      "attempts": [
        {
          "attempt": 1,
          "delay_before_seconds": 0,
          "duration_ms": 1122,
          "exit_code": 0,
          "finished_at": "2026-09-05T01:51:47Z",
          "started_at": "2026-09-05T01:51:46Z",
          "stderr_log": "attest-logs/full__web_review_guard-attempt-1.stderr.log",
          "stderr_sha256": "sha256:e3b0c44298fc1c149afbf4c8996fb92427ae41e4649b934ca495991b7852b855",
          "stdout_log": "attest-logs/full__web_review_guard-attempt-1.stdout.log",
          "stdout_sha256": "sha256:063320b6e3df0f4b01c07bdc63588491b489807a4d43e0ddc5dd53f777fb8475",
          "transient_network_failure": false
        }
      ],
      "base_sha": "638e27221b13d74208b54f78530cf338f67879af",
      "command": [
        "/opt/homebrew/opt/python@3.14/bin/python3.14",
        "tools/review_sdlc_500_vfy_implementation.py"
      ],
      "cwd": ".",
      "duration_ms": 1122,
      "exit_code": 0,
      "finished_at": "2026-09-05T01:51:47Z",
      "name": "full__web_review_guard",
      "source_sha": "5ea3ba9aa7288021c4d99b14cff76ec0fc405841",
      "started_at": "2026-09-05T01:51:46Z",
      "status": "PASS",
      "stderr_log": "attest-logs/full__web_review_guard-attempt-1.stderr.log",
      "stderr_sha256": "sha256:e3b0c44298fc1c149afbf4c8996fb92427ae41e4649b934ca495991b7852b855",
      "stdout_log": "attest-logs/full__web_review_guard-attempt-1.stdout.log",
      "stdout_sha256": "sha256:063320b6e3df0f4b01c07bdc63588491b489807a4d43e0ddc5dd53f777fb8475"
    },
    {
      "attempts": [
        {
          "attempt": 1,
          "delay_before_seconds": 0,
          "duration_ms": 72745,
          "exit_code": 0,
          "finished_at": "2026-09-05T01:53:00Z",
          "started_at": "2026-09-05T01:51:47Z",
          "stderr_log": "attest-logs/full__full_repository_regression-attempt-1.stderr.log",
          "stderr_sha256": "sha256:bf9fbebdc7ac60d3c0867ecca226c1104eafafcb8acaf4dc1a6d318450626c92",
          "stdout_log": "attest-logs/full__full_repository_regression-attempt-1.stdout.log",
          "stdout_sha256": "sha256:339370ab9405b46778af9cd91b87462c3b2d99a1b23c65260662b7ac7f176277",
          "transient_network_failure": false
        }
      ],
      "base_sha": "638e27221b13d74208b54f78530cf338f67879af",
      "command": [
        "/opt/homebrew/opt/python@3.14/bin/python3.14",
        "-m",
        "unittest",
        "discover",
        "-s",
        "tests",
        "-p",
        "test_*.py"
      ],
      "cwd": ".",
      "duration_ms": 72745,
      "exit_code": 0,
      "finished_at": "2026-09-05T01:53:00Z",
      "name": "full__full_repository_regression",
      "source_sha": "5ea3ba9aa7288021c4d99b14cff76ec0fc405841",
      "started_at": "2026-09-05T01:51:47Z",
      "status": "PASS",
      "stderr_log": "attest-logs/full__full_repository_regression-attempt-1.stderr.log",
      "stderr_sha256": "sha256:bf9fbebdc7ac60d3c0867ecca226c1104eafafcb8acaf4dc1a6d318450626c92",
      "stdout_log": "attest-logs/full__full_repository_regression-attempt-1.stdout.log",
      "stdout_sha256": "sha256:339370ab9405b46778af9cd91b87462c3b2d99a1b23c65260662b7ac7f176277"
    },
    {
      "attempts": [
        {
          "attempt": 1,
          "delay_before_seconds": 0,
          "duration_ms": 36,
          "exit_code": 0,
          "finished_at": "2026-09-05T01:53:00Z",
          "started_at": "2026-09-05T01:53:00Z",
          "stderr_log": "attest-logs/full__subject_path_whitelist-attempt-1.stderr.log",
          "stderr_sha256": "sha256:e3b0c44298fc1c149afbf4c8996fb92427ae41e4649b934ca495991b7852b855",
          "stdout_log": "attest-logs/full__subject_path_whitelist-attempt-1.stdout.log",
          "stdout_sha256": "sha256:5c0b6adfbd6d8827f1c7fe710d1c45c1c097d2a105b6b86987c91001c49284e7",
          "transient_network_failure": false
        }
      ],
      "base_sha": "638e27221b13d74208b54f78530cf338f67879af",
      "command": [
        "/opt/homebrew/opt/python@3.14/bin/python3.14",
        "-c",
        "from pathlib import Path\nimport subprocess\nimport sys\n\nbase, source = sys.argv[1:3]\nchanged = subprocess.check_output(\n    [\"git\", \"diff\", \"--name-only\", f\"{base}..{source}\"], text=True\n).splitlines()\nprefixes = (\n    \"skills/sdlc-500-vfy/\",\n    \"tests/skill_vfy/\",\n)\nexact = {\n    \"packages/sdlc_lifecycle/query_vfy.py\",\n    \"packages/sdlc_lifecycle/__init__.py\",\n    \"packages/sdlc_lifecycle/models.py\",\n    \"packages/sdlc_lifecycle/CONTRACT.md\",\n    \"skills/sdlc-status/SKILL.md\",\n    \"skills/sdlc-status/references/contract.md\",\n    \"skills/sdlc-status/references/status-result.schema.json\",\n    \"skills/sdlc-status/scripts/runtime.py\",\n    \"skills/sdlc-status/scripts/vfy_projection.py\",\n    \"tests/evals/run_sdlc_500_vfy_eval.py\",\n    \"tests/evals/sdlc_500_vfy_cases.json\",\n    \"tests/evals/test_sdlc_500_vfy_case_coverage.py\",\n    \"tests/evals/vfy_case_harness.py\",\n    \"tests/evals/vfy_case_harness_hardened.py\",\n    \"tests/system_integration/test_external_vfy_integration.py\",\n    \"tests/skill_imp/test_lifecycle.py\",\n    \"tests/skill_status/test_imp.py\",\n    \"tools/validate_sdlc_500_vfy_case_coverage.py\",\n    \"tools/validate_sdlc_500_vfy_source_lock.py\",\n    \"tools/test_sdlc_500_vfy_runtime_independence.py\",\n    \"tools/review_sdlc_500_vfy_implementation.py\",\n    \"tools/run_external_vfy_integration.py\",\n    \"tools/run_vfy_delivery_validation.py\",\n}\nunknown = [name for name in changed if name not in exact and not name.startswith(prefixes)]\nforbidden = [\n    name for name in changed\n    if name.startswith(\".github/\")\n    or \"sdlc-600-rls\" in name\n    or \"/skill_rls/\" in name\n    or name.startswith(\"tests/skill_rls/\")\n    or (name.startswith(\"tools/\") and \"rls\" in Path(name).name.lower())\n    or \"/evidence/\" in name\n]\nif unknown:\n    raise SystemExit(\"unknown Subject paths: \" + \", \".join(unknown))\nif forbidden:\n    raise SystemExit(\"forbidden Workflow/RLS/Evidence paths: \" + \", \".join(forbidden))\nprint(f\"WHITELIST={len(changed)} NO_WORKFLOW_RLS_EVIDENCE=PASS\")",
        "638e27221b13d74208b54f78530cf338f67879af",
        "5ea3ba9aa7288021c4d99b14cff76ec0fc405841"
      ],
      "cwd": ".",
      "duration_ms": 36,
      "exit_code": 0,
      "finished_at": "2026-09-05T01:53:00Z",
      "name": "full__subject_path_whitelist",
      "source_sha": "5ea3ba9aa7288021c4d99b14cff76ec0fc405841",
      "started_at": "2026-09-05T01:53:00Z",
      "status": "PASS",
      "stderr_log": "attest-logs/full__subject_path_whitelist-attempt-1.stderr.log",
      "stderr_sha256": "sha256:e3b0c44298fc1c149afbf4c8996fb92427ae41e4649b934ca495991b7852b855",
      "stdout_log": "attest-logs/full__subject_path_whitelist-attempt-1.stdout.log",
      "stdout_sha256": "sha256:5c0b6adfbd6d8827f1c7fe710d1c45c1c097d2a105b6b86987c91001c49284e7"
    },
    {
      "attempts": [
        {
          "attempt": 1,
          "delay_before_seconds": 0,
          "duration_ms": 7,
          "exit_code": 0,
          "finished_at": "2026-09-05T01:53:00Z",
          "started_at": "2026-09-05T01:53:00Z",
          "stderr_log": "attest-logs/full__design_authority_bytes-attempt-1.stderr.log",
          "stderr_sha256": "sha256:e3b0c44298fc1c149afbf4c8996fb92427ae41e4649b934ca495991b7852b855",
          "stdout_log": "attest-logs/full__design_authority_bytes-attempt-1.stdout.log",
          "stdout_sha256": "sha256:e3b0c44298fc1c149afbf4c8996fb92427ae41e4649b934ca495991b7852b855",
          "transient_network_failure": false
        }
      ],
      "base_sha": "638e27221b13d74208b54f78530cf338f67879af",
      "command": [
        "git",
        "diff",
        "--quiet",
        "638e27221b13d74208b54f78530cf338f67879af..5ea3ba9aa7288021c4d99b14cff76ec0fc405841",
        "--",
        "docs/plugin-development/work-items/sdlc-500-vfy/DESIGN.md",
        "docs/plugin-development/work-items/sdlc-500-vfy/EVAL-PLAN.md",
        "docs/plugin-development/work-items/sdlc-500-vfy/goal"
      ],
      "cwd": ".",
      "duration_ms": 7,
      "exit_code": 0,
      "finished_at": "2026-09-05T01:53:00Z",
      "name": "full__design_authority_bytes",
      "source_sha": "5ea3ba9aa7288021c4d99b14cff76ec0fc405841",
      "started_at": "2026-09-05T01:53:00Z",
      "status": "PASS",
      "stderr_log": "attest-logs/full__design_authority_bytes-attempt-1.stderr.log",
      "stderr_sha256": "sha256:e3b0c44298fc1c149afbf4c8996fb92427ae41e4649b934ca495991b7852b855",
      "stdout_log": "attest-logs/full__design_authority_bytes-attempt-1.stdout.log",
      "stdout_sha256": "sha256:e3b0c44298fc1c149afbf4c8996fb92427ae41e4649b934ca495991b7852b855"
    },
    {
      "attempts": [
        {
          "attempt": 1,
          "delay_before_seconds": 0,
          "duration_ms": 18458,
          "exit_code": 0,
          "finished_at": "2026-09-05T01:53:18Z",
          "started_at": "2026-09-05T01:53:00Z",
          "stderr_log": "attest-logs/external__two_exact_external_projects-attempt-1.stderr.log",
          "stderr_sha256": "sha256:e3b0c44298fc1c149afbf4c8996fb92427ae41e4649b934ca495991b7852b855",
          "stdout_log": "attest-logs/external__two_exact_external_projects-attempt-1.stdout.log",
          "stdout_sha256": "sha256:3cf8da13c2350a1b603ae5e64c9a84fd06c491cae12556210999ca7dc30a67d4",
          "transient_network_failure": false
        }
      ],
      "base_sha": "638e27221b13d74208b54f78530cf338f67879af",
      "command": [
        "/opt/homebrew/opt/python@3.14/bin/python3.14",
        "tools/run_external_vfy_integration.py",
        "--source-sha",
        "5ea3ba9aa7288021c4d99b14cff76ec0fc405841",
        "--base-sha",
        "638e27221b13d74208b54f78530cf338f67879af",
        "--json-out",
        "/private/tmp/vfy-web007-validation/5ea3ba9/attest-real-projects.json",
        "--log-out",
        "/private/tmp/vfy-web007-validation/5ea3ba9/attest-real-projects.log"
      ],
      "cwd": ".",
      "duration_ms": 18458,
      "exit_code": 0,
      "finished_at": "2026-09-05T01:53:18Z",
      "name": "external__two_exact_external_projects",
      "source_sha": "5ea3ba9aa7288021c4d99b14cff76ec0fc405841",
      "started_at": "2026-09-05T01:53:00Z",
      "status": "PASS",
      "stderr_log": "attest-logs/external__two_exact_external_projects-attempt-1.stderr.log",
      "stderr_sha256": "sha256:e3b0c44298fc1c149afbf4c8996fb92427ae41e4649b934ca495991b7852b855",
      "stdout_log": "attest-logs/external__two_exact_external_projects-attempt-1.stdout.log",
      "stdout_sha256": "sha256:3cf8da13c2350a1b603ae5e64c9a84fd06c491cae12556210999ca7dc30a67d4"
    },
    {
      "attempts": [
        {
          "attempt": 1,
          "delay_before_seconds": 0,
          "duration_ms": 21,
          "exit_code": 0,
          "finished_at": "2026-09-05T01:53:18Z",
          "started_at": "2026-09-05T01:53:18Z",
          "stderr_log": "attest-logs/independent_review-attempt-1.stderr.log",
          "stderr_sha256": "sha256:e3b0c44298fc1c149afbf4c8996fb92427ae41e4649b934ca495991b7852b855",
          "stdout_log": "attest-logs/independent_review-attempt-1.stdout.log",
          "stdout_sha256": "sha256:1e58b201f6ca2eab9ad29de08086a2b8a38b5ec843a3df3a0a89442934134af8",
          "transient_network_failure": false
        }
      ],
      "base_sha": "638e27221b13d74208b54f78530cf338f67879af",
      "command": [
        "/opt/homebrew/opt/python@3.14/bin/python3.14",
        "-c",
        "from pathlib import Path\nimport sys\n\npath = Path(sys.argv[1])\nsource, base = sys.argv[2:4]\nif not path.is_file():\n    raise SystemExit(f\"missing independent review: {path}\")\ntext = path.read_text(encoding=\"utf-8\")\nrequired = (\n    \"VFY_DESIGN_REVIEW = PASS\",\n    f\"Implementation Subject SHA = {source}\",\n    f\"Design Head SHA = {base}\",\n    \"Blocker = 0\",\n    \"Major = 0\",\n)\nmissing = [item for item in required if item not in text]\nif missing:\n    raise SystemExit(\"independent review is incomplete: \" + \", \".join(missing))\nprint(\"INDEPENDENT_REVIEW=PASS Blocker=0 Major=0\")",
        "/private/tmp/vfy-web007-validation/5ea3ba9/vfy-design-review.md",
        "5ea3ba9aa7288021c4d99b14cff76ec0fc405841",
        "638e27221b13d74208b54f78530cf338f67879af"
      ],
      "cwd": ".",
      "duration_ms": 21,
      "exit_code": 0,
      "finished_at": "2026-09-05T01:53:18Z",
      "name": "independent_review",
      "source_sha": "5ea3ba9aa7288021c4d99b14cff76ec0fc405841",
      "started_at": "2026-09-05T01:53:18Z",
      "status": "PASS",
      "stderr_log": "attest-logs/independent_review-attempt-1.stderr.log",
      "stderr_sha256": "sha256:e3b0c44298fc1c149afbf4c8996fb92427ae41e4649b934ca495991b7852b855",
      "stdout_log": "attest-logs/independent_review-attempt-1.stdout.log",
      "stdout_sha256": "sha256:1e58b201f6ca2eab9ad29de08086a2b8a38b5ec843a3df3a0a89442934134af8"
    }
  ],
  "contract": "sdlc-ai-spec/vfy-delivery-validation/v1",
  "duration_ms": 137195,
  "evidence_digest": "sha256:d643eb6a061aff64dd607051fd1f499bb46efe475f7fe2f2e1338ec675a334db",
  "finished_at": "2026-09-05T01:53:19Z",
  "first_failure": null,
  "github_actions_authority": false,
  "integration_mode": "PREMERGE_DIRECT_DESIGN_ANCESTRY",
  "main_modified": false,
  "missing_is_skip": false,
  "postflight": {
    "branch": "DETACHED",
    "clean": true,
    "head": "5ea3ba9aa7288021c4d99b14cff76ec0fc405841",
    "local_main_sha": "3a2f13082fe2f661081ded74e45f860da2046bd1",
    "origin_design_head": "638e27221b13d74208b54f78530cf338f67879af",
    "origin_main_sha": "3a2f13082fe2f661081ded74e45f860da2046bd1",
    "parent": "638e27221b13d74208b54f78530cf338f67879af",
    "subject": "feat(vfy): implement deterministic verification phase",
    "tree": "d1ec752587e296a80adf611ce5057cb14917c837"
  },
  "preflight": {
    "branch": "DETACHED",
    "clean": true,
    "head": "5ea3ba9aa7288021c4d99b14cff76ec0fc405841",
    "local_main_sha": "3a2f13082fe2f661081ded74e45f860da2046bd1",
    "origin_design_head": "638e27221b13d74208b54f78530cf338f67879af",
    "origin_main_sha": "3a2f13082fe2f661081ded74e45f860da2046bd1",
    "parent": "638e27221b13d74208b54f78530cf338f67879af",
    "subject": "feat(vfy): implement deterministic verification phase",
    "tree": "d1ec752587e296a80adf611ce5057cb14917c837"
  },
  "profile": "attest",
  "rls_started": false,
  "source_sha": "5ea3ba9aa7288021c4d99b14cff76ec0fc405841",
  "source_tree": "d1ec752587e296a80adf611ce5057cb14917c837",
  "started_at": "2026-09-05T01:51:01Z",
  "status": "PASS",
  "workflow_created": false
}

source_sha = 5ea3ba9aa7288021c4d99b14cff76ec0fc405841
base_sha = 638e27221b13d74208b54f78530cf338f67879af
{"attempts": [{"attempt": 1, "delay_before_seconds": 0, "duration_ms": 9, "exit_code": 0, "finished_at": "2026-09-05T01:51:01Z", "started_at": "2026-09-05T01:51:01Z", "stderr_log": "attest-logs/quick__diff_check-attempt-1.stderr.log", "stderr_sha256": "sha256:e3b0c44298fc1c149afbf4c8996fb92427ae41e4649b934ca495991b7852b855", "stdout_log": "attest-logs/quick__diff_check-attempt-1.stdout.log", "stdout_sha256": "sha256:e3b0c44298fc1c149afbf4c8996fb92427ae41e4649b934ca495991b7852b855", "transient_network_failure": false}], "base_sha": "638e27221b13d74208b54f78530cf338f67879af", "command": ["git", "diff", "--check", "638e27221b13d74208b54f78530cf338f67879af..5ea3ba9aa7288021c4d99b14cff76ec0fc405841"], "cwd": ".", "duration_ms": 9, "exit_code": 0, "finished_at": "2026-09-05T01:51:01Z", "name": "quick__diff_check", "source_sha": "5ea3ba9aa7288021c4d99b14cff76ec0fc405841", "started_at": "2026-09-05T01:51:01Z", "status": "PASS", "stderr_log": "attest-logs/quick__diff_check-attempt-1.stderr.log", "stderr_sha256": "sha256:e3b0c44298fc1c149afbf4c8996fb92427ae41e4649b934ca495991b7852b855", "stdout_log": "attest-logs/quick__diff_check-attempt-1.stdout.log", "stdout_sha256": "sha256:e3b0c44298fc1c149afbf4c8996fb92427ae41e4649b934ca495991b7852b855"}
STDOUT

STDERR
source_sha = 5ea3ba9aa7288021c4d99b14cff76ec0fc405841
base_sha = 638e27221b13d74208b54f78530cf338f67879af
{"attempts": [{"attempt": 1, "delay_before_seconds": 0, "duration_ms": 170, "exit_code": 0, "finished_at": "2026-09-05T01:51:02Z", "started_at": "2026-09-05T01:51:01Z", "stderr_log": "attest-logs/quick__python_syntax_import-attempt-1.stderr.log", "stderr_sha256": "sha256:e3b0c44298fc1c149afbf4c8996fb92427ae41e4649b934ca495991b7852b855", "stdout_log": "attest-logs/quick__python_syntax_import-attempt-1.stdout.log", "stdout_sha256": "sha256:f902f348caedb3413c66ca1555d677d863df7672c5c60910e6f0ad62a4452523", "transient_network_failure": false}], "base_sha": "638e27221b13d74208b54f78530cf338f67879af", "command": ["/opt/homebrew/opt/python@3.14/bin/python3.14", "-c", "import ast\nimport importlib.util\nfrom pathlib import Path\nimport subprocess\nimport sys\n\nroot = Path.cwd()\nbase, source = sys.argv[1:3]\nchanged = subprocess.check_output(\n    [\"git\", \"diff\", \"--name-only\", f\"{base}..{source}\"], text=True\n).splitlines()\nfiles = [root / name for name in changed if name.endswith(\".py\")]\nfor path in files:\n    if not path.is_file():\n        raise SystemExit(f\"missing changed Python path: {path}\")\n    ast.parse(path.read_text(encoding=\"utf-8\"), filename=str(path))\nscripts = root / \"skills/sdlc-500-vfy/scripts\"\nsys.path[:0] = [str(root), str(scripts)]\nfor path in sorted(scripts.glob(\"vfy_*.py\")):\n    __import__(path.stem)\nruntime = scripts / \"runtime.py\"\nspec = importlib.util.spec_from_file_location(\"vfy_quick_runtime\", runtime)\nif spec is None or spec.loader is None:\n    raise SystemExit(\"VFY Runtime import spec unavailable\")\nmodule = importlib.util.module_from_spec(spec)\nspec.loader.exec_module(module)\nprint(f\"AST={len(files)} VFY_IMPORTS=PASS\")", "638e27221b13d74208b54f78530cf338f67879af", "5ea3ba9aa7288021c4d99b14cff76ec0fc405841"], "cwd": ".", "duration_ms": 170, "exit_code": 0, "finished_at": "2026-09-05T01:51:02Z", "name": "quick__python_syntax_import", "source_sha": "5ea3ba9aa7288021c4d99b14cff76ec0fc405841", "started_at": "2026-09-05T01:51:01Z", "status": "PASS", "stderr_log": "attest-logs/quick__python_syntax_import-attempt-1.stderr.log", "stderr_sha256": "sha256:e3b0c44298fc1c149afbf4c8996fb92427ae41e4649b934ca495991b7852b855", "stdout_log": "attest-logs/quick__python_syntax_import-attempt-1.stdout.log", "stdout_sha256": "sha256:f902f348caedb3413c66ca1555d677d863df7672c5c60910e6f0ad62a4452523"}
STDOUT
AST=59 VFY_IMPORTS=PASS

STDERR
source_sha = 5ea3ba9aa7288021c4d99b14cff76ec0fc405841
base_sha = 638e27221b13d74208b54f78530cf338f67879af
{"attempts": [{"attempt": 1, "delay_before_seconds": 0, "duration_ms": 32, "exit_code": 0, "finished_at": "2026-09-05T01:51:02Z", "started_at": "2026-09-05T01:51:02Z", "stderr_log": "attest-logs/quick__json_parse-attempt-1.stderr.log", "stderr_sha256": "sha256:e3b0c44298fc1c149afbf4c8996fb92427ae41e4649b934ca495991b7852b855", "stdout_log": "attest-logs/quick__json_parse-attempt-1.stdout.log", "stdout_sha256": "sha256:a200bd554c568ec54e306dcd9439ff2be25dc9373787feb6c88be2671a12512e", "transient_network_failure": false}], "base_sha": "638e27221b13d74208b54f78530cf338f67879af", "command": ["/opt/homebrew/opt/python@3.14/bin/python3.14", "-c", "import json\nfrom pathlib import Path\nimport subprocess\nimport sys\n\nroot = Path.cwd()\nbase, source = sys.argv[1:3]\nchanged = subprocess.check_output(\n    [\"git\", \"diff\", \"--name-only\", f\"{base}..{source}\"], text=True\n).splitlines()\nfiles = [root / name for name in changed if name.endswith(\".json\")]\nfor path in files:\n    if not path.is_file():\n        raise SystemExit(f\"missing changed JSON path: {path}\")\n    json.loads(path.read_text(encoding=\"utf-8\"))\nprint(f\"JSON={len(files)} PASS\")", "638e27221b13d74208b54f78530cf338f67879af", "5ea3ba9aa7288021c4d99b14cff76ec0fc405841"], "cwd": ".", "duration_ms": 32, "exit_code": 0, "finished_at": "2026-09-05T01:51:02Z", "name": "quick__json_parse", "source_sha": "5ea3ba9aa7288021c4d99b14cff76ec0fc405841", "started_at": "2026-09-05T01:51:02Z", "status": "PASS", "stderr_log": "attest-logs/quick__json_parse-attempt-1.stderr.log", "stderr_sha256": "sha256:e3b0c44298fc1c149afbf4c8996fb92427ae41e4649b934ca495991b7852b855", "stdout_log": "attest-logs/quick__json_parse-attempt-1.stdout.log", "stdout_sha256": "sha256:a200bd554c568ec54e306dcd9439ff2be25dc9373787feb6c88be2671a12512e"}
STDOUT
JSON=5 PASS

STDERR
source_sha = 5ea3ba9aa7288021c4d99b14cff76ec0fc405841
base_sha = 638e27221b13d74208b54f78530cf338f67879af
{"attempts": [{"attempt": 1, "delay_before_seconds": 0, "duration_ms": 23, "exit_code": 0, "finished_at": "2026-09-05T01:51:02Z", "started_at": "2026-09-05T01:51:02Z", "stderr_log": "attest-logs/quick__skill_interface-attempt-1.stderr.log", "stderr_sha256": "sha256:e3b0c44298fc1c149afbf4c8996fb92427ae41e4649b934ca495991b7852b855", "stdout_log": "attest-logs/quick__skill_interface-attempt-1.stdout.log", "stdout_sha256": "sha256:00c0ad6f817f38f52e379bc9d5dd839f3125f09f5d65490df2e5233b9fbf5a06", "transient_network_failure": false}], "base_sha": "638e27221b13d74208b54f78530cf338f67879af", "command": ["/opt/homebrew/opt/python@3.14/bin/python3.14", "tools/validate_skill_interfaces.py"], "cwd": ".", "duration_ms": 23, "exit_code": 0, "finished_at": "2026-09-05T01:51:02Z", "name": "quick__skill_interface", "source_sha": "5ea3ba9aa7288021c4d99b14cff76ec0fc405841", "started_at": "2026-09-05T01:51:02Z", "status": "PASS", "stderr_log": "attest-logs/quick__skill_interface-attempt-1.stderr.log", "stderr_sha256": "sha256:e3b0c44298fc1c149afbf4c8996fb92427ae41e4649b934ca495991b7852b855", "stdout_log": "attest-logs/quick__skill_interface-attempt-1.stdout.log", "stdout_sha256": "sha256:00c0ad6f817f38f52e379bc9d5dd839f3125f09f5d65490df2e5233b9fbf5a06"}
STDOUT
skill interface validation: PASS
formal skills: 7
interface contract: sdlc-ai-spec/runtime/skill-interface/v1
authority source locks: unchanged

STDERR
source_sha = 5ea3ba9aa7288021c4d99b14cff76ec0fc405841
base_sha = 638e27221b13d74208b54f78530cf338f67879af
{"attempts": [{"attempt": 1, "delay_before_seconds": 0, "duration_ms": 38, "exit_code": 0, "finished_at": "2026-09-05T01:51:02Z", "started_at": "2026-09-05T01:51:02Z", "stderr_log": "attest-logs/quick__source_lock_structure-attempt-1.stderr.log", "stderr_sha256": "sha256:e3b0c44298fc1c149afbf4c8996fb92427ae41e4649b934ca495991b7852b855", "stdout_log": "attest-logs/quick__source_lock_structure-attempt-1.stdout.log", "stdout_sha256": "sha256:ade22f1e9f61cecfbc09143ea7db8b0d6edbbd21ae32e160e6ecc298ae0aeea4", "transient_network_failure": false}], "base_sha": "638e27221b13d74208b54f78530cf338f67879af", "command": ["/opt/homebrew/opt/python@3.14/bin/python3.14", "tools/validate_sdlc_500_vfy_source_lock.py"], "cwd": ".", "duration_ms": 38, "exit_code": 0, "finished_at": "2026-09-05T01:51:02Z", "name": "quick__source_lock_structure", "source_sha": "5ea3ba9aa7288021c4d99b14cff76ec0fc405841", "started_at": "2026-09-05T01:51:02Z", "status": "PASS", "stderr_log": "attest-logs/quick__source_lock_structure-attempt-1.stderr.log", "stderr_sha256": "sha256:e3b0c44298fc1c149afbf4c8996fb92427ae41e4649b934ca495991b7852b855", "stdout_log": "attest-logs/quick__source_lock_structure-attempt-1.stdout.log", "stdout_sha256": "sha256:ade22f1e9f61cecfbc09143ea7db8b0d6edbbd21ae32e160e6ecc298ae0aeea4"}
STDOUT
{
  "contract": "sdlc-ai-spec/vfy-source-lock-validation/v1",
  "contract_count": 18,
  "contracts": [
    {
      "contract_id": "sdlc-ai-spec/runtime/artifact-store/v1",
      "path": "packages/sdlc_artifact_store/CONTRACT.md",
      "sha256": "500f2d327dfd734974d73eda2857ca2e3663ceaf6f8c48a92b925612cf25fc81"
    },
    {
      "contract_id": "sdlc-ai-spec/runtime/artifact/v1",
      "path": "skills/_shared/contracts/artifact-runtime.md",
      "sha256": "8e86f76153d6e7309647daa4edbdd05c0083c2ddda135279d35bd98f40a17f3c"
    },
    {
      "contract_id": "sdlc-ai-spec/runtime/imp-claim/v1",
      "path": "packages/sdlc_claim_provider/CONTRACT.md",
      "sha256": "0330e6dd7584362286692dd46128671809cf8892dc107458881873ffab82d8c9"
    },
    {
      "contract_id": "sdlc-ai-spec/runtime/kernel/v1",
      "path": "packages/sdlc_runtime/CONTRACT.md",
      "sha256": "9614a4fdc0e475b2c740d3b49908778d022065abc0d93e609eea534d379a54b7"
    },
    {
      "contract_id": "sdlc-ai-spec/runtime/lifecycle/v1",
      "path": "packages/sdlc_lifecycle/CONTRACT.md",
      "sha256": "08b2afa9daaee4ea87694472ee473a26c350493d3a5f14c5e9d02500b3aaffc7"
    },
    {
      "contract_id": "sdlc-ai-spec/runtime/phase/v1",
      "path": "skills/_shared/contracts/phase-runtime.md",
      "sha256": "0ef203f6de99f055cbf2e9c06f927ea827be31ad3b700d2c2760e4cc42c76eb3"
    },
    {
      "contract_id": "sdlc-ai-spec/runtime/resource-result/v1",
      "path": "packages/sdlc_resource/CONTRACT.md",
      "sha256": "d62486d80f308e7b7ef7459f79894d7f77defccd71e0349f6d8eb0b539a52d20"
    },
    {
      "contract_id": "sdlc-ai-spec/runtime/skill-execution/v1",
      "path": "skills/_shared/contracts/skill-execution.md",
      "sha256": "b05f03cc1987c9eed431040e2f5626880cbc07e44e5a9c48d93fdbc8cd352bc7"
    },
    {
      "contract_id": "sdlc-ai-spec/runtime/skill-inputs/v1",
      "path": "skills/_shared/contracts/skill-inputs.md",
      "sha256": "cf36e527a1b51887059889c4122d1b182dbc6e64a79037f3a217095a5b37782f"
    },
    {
      "contract_id": "sdlc-ai-spec/runtime/skill-interface/v1",
      "path": "skills/_shared/contracts/skill-interface.md",
      "sha256": "3ac6ee7bf0599b8dd5930fc6a65a2623b7dea5238b7231de62a362545d526163"
    },
    {
      "contract_id": "sdlc-ai-spec/runtime/status/v1",
      "path": "skills/sdlc-status/references/contract.md",
      "sha256": "c80f9eea06777d9fb3214cd80bd834eb202853bc1e2bd24e76bc8b1126927f04"
    },
    {
      "contract_id": "sdlc-ai-spec/runtime/vfy-interface/v1",
      "path": "skills/sdlc-500-vfy/references/interface.json",
      "sha256": "ab0929e8cf2c8825359c11295710b69ebe688c22b3fe8f0919f6a42985126e5d"
    },
    {
      "contract_id": "sdlc-ai-spec/runtime/vfy/v1",
      "path": "skills/sdlc-500-vfy/references/contract.md",
      "sha256": "c116153f4cb2f4c222267a1545cd931bfde8c1331fcd38e44d004fee924a9a45"
    },
    {
      "contract_id": "sdlc-ai-spec/schema/status-result/v1",
      "path": "skills/sdlc-status/references/status-result.schema.json",
      "sha256": "8832b5a37ec73259385b86a4fb5808f020fc8b6f8d5737f312b9190726c239e1"
    },
    {
      "contract_id": "sdlc-ai-spec/schema/vfy-release-candidate/v1",
      "path": "skills/sdlc-500-vfy/references/vfy-release-candidate-v1.schema.json",
      "sha256": "15aff25625c2d43c29e62129ea3aaff9ee5ab45dd146eecff2b417e135d98027"
    },
    {
      "contract_id": "sdlc-ai-spec/spec/artifact-store/v1.1",
      "path": "docs/v1.1/artifact-store-spec.md",
      "sha256": "b340ca2a38dfe0f7409acaa8f9ac559e8872bed44725037889528e3d167d4764"
    },
    {
      "contract_id": "sdlc-ai-spec/spec/core/v1.1",
      "path": "docs/v1.1/core-spec.md",
      "sha256": "1eefa7a138f2d221140137a5fac0f5429b7f847273fe9d70e891ace6c3b7a89b"
    },
    {
      "contract_id": "sdlc-ai-spec/spec/vfy/v1.1",
      "path": "skills/sdlc-500-vfy/references/500-vfy-spec.md",
      "sha256": "ea0aa412195b1d9f68b74dc39506e5aae635aa599f9099be3b2780f7508e6aad"
    }
  ],
  "design_source_count": 3,
  "design_sources": [
    {
      "contract_id": "sdlc-ai-spec/spec/artifact-store/v1.1",
      "git_blob": "070e515e2de434dac3b64268ee78b90b4ac8b82a",
      "path": "docs/v1.1/artifact-store-spec.md",
      "sha256": "b340ca2a38dfe0f7409acaa8f9ac559e8872bed44725037889528e3d167d4764"
    },
    {
      "contract_id": "sdlc-ai-spec/spec/core/v1.1",
      "git_blob": "3da47515a44c58d54ef4ec474019c9e57ab694f4",
      "path": "docs/v1.1/core-spec.md",
      "sha256": "1eefa7a138f2d221140137a5fac0f5429b7f847273fe9d70e891ace6c3b7a89b"
    },
    {
      "contract_id": "sdlc-ai-spec/spec/vfy/v1.1",
      "git_blob": "270e1291e450a129d842833b996a75c57d45b58e",
      "path": "docs/v1.1/500-vfy-spec.md",
      "sha256": "ea0aa412195b1d9f68b74dc39506e5aae635aa599f9099be3b2780f7508e6aad"
    }
  ],
  "provisional": false,
  "require_final": false,
  "status": "PASS"
}

STDERR
source_sha = 5ea3ba9aa7288021c4d99b14cff76ec0fc405841
base_sha = 638e27221b13d74208b54f78530cf338f67879af
{"attempts": [{"attempt": 1, "delay_before_seconds": 0, "duration_ms": 4366, "exit_code": 0, "finished_at": "2026-09-05T01:51:06Z", "started_at": "2026-09-05T01:51:02Z", "stderr_log": "attest-logs/quick__critical_case_coverage-attempt-1.stderr.log", "stderr_sha256": "sha256:e3b0c44298fc1c149afbf4c8996fb92427ae41e4649b934ca495991b7852b855", "stdout_log": "attest-logs/quick__critical_case_coverage-attempt-1.stdout.log", "stdout_sha256": "sha256:6d33fba29987ffbcdadedf8ac8c60aef84d85632a06480274278b7242c7c1e08", "transient_network_failure": false}], "base_sha": "638e27221b13d74208b54f78530cf338f67879af", "command": ["/opt/homebrew/opt/python@3.14/bin/python3.14", "tools/validate_sdlc_500_vfy_case_coverage.py"], "cwd": ".", "duration_ms": 4366, "exit_code": 0, "finished_at": "2026-09-05T01:51:06Z", "name": "quick__critical_case_coverage", "source_sha": "5ea3ba9aa7288021c4d99b14cff76ec0fc405841", "started_at": "2026-09-05T01:51:02Z", "status": "PASS", "stderr_log": "attest-logs/quick__critical_case_coverage-attempt-1.stderr.log", "stderr_sha256": "sha256:e3b0c44298fc1c149afbf4c8996fb92427ae41e4649b934ca495991b7852b855", "stdout_log": "attest-logs/quick__critical_case_coverage-attempt-1.stdout.log", "stdout_sha256": "sha256:6d33fba29987ffbcdadedf8ac8c60aef84d85632a06480274278b7242c7c1e08"}
STDOUT
{
  "case_count": 80,
  "contract": "sdlc-ai-spec/vfy-case-coverage-result/v1",
  "executed_primary_tests": 80,
  "expected_failures": 0,
  "harness": "tests/evals/vfy_case_harness.py",
  "oracle_branches": 80,
  "primary_tests": [
    "tests.skill_vfy.test_interface.VfyInterfaceCases.test_vfy_e001",
    "tests.skill_vfy.test_interface.VfyInterfaceCases.test_vfy_e002",
    "tests.skill_vfy.test_interface.VfyInterfaceCases.test_vfy_e003",
    "tests.skill_vfy.test_interface.VfyInterfaceCases.test_vfy_e004",
    "tests.skill_vfy.test_interface.VfyInterfaceCases.test_vfy_e005",
    "tests.skill_vfy.test_interface.VfyInterfaceCases.test_vfy_e006",
    "tests.skill_vfy.test_interface.VfyInterfaceCases.test_vfy_e007",
    "tests.skill_vfy.test_interface.VfyInterfaceCases.test_vfy_e008",
    "tests.skill_vfy.test_interface.VfyInterfaceCases.test_vfy_e009",
    "tests.skill_vfy.test_scope_subject.VfyScopeSubjectCases.test_vfy_e010",
    "tests.skill_vfy.test_scope_subject.VfyScopeSubjectCases.test_vfy_e011",
    "tests.skill_vfy.test_scope_subject.VfyScopeSubjectCases.test_vfy_e012",
    "tests.skill_vfy.test_scope_subject.VfyScopeSubjectCases.test_vfy_e013",
    "tests.skill_vfy.test_scope_subject.VfyScopeSubjectCases.test_vfy_e014",
    "tests.skill_vfy.test_scope_subject.VfyScopeSubjectCases.test_vfy_e015",
    "tests.skill_vfy.test_scope_subject.VfyScopeSubjectCases.test_vfy_e016",
    "tests.skill_vfy.test_scope_subject.VfyScopeSubjectCases.test_vfy_e017",
    "tests.skill_vfy.test_scope_subject.VfyScopeSubjectCases.test_vfy_e018",
    "tests.skill_vfy.test_scope_subject.VfyScopeSubjectCases.test_vfy_e019",
    "tests.skill_vfy.test_targets.VfyTargetCases.test_vfy_e020",
    "tests.skill_vfy.test_targets.VfyTargetCases.test_vfy_e021",
    "tests.skill_vfy.test_targets.VfyTargetCases.test_vfy_e022",
    "tests.skill_vfy.test_targets.VfyTargetCases.test_vfy_e023",
    "tests.skill_vfy.test_targets.VfyTargetCases.test_vfy_e024",
    "tests.skill_vfy.test_targets.VfyTargetCases.test_vfy_e025",
    "tests.skill_vfy.test_methods.VfyMethodCases.test_vfy_e026",
    "tests.skill_vfy.test_methods.VfyMethodCases.test_vfy_e027",
    "tests.skill_vfy.test_methods.VfyMethodCases.test_vfy_e028",
    "tests.skill_vfy.test_methods.VfyMethodCases.test_vfy_e029",
    "tests.skill_vfy.test_methods.VfyMethodCases.test_vfy_e030",
    "tests.skill_vfy.test_methods.VfyMethodCases.test_vfy_e031",
    "tests.skill_vfy.test_methods.VfyMethodCases.test_vfy_e032",
    "tests.skill_vfy.test_methods.VfyMethodCases.test_vfy_e033",
    "tests.skill_vfy.test_methods.VfyMethodCases.test_vfy_e034",
    "tests.skill_vfy.test_methods.VfyMethodCases.test_vfy_e035",
    "tests.skill_vfy.test_methods.VfyMethodCases.test_vfy_e036",
    "tests.skill_vfy.test_methods.VfyMethodCases.test_vfy_e037",
    "tests.skill_vfy.test_methods.VfyMethodCases.test_vfy_e038",
    "tests.skill_vfy.test_methods.VfyMethodCases.test_vfy_e039",
    "tests.skill_vfy.test_methods.VfyMethodCases.test_vfy_e040",
    "tests.skill_vfy.test_executor_evidence.VfyExecutorEvidenceCases.test_vfy_e041",
    "tests.skill_vfy.test_executor_evidence.VfyExecutorEvidenceCases.test_vfy_e042",
    "tests.skill_vfy.test_executor_evidence.VfyExecutorEvidenceCases.test_vfy_e043",
    "tests.skill_vfy.test_executor_evidence.VfyExecutorEvidenceCases.test_vfy_e044",
    "tests.skill_vfy.test_executor_evidence.VfyExecutorEvidenceCases.test_vfy_e045",
    "tests.skill_vfy.test_executor_evidence.VfyExecutorEvidenceCases.test_vfy_e046",
    "tests.skill_vfy.test_executor_evidence.VfyExecutorEvidenceCases.test_vfy_e047",
    "tests.skill_vfy.test_executor_evidence.VfyExecutorEvidenceCases.test_vfy_e048",
    "tests.skill_vfy.test_executor_evidence.VfyExecutorEvidenceCases.test_vfy_e049",
    "tests.skill_vfy.test_executor_evidence.VfyExecutorEvidenceCases.test_vfy_e050",
    "tests.skill_vfy.test_executor_evidence.VfyExecutorEvidenceCases.test_vfy_e051",
    "tests.skill_vfy.test_conclusions_returns.VfyConclusionReturnCases.test_vfy_e052",
    "tests.skill_vfy.test_conclusions_returns.VfyConclusionReturnCases.test_vfy_e053",
    "tests.skill_vfy.test_conclusions_returns.VfyConclusionReturnCases.test_vfy_e054",
    "tests.skill_vfy.test_conclusions_returns.VfyConclusionReturnCases.test_vfy_e055",
    "tests.skill_vfy.test_conclusions_returns.VfyConclusionReturnCases.test_vfy_e056",
    "tests.skill_vfy.test_conclusions_returns.VfyConclusionReturnCases.test_vfy_e057",
    "tests.skill_vfy.test_conclusions_returns.VfyConclusionReturnCases.test_vfy_e058",
    "tests.skill_vfy.test_conclusions_returns.VfyConclusionReturnCases.test_vfy_e059",
    "tests.skill_vfy.test_conclusions_returns.VfyConclusionReturnCases.test_vfy_e060",
    "tests.skill_vfy.test_conclusions_returns.VfyConclusionReturnCases.test_vfy_e061",
    "tests.skill_vfy.test_conclusions_returns.VfyConclusionReturnCases.test_vfy_e062",
    "tests.skill_vfy.test_conclusions_returns.VfyConclusionReturnCases.test_vfy_e063",
    "tests.skill_vfy.test_conclusions_returns.VfyConclusionReturnCases.test_vfy_e064",
    "tests.skill_vfy.test_early_stop.VfyEarlyStopCases.test_vfy_e065",
    "tests.skill_vfy.test_early_stop.VfyEarlyStopCases.test_vfy_e066",
    "tests.skill_vfy.test_early_stop.VfyEarlyStopCases.test_vfy_e067",
    "tests.skill_vfy.test_early_stop.VfyEarlyStopCases.test_vfy_e068",
    "tests.skill_vfy.test_early_stop.VfyEarlyStopCases.test_vfy_e069",
    "tests.skill_vfy.test_early_stop.VfyEarlyStopCases.test_vfy_e070",
    "tests.skill_vfy.test_revision_lifecycle.VfyRevisionLifecycleCases.test_vfy_e071",
    "tests.skill_vfy.test_revision_lifecycle.VfyRevisionLifecycleCases.test_vfy_e072",
    "tests.skill_vfy.test_revision_lifecycle.VfyRevisionLifecycleCases.test_vfy_e073",
    "tests.skill_vfy.test_revision_lifecycle.VfyRevisionLifecycleCases.test_vfy_e074",
    "tests.skill_vfy.test_revision_lifecycle.VfyRevisionLifecycleCases.test_vfy_e075",
    "tests.skill_vfy.test_revision_lifecycle.VfyRevisionLifecycleCases.test_vfy_e076",
    "tests.skill_vfy.test_revision_lifecycle.VfyRevisionLifecycleCases.test_vfy_e077",
    "tests.skill_vfy.test_revision_lifecycle.VfyRevisionLifecycleCases.test_vfy_e078",
    "tests.skill_vfy.test_revision_lifecycle.VfyRevisionLifecycleCases.test_vfy_e079",
    "tests.skill_vfy.test_revision_lifecycle.VfyRevisionLifecycleCases.test_vfy_e080"
  ],
  "registry": "tests/evals/sdlc_500_vfy_cases.json",
  "skipped": 0,
  "status": "PASS",
  "test_modules": [
    "tests/skill_vfy/test_interface.py",
    "tests/skill_vfy/test_scope_subject.py",
    "tests/skill_vfy/test_targets.py",
    "tests/skill_vfy/test_methods.py",
    "tests/skill_vfy/test_executor_evidence.py",
    "tests/skill_vfy/test_conclusions_returns.py",
    "tests/skill_vfy/test_early_stop.py",
    "tests/skill_vfy/test_revision_lifecycle.py"
  ],
  "unique_case_ids": 80,
  "unique_primary_tests": 80
}

STDERR
source_sha = 5ea3ba9aa7288021c4d99b14cff76ec0fc405841
base_sha = 638e27221b13d74208b54f78530cf338f67879af
{"attempts": [{"attempt": 1, "delay_before_seconds": 0, "duration_ms": 4420, "exit_code": 0, "finished_at": "2026-09-05T01:51:10Z", "started_at": "2026-09-05T01:51:06Z", "stderr_log": "attest-logs/quick__focused_deterministic_tests-attempt-1.stderr.log", "stderr_sha256": "sha256:d35bfd119ad5e4d07a54999616d16785002e0fed1123f472fa3267620d6efa78", "stdout_log": "attest-logs/quick__focused_deterministic_tests-attempt-1.stdout.log", "stdout_sha256": "sha256:e3b0c44298fc1c149afbf4c8996fb92427ae41e4649b934ca495991b7852b855", "transient_network_failure": false}], "base_sha": "638e27221b13d74208b54f78530cf338f67879af", "command": ["/opt/homebrew/opt/python@3.14/bin/python3.14", "-m", "unittest", "tests.skill_vfy.test_runtime", "tests.skill_vfy.test_source_lock", "tests.evals.test_sdlc_500_vfy_case_coverage"], "cwd": ".", "duration_ms": 4420, "exit_code": 0, "finished_at": "2026-09-05T01:51:10Z", "name": "quick__focused_deterministic_tests", "source_sha": "5ea3ba9aa7288021c4d99b14cff76ec0fc405841", "started_at": "2026-09-05T01:51:06Z", "status": "PASS", "stderr_log": "attest-logs/quick__focused_deterministic_tests-attempt-1.stderr.log", "stderr_sha256": "sha256:d35bfd119ad5e4d07a54999616d16785002e0fed1123f472fa3267620d6efa78", "stdout_log": "attest-logs/quick__focused_deterministic_tests-attempt-1.stdout.log", "stdout_sha256": "sha256:e3b0c44298fc1c149afbf4c8996fb92427ae41e4649b934ca495991b7852b855"}
STDOUT

STDERR
.............
----------------------------------------------------------------------
Ran 13 tests in 4.184s

OK
source_sha = 5ea3ba9aa7288021c4d99b14cff76ec0fc405841
base_sha = 638e27221b13d74208b54f78530cf338f67879af
{"attempts": [{"attempt": 1, "delay_before_seconds": 0, "duration_ms": 1099, "exit_code": 0, "finished_at": "2026-09-05T01:51:12Z", "started_at": "2026-09-05T01:51:10Z", "stderr_log": "attest-logs/quick__web_review_guard-attempt-1.stderr.log", "stderr_sha256": "sha256:e3b0c44298fc1c149afbf4c8996fb92427ae41e4649b934ca495991b7852b855", "stdout_log": "attest-logs/quick__web_review_guard-attempt-1.stdout.log", "stdout_sha256": "sha256:2d05799302926c250aaba1a21c8679a808d36832f0ff8f181af465d4c25de994", "transient_network_failure": false}], "base_sha": "638e27221b13d74208b54f78530cf338f67879af", "command": ["/opt/homebrew/opt/python@3.14/bin/python3.14", "tools/review_sdlc_500_vfy_implementation.py"], "cwd": ".", "duration_ms": 1099, "exit_code": 0, "finished_at": "2026-09-05T01:51:12Z", "name": "quick__web_review_guard", "source_sha": "5ea3ba9aa7288021c4d99b14cff76ec0fc405841", "started_at": "2026-09-05T01:51:10Z", "status": "PASS", "stderr_log": "attest-logs/quick__web_review_guard-attempt-1.stderr.log", "stderr_sha256": "sha256:e3b0c44298fc1c149afbf4c8996fb92427ae41e4649b934ca495991b7852b855", "stdout_log": "attest-logs/quick__web_review_guard-attempt-1.stdout.log", "stdout_sha256": "sha256:2d05799302926c250aaba1a21c8679a808d36832f0ff8f181af465d4c25de994"}
STDOUT
........
----------------------------------------------------------------------
Ran 8 tests in 0.810s

OK
VFY_IMPLEMENTATION_REVIEW=PASS
VFY-WEB-001..006 structural guards=PASS
VFY-WEB-007 capability/unittest/Formal Eval behavioral guards=PASS

STDERR
source_sha = 5ea3ba9aa7288021c4d99b14cff76ec0fc405841
base_sha = 638e27221b13d74208b54f78530cf338f67879af
{"attempts": [{"attempt": 1, "delay_before_seconds": 0, "duration_ms": 31, "exit_code": 0, "finished_at": "2026-09-05T01:51:12Z", "started_at": "2026-09-05T01:51:12Z", "stderr_log": "attest-logs/quick__subject_path_whitelist-attempt-1.stderr.log", "stderr_sha256": "sha256:e3b0c44298fc1c149afbf4c8996fb92427ae41e4649b934ca495991b7852b855", "stdout_log": "attest-logs/quick__subject_path_whitelist-attempt-1.stdout.log", "stdout_sha256": "sha256:5c0b6adfbd6d8827f1c7fe710d1c45c1c097d2a105b6b86987c91001c49284e7", "transient_network_failure": false}], "base_sha": "638e27221b13d74208b54f78530cf338f67879af", "command": ["/opt/homebrew/opt/python@3.14/bin/python3.14", "-c", "from pathlib import Path\nimport subprocess\nimport sys\n\nbase, source = sys.argv[1:3]\nchanged = subprocess.check_output(\n    [\"git\", \"diff\", \"--name-only\", f\"{base}..{source}\"], text=True\n).splitlines()\nprefixes = (\n    \"skills/sdlc-500-vfy/\",\n    \"tests/skill_vfy/\",\n)\nexact = {\n    \"packages/sdlc_lifecycle/query_vfy.py\",\n    \"packages/sdlc_lifecycle/__init__.py\",\n    \"packages/sdlc_lifecycle/models.py\",\n    \"packages/sdlc_lifecycle/CONTRACT.md\",\n    \"skills/sdlc-status/SKILL.md\",\n    \"skills/sdlc-status/references/contract.md\",\n    \"skills/sdlc-status/references/status-result.schema.json\",\n    \"skills/sdlc-status/scripts/runtime.py\",\n    \"skills/sdlc-status/scripts/vfy_projection.py\",\n    \"tests/evals/run_sdlc_500_vfy_eval.py\",\n    \"tests/evals/sdlc_500_vfy_cases.json\",\n    \"tests/evals/test_sdlc_500_vfy_case_coverage.py\",\n    \"tests/evals/vfy_case_harness.py\",\n    \"tests/evals/vfy_case_harness_hardened.py\",\n    \"tests/system_integration/test_external_vfy_integration.py\",\n    \"tests/skill_imp/test_lifecycle.py\",\n    \"tests/skill_status/test_imp.py\",\n    \"tools/validate_sdlc_500_vfy_case_coverage.py\",\n    \"tools/validate_sdlc_500_vfy_source_lock.py\",\n    \"tools/test_sdlc_500_vfy_runtime_independence.py\",\n    \"tools/review_sdlc_500_vfy_implementation.py\",\n    \"tools/run_external_vfy_integration.py\",\n    \"tools/run_vfy_delivery_validation.py\",\n}\nunknown = [name for name in changed if name not in exact and not name.startswith(prefixes)]\nforbidden = [\n    name for name in changed\n    if name.startswith(\".github/\")\n    or \"sdlc-600-rls\" in name\n    or \"/skill_rls/\" in name\n    or name.startswith(\"tests/skill_rls/\")\n    or (name.startswith(\"tools/\") and \"rls\" in Path(name).name.lower())\n    or \"/evidence/\" in name\n]\nif unknown:\n    raise SystemExit(\"unknown Subject paths: \" + \", \".join(unknown))\nif forbidden:\n    raise SystemExit(\"forbidden Workflow/RLS/Evidence paths: \" + \", \".join(forbidden))\nprint(f\"WHITELIST={len(changed)} NO_WORKFLOW_RLS_EVIDENCE=PASS\")", "638e27221b13d74208b54f78530cf338f67879af", "5ea3ba9aa7288021c4d99b14cff76ec0fc405841"], "cwd": ".", "duration_ms": 31, "exit_code": 0, "finished_at": "2026-09-05T01:51:12Z", "name": "quick__subject_path_whitelist", "source_sha": "5ea3ba9aa7288021c4d99b14cff76ec0fc405841", "started_at": "2026-09-05T01:51:12Z", "status": "PASS", "stderr_log": "attest-logs/quick__subject_path_whitelist-attempt-1.stderr.log", "stderr_sha256": "sha256:e3b0c44298fc1c149afbf4c8996fb92427ae41e4649b934ca495991b7852b855", "stdout_log": "attest-logs/quick__subject_path_whitelist-attempt-1.stdout.log", "stdout_sha256": "sha256:5c0b6adfbd6d8827f1c7fe710d1c45c1c097d2a105b6b86987c91001c49284e7"}
STDOUT
WHITELIST=72 NO_WORKFLOW_RLS_EVIDENCE=PASS

STDERR
source_sha = 5ea3ba9aa7288021c4d99b14cff76ec0fc405841
base_sha = 638e27221b13d74208b54f78530cf338f67879af
{"attempts": [{"attempt": 1, "delay_before_seconds": 0, "duration_ms": 7, "exit_code": 0, "finished_at": "2026-09-05T01:51:12Z", "started_at": "2026-09-05T01:51:12Z", "stderr_log": "attest-logs/quick__design_authority_bytes-attempt-1.stderr.log", "stderr_sha256": "sha256:e3b0c44298fc1c149afbf4c8996fb92427ae41e4649b934ca495991b7852b855", "stdout_log": "attest-logs/quick__design_authority_bytes-attempt-1.stdout.log", "stdout_sha256": "sha256:e3b0c44298fc1c149afbf4c8996fb92427ae41e4649b934ca495991b7852b855", "transient_network_failure": false}], "base_sha": "638e27221b13d74208b54f78530cf338f67879af", "command": ["git", "diff", "--quiet", "638e27221b13d74208b54f78530cf338f67879af..5ea3ba9aa7288021c4d99b14cff76ec0fc405841", "--", "docs/plugin-development/work-items/sdlc-500-vfy/DESIGN.md", "docs/plugin-development/work-items/sdlc-500-vfy/EVAL-PLAN.md", "docs/plugin-development/work-items/sdlc-500-vfy/goal"], "cwd": ".", "duration_ms": 7, "exit_code": 0, "finished_at": "2026-09-05T01:51:12Z", "name": "quick__design_authority_bytes", "source_sha": "5ea3ba9aa7288021c4d99b14cff76ec0fc405841", "started_at": "2026-09-05T01:51:12Z", "status": "PASS", "stderr_log": "attest-logs/quick__design_authority_bytes-attempt-1.stderr.log", "stderr_sha256": "sha256:e3b0c44298fc1c149afbf4c8996fb92427ae41e4649b934ca495991b7852b855", "stdout_log": "attest-logs/quick__design_authority_bytes-attempt-1.stdout.log", "stdout_sha256": "sha256:e3b0c44298fc1c149afbf4c8996fb92427ae41e4649b934ca495991b7852b855"}
STDOUT

STDERR
source_sha = 5ea3ba9aa7288021c4d99b14cff76ec0fc405841
base_sha = 638e27221b13d74208b54f78530cf338f67879af
{"attempts": [{"attempt": 1, "delay_before_seconds": 0, "duration_ms": 13640, "exit_code": 0, "finished_at": "2026-09-05T01:51:25Z", "started_at": "2026-09-05T01:51:12Z", "stderr_log": "attest-logs/phase__vfy_suite-attempt-1.stderr.log", "stderr_sha256": "sha256:73bf97558a6b28708a09b8ebf6e383fd876faefe1c1b6000bedc7ab3ec75227a", "stdout_log": "attest-logs/phase__vfy_suite-attempt-1.stdout.log", "stdout_sha256": "sha256:e3b0c44298fc1c149afbf4c8996fb92427ae41e4649b934ca495991b7852b855", "transient_network_failure": false}], "base_sha": "638e27221b13d74208b54f78530cf338f67879af", "command": ["/opt/homebrew/opt/python@3.14/bin/python3.14", "-m", "unittest", "discover", "-s", "tests/skill_vfy", "-p", "test_*.py"], "cwd": ".", "duration_ms": 13640, "exit_code": 0, "finished_at": "2026-09-05T01:51:25Z", "name": "phase__vfy_suite", "source_sha": "5ea3ba9aa7288021c4d99b14cff76ec0fc405841", "started_at": "2026-09-05T01:51:12Z", "status": "PASS", "stderr_log": "attest-logs/phase__vfy_suite-attempt-1.stderr.log", "stderr_sha256": "sha256:73bf97558a6b28708a09b8ebf6e383fd876faefe1c1b6000bedc7ab3ec75227a", "stdout_log": "attest-logs/phase__vfy_suite-attempt-1.stdout.log", "stdout_sha256": "sha256:e3b0c44298fc1c149afbf4c8996fb92427ae41e4649b934ca495991b7852b855"}
STDOUT

STDERR
..............................................................................................................................................................................................................
----------------------------------------------------------------------
Ran 206 tests in 13.381s

OK
source_sha = 5ea3ba9aa7288021c4d99b14cff76ec0fc405841
base_sha = 638e27221b13d74208b54f78530cf338f67879af
{"attempts": [{"attempt": 1, "delay_before_seconds": 0, "duration_ms": 4360, "exit_code": 0, "finished_at": "2026-09-05T01:51:30Z", "started_at": "2026-09-05T01:51:25Z", "stderr_log": "attest-logs/phase__fixed_eval_80-attempt-1.stderr.log", "stderr_sha256": "sha256:e3b0c44298fc1c149afbf4c8996fb92427ae41e4649b934ca495991b7852b855", "stdout_log": "attest-logs/phase__fixed_eval_80-attempt-1.stdout.log", "stdout_sha256": "sha256:b26e84ddc78b11419c3704cf880378bdfee2605029109d0f6b941655c13b31ae", "transient_network_failure": false}], "base_sha": "638e27221b13d74208b54f78530cf338f67879af", "command": ["/opt/homebrew/opt/python@3.14/bin/python3.14", "tests/evals/run_sdlc_500_vfy_eval.py", "--json-out", "/private/tmp/vfy-web007-validation/5ea3ba9/attest-fixed-eval.json"], "cwd": ".", "duration_ms": 4360, "exit_code": 0, "finished_at": "2026-09-05T01:51:30Z", "name": "phase__fixed_eval_80", "source_sha": "5ea3ba9aa7288021c4d99b14cff76ec0fc405841", "started_at": "2026-09-05T01:51:25Z", "status": "PASS", "stderr_log": "attest-logs/phase__fixed_eval_80-attempt-1.stderr.log", "stderr_sha256": "sha256:e3b0c44298fc1c149afbf4c8996fb92427ae41e4649b934ca495991b7852b855", "stdout_log": "attest-logs/phase__fixed_eval_80-attempt-1.stdout.log", "stdout_sha256": "sha256:b26e84ddc78b11419c3704cf880378bdfee2605029109d0f6b941655c13b31ae"}
STDOUT
{
  "complete_fixed_eval": true,
  "contract": "sdlc-ai-spec/vfy-fixed-eval-result/v1",
  "expected_failures": 0,
  "expected_full_count": 80,
  "failed": 0,
  "generated_at": "2026-09-05T01:51:30Z",
  "passed": 80,
  "registry": "tests/evals/sdlc_500_vfy_cases.json",
  "results": [
    {
      "case_id": "VFY-E001",
      "error": null,
      "result": {
        "authority_compiled": true,
        "operation": "auto"
      },
      "status": "PASS"
    },
    {
      "case_id": "VFY-E002",
      "error": null,
      "result": {
        "error": "VFY_SCOPE_AMBIGUOUS",
        "message": "Exactly one complete Delivery Scope must be selected"
      },
      "status": "PASS"
    },
    {
      "case_id": "VFY-E003",
      "error": null,
      "result": {
        "authority_compiled": true,
        "inputs": [
          "CTX-20260904010000-01@1",
          "DSN-20260904010000-01@1",
          "IMP-20260904010000-01@1",
          "PLN-20260904010000-01@1"
        ]
      },
      "status": "PASS"
    },
    {
      "case_id": "VFY-E004",
      "error": null,
      "result": {
        "executed_methods": [
          "VFM-001"
        ],
        "projection": {
          "artifact_gate": "pending",
          "artifact_reference": "VFY-20260905015126-01@1",
          "control_resolutions": [],
          "early_stop": false,
          "gate_checks": [
            {
              "id": "VFY-G-001",
              "note": "Scope and current terminal Subject Set are exact.",
              "result": "pass"
            },
            {
              "id": "VFY-G-002",
              "note": "Authoritative Target Set is complete.",
              "result": "pass"
            },
            {
              "id": "VFY-G-003",
              "note": "Method Purpose, obligations and frozen contract are complete.",
              "result": "pass"
            },
            {
              "id": "VFY-G-004",
              "note": "Method Results bind actual Subjects and immutable Evidence.",
              "result": "pass"
            },
            {
              "id": "VFY-G-005",
              "note": "Target, CON-VER and CON-VAL aggregation is deterministic.",
              "result": "pass"
            },
            {
              "id": "VFY-G-006",
              "note": "Returns and Control recovery preserve owning authority.",
              "result": "pass"
            },
            {
              "id": "VFY-G-007",
              "note": "Evidence and Exception closure are valid.",
              "result": "pass"
            },
            {
              "id": "VFY-G-008",
              "note": "Product result and downstream applicability remain distinct.",
              "result": "pass"
            }
          ],
          "next_action": "RUN_PENDING_METHOD",
          "ok": true,
          "pending_methods": [
            "VFM-002"
          ],
          "product_result": "pending",
          "rls_ready": false,
          "unresolved_controls": [],
          "unresolved_returns": [],
          "verification_digest": "sha256:9f11886d4d37960c7e04b20a371735802dfbc3e4400d24c47befb7802b9cf2f3"
        },
        "state": {
          "artifact": {
            "artifact_status": "waiting_input",
            "base_revision": null,
            "id": "VFY-20260905015126-01",
            "reference": "VFY-20260905015126-01@1",
            "revision": 1,
            "revision_state": "open"
          },
          "artifact_gate": "pending",
          "authority_compiled": false,
          "context_reference": "CTX-20260904100000-01@1",
          "contract": "sdlc-ai-spec/vfy-state/v1",
          "control_authorities": [],
          "control_inputs": [],
          "control_resolutions": [],
          "early_stop": false,
          "early_stop_basis": null,
          "evidence": [
            {
              "environment": {
                "data_contract": "current exact Subject workspace",
                "project_root": "."
              },
              "evidence_requirement": "Immutable path observation",
              "executor_identity": "fixture-automated",
              "id": "EVD-001",
              "method_id": "VFM-001",
              "observed": {
                "exists": true,
                "kind": "file_exists",
                "path": "README.md",
                "source_after": "sha256:945691503ee1e584aedfe3e9a928671961267a4a4976f1416d4049ac2defe37a",
                "source_before": "sha256:945691503ee1e584aedfe3e9a928671961267a4a4976f1416d4049ac2defe37a"
              },
              "observed_at": "2026-09-05T01:51:26Z",
              "reference": "EVD-001@sha256:c380f98a3766e33d7573556d9d55c3e1e2df65575cca4b7fe4fcda4e75eb980c",
              "result": "pass",
              "sha256": "sha256:c380f98a3766e33d7573556d9d55c3e1e2df65575cca4b7fe4fcda4e75eb980c",
              "source_evidence": null,
              "subject_references": [
                "IMP-20260904102000-01@1/RES-001"
              ],
              "target_references": [
                "DSN-20260904100500-01@1#VFO-001"
              ]
            }
          ],
          "exceptions": [],
          "final_confirmation": null,
          "fixed_conclusions": [
            {
              "basis_references": [
                "VFM-001",
                "EVD-001@sha256:c380f98a3766e33d7573556d9d55c3e1e2df65575cca4b7fe4fcda4e75eb980c"
              ],
              "conclusion": "pass",
              "dimension": "verification",
              "exception_references": [],
              "id": "CON-VER",
              "target_references": [
                "DSN-20260904100500-01@1#VFO-001"
              ]
            },
            {
              "basis_references": [
                "VFM-002"
              ],
              "conclusion": "pending",
              "dimension": "validation",
              "exception_references": [],
              "id": "CON-VAL",
              "target_references": [
                "DSN-20260904100500-01@1#VFO-002"
              ]
            }
          ],
          "gate_checks": [
            {
              "id": "VFY-G-001",
              "note": "Scope and current terminal Subject Set are exact.",
              "result": "pass"
            },
            {
              "id": "VFY-G-002",
              "note": "Authoritative Target Set is complete.",
              "result": "pass"
            },
            {
              "id": "VFY-G-003",
              "note": "Method Purpose, obligations and frozen contract are complete.",
              "result": "pass"
            },
            {
              "id": "VFY-G-004",
              "note": "Method Results bind actual Subjects and immutable Evidence.",
              "result": "pass"
            },
            {
              "id": "VFY-G-005",
              "note": "Target, CON-VER and CON-VAL aggregation is deterministic.",
              "result": "pass"
            },
            {
              "id": "VFY-G-006",
              "note": "Returns and Control recovery preserve owning authority.",
              "result": "pass"
            },
            {
              "id": "VFY-G-007",
              "note": "Evidence and Exception closure are valid.",
              "result": "pass"
            },
            {
              "id": "VFY-G-008",
              "note": "Product result and downstream applicability remain distinct.",
              "result": "pass"
            }
          ],
          "input_references": [
            "DSN-20260904100500-01@1",
            "IMP-20260904102000-01@1",
            "PLN-20260904101000-01@1"
          ],
          "method_results": [
            {
              "actual_result": "{\"exists\": true, \"kind\": \"file_exists\", \"path\": \"README.md\", \"source_after\": \"sha256:945691503ee1e584aedfe3e9a928671961267a4a4976f1416d4049ac2defe37a\", \"source_before\": \"sha256:945691503ee1e584aedfe3e9a928671961267a4a4976f1416d4049ac2defe37a\"}",
              "actual_subject_references": [
                "IMP-20260904102000-01@1/RES-001"
              ],
              "evidence_references": [
                "EVD-001@sha256:c380f98a3766e33d7573556d9d55c3e1e2df65575cca4b7fe4fcda4e75eb980c"
              ],
              "method_id": "VFM-001",
              "result": "pass",
              "return_references": []
            },
            {
              "actual_result": "Not executed",
              "actual_subject_references": [
                "IMP-20260904102000-01@1/RES-001"
              ],
              "evidence_references": [],
              "method_id": "VFM-002",
              "result": "pending",
              "return_references": []
            }
          ],
          "methods": [
            {
              "disposition": "required",
              "environment": {
                "data_contract": "current exact Subject workspace",
                "project_root": "."
              },
              "evidence_requirement": "Immutable path observation",
              "exception_reference": null,
              "execution_mode": "automated",
              "executor_identity": "fixture-automated",
              "id": "VFM-001",
              "method_type": "inspection",
              "n_a_basis": null,
              "obligation_references": [
                "DSN-20260904100500-01@1#VFP-001",
                "PLN-20260904101000-01@1#WI-001"
              ],
              "pass_criteria": "README.md exists in the exact Subject workspace",
              "procedure": {
                "kind": "file_exists",
                "path": "README.md"
              },
              "purpose": "verification",
              "subject_references": [
                "IMP-20260904102000-01@1/RES-001"
              ],
              "target_references": [
                "DSN-20260904100500-01@1#VFO-001"
              ],
              "title": "Inspect required file"
            },
            {
              "disposition": "required",
              "environment": {
                "data_contract": "current exact Subject workspace",
                "project_root": "."
              },
              "evidence_requirement": "Immutable basic-use observation",
              "exception_reference": null,
              "execution_mode": "automated",
              "executor_identity": "fixture-automated",
              "id": "VFM-002",
              "method_type": "demonstration",
              "n_a_basis": null,
              "obligation_references": [
                "DSN-20260904100500-01@1#VFP-002",
                "PLN-20260904101000-01@1#WI-001"
              ],
              "pass_criteria": "The delivered entry point is observable",
              "procedure": {
                "kind": "file_exists",
                "path": "README.md"
              },
              "purpose": "validation",
              "subject_references": [
                "IMP-20260904102000-01@1/RES-001"
              ],
              "target_references": [
                "DSN-20260904100500-01@1#VFO-002"
              ],
              "title": "Validate intended basic use"
            }
          ],
          "next_action": "RUN_PENDING_METHOD",
          "open_items": [],
          "owner_artifact_inputs": [],
          "pre_execution_contract_digest": "sha256:27011c7ec5773ea167de061278884cb90ac432ecdcbb1515687fc01ac17af007",
          "product_result": "pending",
          "profile": "full",
          "release_target_obligations": [],
          "returns": [],
          "rls_applicability": "required",
          "rls_ready": false,
          "scope": {
            "delivery_scope": [
              "resource:app"
            ],
            "disposition": "required",
            "disposition_basis": null,
            "imp_work_items": [
              {
                "binding_reference": "PLN-20260904101000-01@1#WI-001",
                "depends_on": [],
                "reference": "PLN-20260904101000-01@1#WI-001",
                "resource_ids": [
                  "app"
                ],
                "target_phase": "IMP"
              }
            ],
            "input_references": [
              "CTX-20260904100000-01@1"
            ],
            "phase": "PLN",
            "raw": {
              "delivery_scope": [
                "resource:app"
              ],
              "disposition": "required",
              "imp_work_items": [
                {
                  "binding_reference": "PLN-20260904101000-01@1#WI-001",
                  "depends_on": [],
                  "reference": "PLN-20260904101000-01@1#WI-001",
                  "resource_ids": [
                    "app"
                  ],
                  "target_phase": "IMP"
                }
              ],
              "input_references": [
                "CTX-20260904100000-01@1"
              ],
              "reference": "PLN-20260904101000-01@1"
            },
            "reference": "PLN-20260904101000-01@1",
            "scope_digest": null
          },
          "subject_set_digest": "sha256:ebb0167885c0b648d8a820433ac6b269d82d269cfa4faf4f9d728079f55fb4a0",
          "subjects": [
            {
              "attempt": "attempt-001",
              "baseline_reference": "vcs:git:0000000000000000000000000000000000000000",
              "binding_lineage": "PLN-20260904101000-01@1#WI-001",
              "claim_state": "completed",
              "cumulative_changed_scope": [
                "path:app/README.md"
              ],
              "current_valid": true,
              "dependency_chain_valid": true,
              "dependency_result_references": [],
              "imp_revision_reference": "IMP-20260904102000-01@1",
              "imp_revision_state": "frozen",
              "reference": "IMP-20260904102000-01@1/RES-001",
              "resource_id": "app",
              "result_digest": "sha256:1111111111111111111111111111111111111111111111111111111111111111"
            }
          ],
          "supporting_members": [],
          "target_conclusions": [
            {
              "basis_references": [
                "VFM-001",
                "EVD-001@sha256:c380f98a3766e33d7573556d9d55c3e1e2df65575cca4b7fe4fcda4e75eb980c"
              ],
              "conclusion": "pass",
              "dimension_projections": {
                "verification": "pass"
              },
              "exception_reference": null,
              "purpose": "verification",
              "target_reference": "DSN-20260904100500-01@1#VFO-001"
            },
            {
              "basis_references": [
                "VFM-002"
              ],
              "conclusion": "pending",
              "dimension_projections": {
                "validation": "pending"
              },
              "exception_reference": null,
              "purpose": "validation",
              "target_reference": "DSN-20260904100500-01@1#VFO-002"
            }
          ],
          "targets": [
            {
              "obligation_references": [
                "DSN-20260904100500-01@1#VFP-001"
              ],
              "purpose": "verification",
              "reference": "DSN-20260904100500-01@1#VFO-001",
              "source_kind": "vfo",
              "summary": "The exact result contains the required file"
            },
            {
              "obligation_references": [
                "DSN-20260904100500-01@1#VFP-002"
              ],
              "purpose": "validation",
              "reference": "DSN-20260904100500-01@1#VFO-002",
              "source_kind": "vfo",
              "summary": "The delivered result supports its intended basic use"
            }
          ],
          "title": "Fixture verification"
        },
        "status": "updated",
        "waiting_methods": []
      },
      "status": "PASS"
    },
    {
      "case_id": "VFY-E005",
      "error": null,
      "result": {
        "state": {
          "artifact": {
            "artifact_status": "waiting_input",
            "base_revision": 1,
            "id": "VFY-20260905015126-01",
            "reference": "VFY-20260905015126-01@2",
            "revision": 2,
            "revision_state": "open"
          },
          "artifact_gate": "pending",
          "authority_compiled": false,
          "context_reference": "CTX-20260904100000-01@1",
          "contract": "sdlc-ai-spec/vfy-state/v1",
          "control_authorities": [],
          "control_inputs": [],
          "control_resolutions": [],
          "early_stop": false,
          "early_stop_basis": null,
          "evidence": [],
          "exceptions": [],
          "final_confirmation": null,
          "fixed_conclusions": [
            {
              "basis_references": [
                "VFM-001"
              ],
              "conclusion": "pending",
              "dimension": "verification",
              "exception_references": [],
              "id": "CON-VER",
              "target_references": [
                "DSN-20260904100500-01@1#VFO-001"
              ]
            },
            {
              "basis_references": [
                "VFM-002"
              ],
              "conclusion": "pending",
              "dimension": "validation",
              "exception_references": [],
              "id": "CON-VAL",
              "target_references": [
                "DSN-20260904100500-01@1#VFO-002"
              ]
            }
          ],
          "gate_checks": [],
          "input_references": [
            "DSN-20260904100500-01@1",
            "IMP-20260904102000-01@1",
            "PLN-20260904101000-01@1"
          ],
          "method_results": [
            {
              "actual_result": "Not executed",
              "actual_subject_references": [
                "IMP-20260904102000-01@1/RES-001"
              ],
              "evidence_references": [],
              "method_id": "VFM-001",
              "result": "pending",
              "return_references": []
            },
            {
              "actual_result": "Not executed",
              "actual_subject_references": [
                "IMP-20260904102000-01@1/RES-001"
              ],
              "evidence_references": [],
              "method_id": "VFM-002",
              "result": "pending",
              "return_references": []
            }
          ],
          "methods": [
            {
              "disposition": "required",
              "environment": {
                "data_contract": "current exact Subject workspace",
                "project_root": "."
              },
              "evidence_requirement": "Immutable path observation",
              "exception_reference": null,
              "execution_mode": "automated",
              "executor_identity": "fixture-automated",
              "id": "VFM-001",
              "method_type": "inspection",
              "n_a_basis": null,
              "obligation_references": [
                "DSN-20260904100500-01@1#VFP-001",
                "PLN-20260904101000-01@1#WI-001"
              ],
              "pass_criteria": "README.md exists in the exact Subject workspace",
              "procedure": {
                "kind": "file_exists",
                "path": "README.md"
              },
              "purpose": "verification",
              "subject_references": [
                "IMP-20260904102000-01@1/RES-001"
              ],
              "target_references": [
                "DSN-20260904100500-01@1#VFO-001"
              ],
              "title": "Inspect required file"
            },
            {
              "disposition": "required",
              "environment": {
                "data_contract": "current exact Subject workspace",
                "project_root": "."
              },
              "evidence_requirement": "Immutable basic-use observation",
              "exception_reference": null,
              "execution_mode": "automated",
              "executor_identity": "fixture-automated",
              "id": "VFM-002",
              "method_type": "demonstration",
              "n_a_basis": null,
              "obligation_references": [
                "DSN-20260904100500-01@1#VFP-002",
                "PLN-20260904101000-01@1#WI-001"
              ],
              "pass_criteria": "The delivered entry point is observable",
              "procedure": {
                "kind": "file_exists",
                "path": "README.md"
              },
              "purpose": "validation",
              "subject_references": [
                "IMP-20260904102000-01@1/RES-001"
              ],
              "target_references": [
                "DSN-20260904100500-01@1#VFO-002"
              ],
              "title": "Validate intended basic use"
            }
          ],
          "next_action": "RUN_PENDING_METHOD",
          "open_items": [],
          "owner_artifact_inputs": [],
          "pre_execution_contract_digest": "sha256:fa3d4d9df1c6706aa80e6114bb0534e2f5c0481fcc1658b25db5edeb684c0ec2",
          "product_result": "pending",
          "profile": "full",
          "release_target_obligations": [],
          "returns": [],
          "rls_applicability": "required",
          "rls_ready": false,
          "scope": {
            "delivery_scope": [
              "resource:app"
            ],
            "disposition": "required",
            "disposition_basis": null,
            "imp_work_items": [
              {
                "binding_reference": "PLN-20260904101000-01@1#WI-001",
                "depends_on": [],
                "reference": "PLN-20260904101000-01@1#WI-001",
                "resource_ids": [
                  "app"
                ],
                "target_phase": "IMP"
              }
            ],
            "input_references": [
              "CTX-20260904100000-01@1"
            ],
            "phase": "PLN",
            "raw": {
              "delivery_scope": [
                "resource:app"
              ],
              "disposition": "required",
              "imp_work_items": [
                {
                  "binding_reference": "PLN-20260904101000-01@1#WI-001",
                  "depends_on": [],
                  "reference": "PLN-20260904101000-01@1#WI-001",
                  "resource_ids": [
                    "app"
                  ],
                  "target_phase": "IMP"
                }
              ],
              "input_references": [
                "CTX-20260904100000-01@1"
              ],
              "reference": "PLN-20260904101000-01@1"
            },
            "reference": "PLN-20260904101000-01@1",
            "scope_digest": null
          },
          "subject_set_digest": "sha256:1bc5f689ececbee3c56187351e8b6e53a04fcb48226cc723f075662a44c7aa86",
          "subjects": [
            {
              "attempt": "attempt-001",
              "baseline_reference": "vcs:git:0000000000000000000000000000000000000000",
              "binding_lineage": "PLN-20260904101000-01@1#WI-001",
              "claim_state": "completed",
              "cumulative_changed_scope": [
                "path:app/README.md"
              ],
              "current_valid": true,
              "dependency_chain_valid": true,
              "dependency_result_references": [],
              "imp_revision_reference": "IMP-20260904102000-01@1",
              "imp_revision_state": "frozen",
              "reference": "IMP-20260904102000-01@1/RES-001",
              "resource_id": "app",
              "result_digest": "sha256:2222222222222222222222222222222222222222222222222222222222222222"
            }
          ],
          "supporting_members": [],
          "target_conclusions": [
            {
              "basis_references": [
                "VFM-001"
              ],
              "conclusion": "pending",
              "dimension_projections": {
                "verification": "pending"
              },
              "exception_reference": null,
              "purpose": "verification",
              "target_reference": "DSN-20260904100500-01@1#VFO-001"
            },
            {
              "basis_references": [
                "VFM-002"
              ],
              "conclusion": "pending",
              "dimension_projections": {
                "validation": "pending"
              },
              "exception_reference": null,
              "purpose": "validation",
              "target_reference": "DSN-20260904100500-01@1#VFO-002"
            }
          ],
          "targets": [
            {
              "obligation_references": [
                "DSN-20260904100500-01@1#VFP-001"
              ],
              "purpose": "verification",
              "reference": "DSN-20260904100500-01@1#VFO-001",
              "source_kind": "vfo",
              "summary": "The exact result contains the required file"
            },
            {
              "obligation_references": [
                "DSN-20260904100500-01@1#VFP-002"
              ],
              "purpose": "validation",
              "reference": "DSN-20260904100500-01@1#VFO-002",
              "source_kind": "vfo",
              "summary": "The delivered result supports its intended basic use"
            }
          ],
          "title": "Fixture verification"
        },
        "status": "revised"
      },
      "status": "PASS"
    },
    {
      "case_id": "VFY-E006",
      "error": null,
      "result": {
        "digest_unchanged": true
      },
      "status": "PASS"
    },
    {
      "case_id": "VFY-E007",
      "error": null,
      "result": {
        "command": "help",
        "contract": "sdlc-ai-spec/skill-command-result/v1",
        "display": "sdlc-500-vfy 0.3.0\n\nUsage: /sdlc-500-vfy [command] [options] [-- request text]\n\nCommands:\n  auto       根据准确 Scope、当前 Subject Set 和已有 VFY 状态选择 create、run、revise 或 check。\n  create     从 repeatable exact input 编译 VFY Contract，并执行当前安全可执行 Method。\n  run        执行或记录当前 open Revision 中选定的 pending Method。\n  revise     基于新的权威 Subject 或 Control Input 创建新 Revision；无变化返回 NO_CHANGE。\n  check      从准确持久化 Reference 绝对只读复核 Scope、Subject、Evidence、Return 与 Gate。\n  help       显示用途、参数和副作用边界。\n  version    显示 Skill 与接口版本。\n  commands   列出全部命令及是否写入。\n  examples   显示准确 Reference 与 Method 选择示例。\n\nCommon options:\n  -h, --help\n  -V, --version\n      --commands\n      --examples\n  -o, --operation VALUE\n  -p, --project-root PATH\n  -r, --reference REF\n  -d, --decision-policy user|model|experiment\n  -w, --write-policy auto|confirm|deny\n  -n, --dry-run\n  -f, --output summary|json|debug\n\nVFY options:\n  -i, --input REF    repeatable exact Scope/Subject/Control/Exception input\n  -r, --reference REF exact persisted VFY Revision for run/revise/check\n  -m, --method VFM-NNN repeatable selected Method for run\n      persistent create/revise compiles Authority from --input\n",
        "effects": [],
        "ok": true,
        "state": "meta"
      },
      "status": "PASS"
    },
    {
      "case_id": "VFY-E008",
      "error": null,
      "result": {
        "error": "VFY_METHOD_NOT_READY",
        "message": "Selected Method does not exist"
      },
      "status": "PASS"
    },
    {
      "case_id": "VFY-E009",
      "error": null,
      "result": {
        "executed_methods": [
          "VFM-001",
          "VFM-002"
        ],
        "projection": {
          "artifact_gate": "pass",
          "artifact_reference": "VFY-20260905015127-01@1",
          "control_resolutions": [],
          "early_stop": false,
          "gate_checks": [
            {
              "id": "VFY-G-001",
              "note": "Scope and current terminal Subject Set are exact.",
              "result": "pass"
            },
            {
              "id": "VFY-G-002",
              "note": "Authoritative Target Set is complete.",
              "result": "pass"
            },
            {
              "id": "VFY-G-003",
              "note": "Method Purpose, obligations and frozen contract are complete.",
              "result": "pass"
            },
            {
              "id": "VFY-G-004",
              "note": "Method Results bind actual Subjects and immutable Evidence.",
              "result": "pass"
            },
            {
              "id": "VFY-G-005",
              "note": "Target, CON-VER and CON-VAL aggregation is deterministic.",
              "result": "pass"
            },
            {
              "id": "VFY-G-006",
              "note": "Returns and Control recovery preserve owning authority.",
              "result": "pass"
            },
            {
              "id": "VFY-G-007",
              "note": "Evidence and Exception closure are valid.",
              "result": "pass"
            },
            {
              "id": "VFY-G-008",
              "note": "Product result and downstream applicability remain distinct.",
              "result": "pass"
            }
          ],
          "next_action": "RESOLVE_RLS_APPLICABILITY",
          "ok": true,
          "pending_methods": [],
          "product_result": "pass",
          "rls_ready": false,
          "unresolved_controls": [],
          "unresolved_returns": [],
          "verification_digest": "sha256:acf646bc3b6804d575a8f377b4abbee40cdce1c772155944f44257d312605852"
        },
        "state": {
          "artifact": {
            "artifact_status": "draft",
            "base_revision": null,
            "id": "VFY-20260905015127-01",
            "reference": "VFY-20260905015127-01@1",
            "revision": 1,
            "revision_state": "open"
          },
          "artifact_gate": "pass",
          "authority_compiled": false,
          "context_reference": "CTX-20260904100000-01@1",
          "contract": "sdlc-ai-spec/vfy-state/v1",
          "control_authorities": [],
          "control_inputs": [],
          "control_resolutions": [],
          "early_stop": false,
          "early_stop_basis": null,
          "evidence": [
            {
              "environment": {
                "data_contract": "current exact Subject workspace",
                "project_root": "."
              },
              "evidence_requirement": "Immutable path observation",
              "executor_identity": "fixture-automated",
              "id": "EVD-001",
              "method_id": "VFM-001",
              "observed": {
                "exists": true,
                "kind": "file_exists",
                "path": "README.md",
                "source_after": "sha256:945691503ee1e584aedfe3e9a928671961267a4a4976f1416d4049ac2defe37a",
                "source_before": "sha256:945691503ee1e584aedfe3e9a928671961267a4a4976f1416d4049ac2defe37a"
              },
              "observed_at": "2026-09-05T01:51:27Z",
              "reference": "EVD-001@sha256:0e66fb8556a5dbf51f8d671f834b2661e58a553defb26f18fc078260f19dfc95",
              "result": "pass",
              "sha256": "sha256:0e66fb8556a5dbf51f8d671f834b2661e58a553defb26f18fc078260f19dfc95",
              "source_evidence": null,
              "subject_references": [
                "IMP-20260904102000-01@1/RES-001"
              ],
              "target_references": [
                "DSN-20260904100500-01@1#VFO-001"
              ]
            },
            {
              "environment": {
                "data_contract": "current exact Subject workspace",
                "project_root": "."
              },
              "evidence_requirement": "Immutable basic-use observation",
              "executor_identity": "fixture-automated",
              "id": "EVD-002",
              "method_id": "VFM-002",
              "observed": {
                "exists": true,
                "kind": "file_exists",
                "path": "README.md",
                "source_after": "sha256:945691503ee1e584aedfe3e9a928671961267a4a4976f1416d4049ac2defe37a",
                "source_before": "sha256:945691503ee1e584aedfe3e9a928671961267a4a4976f1416d4049ac2defe37a"
              },
              "observed_at": "2026-09-05T01:51:27Z",
              "reference": "EVD-002@sha256:b0993e69b93476598a83ef9d622e4c77664a0c44eabd77124fee462445c243f8",
              "result": "pass",
              "sha256": "sha256:b0993e69b93476598a83ef9d622e4c77664a0c44eabd77124fee462445c243f8",
              "source_evidence": null,
              "subject_references": [
                "IMP-20260904102000-01@1/RES-001"
              ],
              "target_references": [
                "DSN-20260904100500-01@1#VFO-002"
              ]
            }
          ],
          "exceptions": [],
          "final_confirmation": null,
          "fixed_conclusions": [
            {
              "basis_references": [
                "VFM-001",
                "EVD-001@sha256:0e66fb8556a5dbf51f8d671f834b2661e58a553defb26f18fc078260f19dfc95"
              ],
              "conclusion": "pass",
              "dimension": "verification",
              "exception_references": [],
              "id": "CON-VER",
              "target_references": [
                "DSN-20260904100500-01@1#VFO-001"
              ]
            },
            {
              "basis_references": [
                "VFM-002",
                "EVD-002@sha256:b0993e69b93476598a83ef9d622e4c77664a0c44eabd77124fee462445c243f8"
              ],
              "conclusion": "pass",
              "dimension": "validation",
              "exception_references": [],
              "id": "CON-VAL",
              "target_references": [
                "DSN-20260904100500-01@1#VFO-002"
              ]
            }
          ],
          "gate_checks": [
            {
              "id": "VFY-G-001",
              "note": "Scope and current terminal Subject Set are exact.",
              "result": "pass"
            },
            {
              "id": "VFY-G-002",
              "note": "Authoritative Target Set is complete.",
              "result": "pass"
            },
            {
              "id": "VFY-G-003",
              "note": "Method Purpose, obligations and frozen contract are complete.",
              "result": "pass"
            },
            {
              "id": "VFY-G-004",
              "note": "Method Results bind actual Subjects and immutable Evidence.",
              "result": "pass"
            },
            {
              "id": "VFY-G-005",
              "note": "Target, CON-VER and CON-VAL aggregation is deterministic.",
              "result": "pass"
            },
            {
              "id": "VFY-G-006",
              "note": "Returns and Control recovery preserve owning authority.",
              "result": "pass"
            },
            {
              "id": "VFY-G-007",
              "note": "Evidence and Exception closure are valid.",
              "result": "pass"
            },
            {
              "id": "VFY-G-008",
              "note": "Product result and downstream applicability remain distinct.",
              "result": "pass"
            }
          ],
          "input_references": [
            "DSN-20260904100500-01@1",
            "IMP-20260904102000-01@1",
            "PLN-20260904101000-01@1"
          ],
          "method_results": [
            {
              "actual_result": "{\"exists\": true, \"kind\": \"file_exists\", \"path\": \"README.md\", \"source_after\": \"sha256:945691503ee1e584aedfe3e9a928671961267a4a4976f1416d4049ac2defe37a\", \"source_before\": \"sha256:945691503ee1e584aedfe3e9a928671961267a4a4976f1416d4049ac2defe37a\"}",
              "actual_subject_references": [
                "IMP-20260904102000-01@1/RES-001"
              ],
              "evidence_references": [
                "EVD-001@sha256:0e66fb8556a5dbf51f8d671f834b2661e58a553defb26f18fc078260f19dfc95"
              ],
              "method_id": "VFM-001",
              "result": "pass",
              "return_references": []
            },
            {
              "actual_result": "{\"exists\": true, \"kind\": \"file_exists\", \"path\": \"README.md\", \"source_after\": \"sha256:945691503ee1e584aedfe3e9a928671961267a4a4976f1416d4049ac2defe37a\", \"source_before\": \"sha256:945691503ee1e584aedfe3e9a928671961267a4a4976f1416d4049ac2defe37a\"}",
              "actual_subject_references": [
                "IMP-20260904102000-01@1/RES-001"
              ],
              "evidence_references": [
                "EVD-002@sha256:b0993e69b93476598a83ef9d622e4c77664a0c44eabd77124fee462445c243f8"
              ],
              "method_id": "VFM-002",
              "result": "pass",
              "return_references": []
            }
          ],
          "methods": [
            {
              "disposition": "required",
              "environment": {
                "data_contract": "current exact Subject workspace",
                "project_root": "."
              },
              "evidence_requirement": "Immutable path observation",
              "exception_reference": null,
              "execution_mode": "automated",
              "executor_identity": "fixture-automated",
              "id": "VFM-001",
              "method_type": "inspection",
              "n_a_basis": null,
              "obligation_references": [
                "DSN-20260904100500-01@1#VFP-001",
                "PLN-20260904101000-01@1#WI-001"
              ],
              "pass_criteria": "README.md exists in the exact Subject workspace",
              "procedure": {
                "kind": "file_exists",
                "path": "README.md"
              },
              "purpose": "verification",
              "subject_references": [
                "IMP-20260904102000-01@1/RES-001"
              ],
              "target_references": [
                "DSN-20260904100500-01@1#VFO-001"
              ],
              "title": "Inspect required file"
            },
            {
              "disposition": "required",
              "environment": {
                "data_contract": "current exact Subject workspace",
                "project_root": "."
              },
              "evidence_requirement": "Immutable basic-use observation",
              "exception_reference": null,
              "execution_mode": "automated",
              "executor_identity": "fixture-automated",
              "id": "VFM-002",
              "method_type": "demonstration",
              "n_a_basis": null,
              "obligation_references": [
                "DSN-20260904100500-01@1#VFP-002",
                "PLN-20260904101000-01@1#WI-001"
              ],
              "pass_criteria": "The delivered entry point is observable",
              "procedure": {
                "kind": "file_exists",
                "path": "README.md"
              },
              "purpose": "validation",
              "subject_references": [
                "IMP-20260904102000-01@1/RES-001"
              ],
              "target_references": [
                "DSN-20260904100500-01@1#VFO-002"
              ],
              "title": "Validate intended basic use"
            }
          ],
          "next_action": "RESOLVE_RLS_APPLICABILITY",
          "open_items": [],
          "owner_artifact_inputs": [],
          "pre_execution_contract_digest": "sha256:27011c7ec5773ea167de061278884cb90ac432ecdcbb1515687fc01ac17af007",
          "product_result": "pass",
          "profile": "full",
          "release_target_obligations": [],
          "returns": [],
          "rls_applicability": "required",
          "rls_ready": false,
          "scope": {
            "delivery_scope": [
              "resource:app"
            ],
            "disposition": "required",
            "disposition_basis": null,
            "imp_work_items": [
              {
                "binding_reference": "PLN-20260904101000-01@1#WI-001",
                "depends_on": [],
                "reference": "PLN-20260904101000-01@1#WI-001",
                "resource_ids": [
                  "app"
                ],
                "target_phase": "IMP"
              }
            ],
            "input_references": [
              "CTX-20260904100000-01@1"
            ],
            "phase": "PLN",
            "raw": {
              "delivery_scope": [
                "resource:app"
              ],
              "disposition": "required",
              "imp_work_items": [
                {
                  "binding_reference": "PLN-20260904101000-01@1#WI-001",
                  "depends_on": [],
                  "reference": "PLN-20260904101000-01@1#WI-001",
                  "resource_ids": [
                    "app"
                  ],
                  "target_phase": "IMP"
                }
              ],
              "input_references": [
                "CTX-20260904100000-01@1"
              ],
              "reference": "PLN-20260904101000-01@1"
            },
            "reference": "PLN-20260904101000-01@1",
            "scope_digest": null
          },
          "subject_set_digest": "sha256:ebb0167885c0b648d8a820433ac6b269d82d269cfa4faf4f9d728079f55fb4a0",
          "subjects": [
            {
              "attempt": "attempt-001",
              "baseline_reference": "vcs:git:0000000000000000000000000000000000000000",
              "binding_lineage": "PLN-20260904101000-01@1#WI-001",
              "claim_state": "completed",
              "cumulative_changed_scope": [
                "path:app/README.md"
              ],
              "current_valid": true,
              "dependency_chain_valid": true,
              "dependency_result_references": [],
              "imp_revision_reference": "IMP-20260904102000-01@1",
              "imp_revision_state": "frozen",
              "reference": "IMP-20260904102000-01@1/RES-001",
              "resource_id": "app",
              "result_digest": "sha256:1111111111111111111111111111111111111111111111111111111111111111"
            }
          ],
          "supporting_members": [],
          "target_conclusions": [
            {
              "basis_references": [
                "VFM-001",
                "EVD-001@sha256:0e66fb8556a5dbf51f8d671f834b2661e58a553defb26f18fc078260f19dfc95"
              ],
              "conclusion": "pass",
              "dimension_projections": {
                "verification": "pass"
              },
              "exception_reference": null,
              "purpose": "verification",
              "target_reference": "DSN-20260904100500-01@1#VFO-001"
            },
            {
              "basis_references": [
                "VFM-002",
                "EVD-002@sha256:b0993e69b93476598a83ef9d622e4c77664a0c44eabd77124fee462445c243f8"
              ],
              "conclusion": "pass",
              "dimension_projections": {
                "validation": "pass"
              },
              "exception_reference": null,
              "purpose": "validation",
              "target_reference": "DSN-20260904100500-01@1#VFO-002"
            }
          ],
          "targets": [
            {
              "obligation_references": [
                "DSN-20260904100500-01@1#VFP-001"
              ],
              "purpose": "verification",
              "reference": "DSN-20260904100500-01@1#VFO-001",
              "source_kind": "vfo",
              "summary": "The exact result contains the required file"
            },
            {
              "obligation_references": [
                "DSN-20260904100500-01@1#VFP-002"
              ],
              "purpose": "validation",
              "reference": "DSN-20260904100500-01@1#VFO-002",
              "source_kind": "vfo",
              "summary": "The delivered result supports its intended basic use"
            }
          ],
          "title": "Fixture verification"
        },
        "status": "updated",
        "waiting_methods": []
      },
      "status": "PASS"
    },
    {
      "case_id": "VFY-E010",
      "error": null,
      "result": {
        "scope": "PLN-20260904010000-01@1",
        "work_items": [
          {
            "binding_reference": "PLN-20260904010000-01@1#WI-001",
            "depends_on": [],
            "reference": "PLN-20260904010000-01@1#WI-001",
            "resource_ids": [
              "repo"
            ],
            "target_phase": "IMP"
          }
        ]
      },
      "status": "PASS"
    },
    {
      "case_id": "VFY-E011",
      "error": null,
      "result": {
        "delivery_scope": [
          "resource:app"
        ],
        "disposition": "n/a",
        "disposition_basis": "PLN is authoritatively not applicable for this complete Scope",
        "imp_work_items": [],
        "input_references": [
          "CTX-20260904100000-01@1"
        ],
        "phase": "DSN",
        "raw": {
          "delivery_scope": [
            "resource:app"
          ],
          "disposition": "n/a",
          "disposition_basis": "PLN is authoritatively not applicable for this complete Scope",
          "imp_work_items": [],
          "input_references": [
            "CTX-20260904100000-01@1"
          ],
          "reference": "DSN-20260904100500-01@1"
        },
        "reference": "DSN-20260904100500-01@1",
        "scope_digest": null
      },
      "status": "PASS"
    },
    {
      "case_id": "VFY-E012",
      "error": null,
      "result": {
        "error": "VFY_SCOPE_AMBIGUOUS",
        "message": "Exactly one complete Delivery Scope must be selected"
      },
      "status": "PASS"
    },
    {
      "case_id": "VFY-E013",
      "error": null,
      "result": {
        "error": "VFY_SUBJECT_NOT_CURRENT",
        "message": "Only the Current completed Claim can provide a VFY Subject"
      },
      "status": "PASS"
    },
    {
      "case_id": "VFY-E014",
      "error": null,
      "result": {
        "error": "VFY_SUBJECT_NOT_CURRENT",
        "message": "Only the Current completed Claim can provide a VFY Subject"
      },
      "status": "PASS"
    },
    {
      "case_id": "VFY-E015",
      "error": null,
      "result": {
        "subjects": [
          "IMP-20260904010000-01@1/RESULT-RES-001"
        ]
      },
      "status": "PASS"
    },
    {
      "case_id": "VFY-E016",
      "error": null,
      "result": {
        "error": "VFY_DEPENDENCY_CHAIN_INVALID",
        "message": "Subject dependency Result chain is not current-valid"
      },
      "status": "PASS"
    },
    {
      "case_id": "VFY-E017",
      "error": null,
      "result": {
        "error": "VFY_SUBJECT_NOT_CURRENT",
        "message": "Subject must use an immutable Product Result locator"
      },
      "status": "PASS"
    },
    {
      "case_id": "VFY-E018",
      "error": null,
      "result": {
        "error": "VFY_INPUT_AUTHORITY_MISMATCH"
      },
      "status": "PASS"
    },
    {
      "case_id": "VFY-E019",
      "error": null,
      "result": {
        "error": "VFY_SUBJECT_NOT_CURRENT",
        "message": "Current Subject readback differs from the frozen VFY Contract"
      },
      "status": "PASS"
    },
    {
      "case_id": "VFY-E020",
      "error": null,
      "result": {
        "targets": 2
      },
      "status": "PASS"
    },
    {
      "case_id": "VFY-E021",
      "error": null,
      "result": {
        "targets": 2
      },
      "status": "PASS"
    },
    {
      "case_id": "VFY-E022",
      "error": null,
      "result": {
        "targets": 3
      },
      "status": "PASS"
    },
    {
      "case_id": "VFY-E023",
      "error": null,
      "result": {
        "error": "VFY_TARGET_SET_INVALID",
        "message": "Authoritative VFY Target Set is required"
      },
      "status": "PASS"
    },
    {
      "case_id": "VFY-E024",
      "error": null,
      "result": {
        "error": "VFY_TARGET_SET_INVALID",
        "message": "Target source kind conflicts with its exact reference"
      },
      "status": "PASS"
    },
    {
      "case_id": "VFY-E025",
      "error": null,
      "result": {
        "error": "VFY_PURPOSE_MISMATCH",
        "message": "A both Target requires proof for verification and validation dimensions"
      },
      "status": "PASS"
    },
    {
      "case_id": "VFY-E026",
      "error": null,
      "result": {
        "method_type": "inspection"
      },
      "status": "PASS"
    },
    {
      "case_id": "VFY-E027",
      "error": null,
      "result": {
        "method_type": "analysis"
      },
      "status": "PASS"
    },
    {
      "case_id": "VFY-E028",
      "error": null,
      "result": {
        "method_type": "demonstration"
      },
      "status": "PASS"
    },
    {
      "case_id": "VFY-E029",
      "error": null,
      "result": {
        "method_type": "test"
      },
      "status": "PASS"
    },
    {
      "case_id": "VFY-E030",
      "error": null,
      "result": {
        "error": "VFY_METHOD_NOT_READY",
        "message": "Method Type must be inspection, analysis, demonstration or test"
      },
      "status": "PASS"
    },
    {
      "case_id": "VFY-E031",
      "error": null,
      "result": {
        "error": "VFY_METHOD_COVERAGE_INCOMPLETE",
        "message": "Every authoritative Target must be covered by at least one Method"
      },
      "status": "PASS"
    },
    {
      "case_id": "VFY-E032",
      "error": null,
      "result": {
        "error": "VFY_METHOD_COVERAGE_INCOMPLETE",
        "message": "Every Method requires Target and Subject references"
      },
      "status": "PASS"
    },
    {
      "case_id": "VFY-E033",
      "error": null,
      "result": {
        "error": "VFY_PURPOSE_MISMATCH",
        "message": "Method Purpose is incompatible with its Target"
      },
      "status": "PASS"
    },
    {
      "case_id": "VFY-E034",
      "error": null,
      "result": {
        "error": "VFY_METHOD_COVERAGE_INCOMPLETE",
        "message": "One or more upstream VFY obligations are not mapped to a Method"
      },
      "status": "PASS"
    },
    {
      "case_id": "VFY-E035",
      "error": null,
      "result": {
        "error": "VFY_METHOD_COVERAGE_INCOMPLETE",
        "message": "One or more upstream VFY obligations are not mapped to a Method"
      },
      "status": "PASS"
    },
    {
      "case_id": "VFY-E036",
      "error": null,
      "result": {
        "error": "VFY_METHOD_COVERAGE_INCOMPLETE",
        "message": "One or more upstream VFY obligations are not mapped to a Method"
      },
      "status": "PASS"
    },
    {
      "case_id": "VFY-E037",
      "error": null,
      "result": {
        "error": "VFY_METHOD_NOT_READY",
        "message": "Method requires pass criteria and Evidence requirement"
      },
      "status": "PASS"
    },
    {
      "case_id": "VFY-E038",
      "error": null,
      "result": {
        "error": "VFY_METHOD_NOT_READY",
        "message": "n/a requires objective non-applicability, not execution unavailability"
      },
      "status": "PASS"
    },
    {
      "case_id": "VFY-E039",
      "error": null,
      "result": {
        "error": "VFY_METHOD_NOT_READY",
        "message": "A waived Method requires an exact active Exception reference"
      },
      "status": "PASS"
    },
    {
      "case_id": "VFY-E040",
      "error": null,
      "result": {
        "error": "VFY_METHOD_NOT_READY",
        "message": "Method Type must be inspection, analysis, demonstration or test"
      },
      "status": "PASS"
    },
    {
      "case_id": "VFY-E041",
      "error": null,
      "result": {
        "actual_result": "{\"argv\": [\"python3\", \"-m\", \"unittest\", \"test_vfy_command_fixture\"], \"containment\": \"os-sandbox\", \"cwd\": \".\", \"exit_code\": 0, \"isolated_after\": \"sha256:2e813d350dbcb15d3794062cfdac638321f49fa09dc8733c243ab1628425b7b8\", \"isolated_before\": \"sha256:95ecddf0a0b38386671e57615f879eb7b8624a279ea8bf566b8cf65a7a366f94\", \"kind\": \"command\", \"network\": \"disabled\", \"output_budget_bytes\": 65536, \"policy\": \"deterministic-test-v1\", \"source_after\": \"sha256:844d1149e541b1172b86e31addda1572cf75eef3c7294f8ca03b839d0811b771\", \"source_before\": \"sha256:844d1149e541b1172b86e31addda1572cf75eef3c7294f8ca03b839d0811b771\", \"stderr\": \".\\n----------------------------------------------------------------------\\nRan 1 test in 0.000s\\n\\nOK\\n\", \"stdout\": \"\", \"timed_out\": false, \"workspace\": \"isolated-copy\"}",
        "actual_subject_references": [
          "IMP-20260904102000-01@1/RES-001"
        ],
        "evidence_references": [
          "EVD-001@sha256:13ce13a9197149ea368f728c7e1d0c4caa03679d4279f37f8cf93227c37a48cf"
        ],
        "method_id": "VFM-001",
        "result": "pass",
        "return_references": []
      },
      "status": "PASS"
    },
    {
      "case_id": "VFY-E042",
      "error": null,
      "result": {
        "error": "VFY_METHOD_NOT_READY"
      },
      "status": "PASS"
    },
    {
      "case_id": "VFY-E043",
      "error": null,
      "result": {
        "waiting": [
          "VFM-001"
        ]
      },
      "status": "PASS"
    },
    {
      "case_id": "VFY-E044",
      "error": null,
      "result": {
        "error": "VFY_EVIDENCE_INSUFFICIENT",
        "message": "Manual evaluator differs from the frozen Method executor identity"
      },
      "status": "PASS"
    },
    {
      "case_id": "VFY-E045",
      "error": null,
      "result": {
        "error": "VFY_SUBJECT_NOT_CURRENT",
        "message": "Actual Method Subject differs from the frozen Method Contract"
      },
      "status": "PASS"
    },
    {
      "case_id": "VFY-E046",
      "error": null,
      "result": {
        "actual_result": "{\"argv\": [\"python3\", \"-m\", \"unittest\", \"test_vfy_command_fixture\"], \"containment\": \"os-sandbox\", \"cwd\": \".\", \"exit_code\": 1, \"isolated_after\": \"sha256:56eed511d8b6070ee04972f2d375e418701a049305957a17bb1bef29b2c8b5bf\", \"isolated_before\": \"sha256:afd317b07d9fd9ac134a2a17b755342ef9a0af6f1144fe2ba54764d6125a9ac5\", \"kind\": \"command\", \"network\": \"disabled\", \"output_budget_bytes\": 65536, \"policy\": \"deterministic-test-v1\", \"source_after\": \"sha256:004cc259dea82b78b5eb8af837a386db18e2d6688fda9af5c658c77953fcbe98\", \"source_before\": \"sha256:004cc259dea82b78b5eb8af837a386db18e2d6688fda9af5c658c77953fcbe98\", \"stderr\": \"F\\n======================================================================\\nFAIL: test_result (test_vfy_command_fixture.CommandFixture.test_result)\\n----------------------------------------------------------------------\\nTraceback (most recent call last):\\n  File \\\"/private/var/folders/k9/zv9qrcrn1f32drkcdhms3gx80000gn/T/vfy-command-r8ua3tno/workspace/test_vfy_command_fixture.py\\\", line 5, in test_result\\n    self.fail('expected failure')\\n    ~~~~~~~~~^^^^^^^^^^^^^^^^^^^^\\nAssertionError: expected failure\\n\\n----------------------------------------------------------------------\\nRan 1 test in 0.000s\\n\\nFAILED (failures=1)\\n\", \"stdout\": \"\", \"timed_out\": false, \"workspace\": \"isolated-copy\"}",
        "actual_subject_references": [
          "IMP-20260904102000-01@1/RES-001"
        ],
        "evidence_references": [
          "EVD-001@sha256:493ab09b3423f609cc656cf733c4817649e8730a711475284e92aa570cbf6556"
        ],
        "method_id": "VFM-001",
        "result": "fail",
        "return_references": []
      },
      "status": "PASS"
    },
    {
      "case_id": "VFY-E047",
      "error": null,
      "result": {
        "error": "VFY_SECRET_REJECTED",
        "message": "Secret-like content cannot enter a VFY Artifact or Evidence"
      },
      "status": "PASS"
    },
    {
      "case_id": "VFY-E048",
      "error": null,
      "result": {
        "error": "VFY_EVIDENCE_INSUFFICIENT",
        "message": "Evidence digest or immutable reference does not match canonical bytes"
      },
      "status": "PASS"
    },
    {
      "case_id": "VFY-E049",
      "error": null,
      "result": {
        "error": "VFY_EVIDENCE_INSUFFICIENT",
        "message": "Evidence requires Method, Target, Subject, result, observation, environment, executor, time and requirement metadata"
      },
      "status": "PASS"
    },
    {
      "case_id": "VFY-E050",
      "error": null,
      "result": {
        "actual_result": "{\"actual_subjects\": [\"IMP-20260904102000-01@1/RES-001\"], \"expected_subjects\": [\"IMP-20260904102000-01@1/RES-001\"], \"immutable\": true, \"kind\": \"evidence_review\", \"source_after\": \"sha256:945691503ee1e584aedfe3e9a928671961267a4a4976f1416d4049ac2defe37a\", \"source_before\": \"sha256:945691503ee1e584aedfe3e9a928671961267a4a4976f1416d4049ac2defe37a\", \"source_digest\": \"sha256:4444444444444444444444444444444444444444444444444444444444444444\"}",
        "actual_subject_references": [
          "IMP-20260904102000-01@1/RES-001"
        ],
        "evidence_references": [
          "EVD-001@sha256:f2e0213a1c24b31e26fa4feed359ceae2ed2e9da546adce3f9c7a1fef9562af7"
        ],
        "method_id": "VFM-001",
        "result": "pass",
        "return_references": []
      },
      "status": "PASS"
    },
    {
      "case_id": "VFY-E051",
      "error": null,
      "result": {
        "actual_result": "{\"actual_subjects\": [\"vcs:git:8888888888888888888888888888888888888888\"], \"expected_subjects\": [\"IMP-20260904102000-01@1/RES-001\"], \"immutable\": true, \"kind\": \"evidence_review\", \"source_after\": \"sha256:945691503ee1e584aedfe3e9a928671961267a4a4976f1416d4049ac2defe37a\", \"source_before\": \"sha256:945691503ee1e584aedfe3e9a928671961267a4a4976f1416d4049ac2defe37a\", \"source_digest\": \"sha256:4444444444444444444444444444444444444444444444444444444444444444\"}",
        "actual_subject_references": [
          "IMP-20260904102000-01@1/RES-001"
        ],
        "evidence_references": [
          "EVD-001@sha256:1bccbba2548eeaf21e831aeb7e244c9591b63266c8d2e0ea67a00f559ed5b3e1"
        ],
        "method_id": "VFM-001",
        "result": "fail",
        "return_references": []
      },
      "status": "PASS"
    },
    {
      "case_id": "VFY-E052",
      "error": null,
      "result": {
        "product": "pass"
      },
      "status": "PASS"
    },
    {
      "case_id": "VFY-E053",
      "error": null,
      "result": {
        "gate": "pass",
        "product": "fail"
      },
      "status": "PASS"
    },
    {
      "case_id": "VFY-E054",
      "error": null,
      "result": {
        "error": "VFY_FINAL_CONFIRMATION_STALE",
        "message": "Pre-execution Contract changed after it was frozen"
      },
      "status": "PASS"
    },
    {
      "case_id": "VFY-E055",
      "error": null,
      "result": {
        "error": "VFY_PURPOSE_MISMATCH",
        "message": "A both Target requires proof for verification and validation dimensions"
      },
      "status": "PASS"
    },
    {
      "case_id": "VFY-E056",
      "error": null,
      "result": {
        "control": "VFY-20260904120000-01@1#RET-001",
        "return_phase": "IMP"
      },
      "status": "PASS"
    },
    {
      "case_id": "VFY-E057",
      "error": null,
      "result": {
        "control": "VFY-20260904120000-01@1#RET-001",
        "return_phase": "REQ"
      },
      "status": "PASS"
    },
    {
      "case_id": "VFY-E058",
      "error": null,
      "result": {
        "control": "VFY-20260904120000-01@1#RET-001",
        "return_phase": "DSN"
      },
      "status": "PASS"
    },
    {
      "case_id": "VFY-E059",
      "error": null,
      "result": {
        "control": "VFY-20260904120000-01@1#RET-001",
        "return_phase": "PLN"
      },
      "status": "PASS"
    },
    {
      "case_id": "VFY-E060",
      "error": null,
      "result": {
        "error": "CONTROL_INPUT_INVALID"
      },
      "status": "PASS"
    },
    {
      "case_id": "VFY-E061",
      "error": null,
      "result": {
        "control": "VFY-20260904120000-01@1#RET-001",
        "status": "open"
      },
      "status": "PASS"
    },
    {
      "case_id": "VFY-E062",
      "error": null,
      "result": {
        "control": "VFY-20260904120000-01@1#RET-001",
        "status": "resolved"
      },
      "status": "PASS"
    },
    {
      "case_id": "VFY-E063",
      "error": null,
      "result": {
        "error": "VFY_CONTROL_INVALID"
      },
      "status": "PASS"
    },
    {
      "case_id": "VFY-E064",
      "error": null,
      "result": {
        "control": "RLS-20260904120000-01@1#RLI-001",
        "status": "resolved"
      },
      "status": "PASS"
    },
    {
      "case_id": "VFY-E065",
      "error": null,
      "result": {
        "early_stop": true
      },
      "status": "PASS"
    },
    {
      "case_id": "VFY-E066",
      "error": null,
      "result": {
        "error": "VFY_EARLY_STOP_INVALID",
        "message": "Early-stop basis must prove failure validity and Return attribution"
      },
      "status": "PASS"
    },
    {
      "case_id": "VFY-E067",
      "error": null,
      "result": {
        "actual_result": "Not executed because a verified failure checkpoint requires upstream rework",
        "actual_subject_references": [
          "IMP-20260904102000-01@1/RES-001"
        ],
        "evidence_references": [],
        "method_id": "VFM-002",
        "result": "pending",
        "return_references": [
          "VFY-20260905015129-01@1#RET-001"
        ]
      },
      "status": "PASS"
    },
    {
      "case_id": "VFY-E068",
      "error": null,
      "result": {
        "next": "IMP"
      },
      "status": "PASS"
    },
    {
      "case_id": "VFY-E069",
      "error": null,
      "result": {
        "error": "VFY_EARLY_STOP_INVALID",
        "message": "An open fact can still change failure validity or Return attribution"
      },
      "status": "PASS"
    },
    {
      "case_id": "VFY-E070",
      "error": null,
      "result": {
        "error": "VFY_CONCLUSION_INCONSISTENT",
        "message": "Stored Target or fixed Conclusion differs from deterministic aggregation"
      },
      "status": "PASS"
    },
    {
      "case_id": "VFY-E071",
      "error": null,
      "result": {
        "reference": "VFY-20260905015129-01@1"
      },
      "status": "PASS"
    },
    {
      "case_id": "VFY-E072",
      "error": null,
      "result": {
        "state": {
          "artifact": {
            "artifact_status": "waiting_input",
            "base_revision": 1,
            "id": "VFY-20260905015129-01",
            "reference": "VFY-20260905015129-01@2",
            "revision": 2,
            "revision_state": "open"
          },
          "artifact_gate": "pending",
          "authority_compiled": false,
          "context_reference": "CTX-20260904100000-01@1",
          "contract": "sdlc-ai-spec/vfy-state/v1",
          "control_authorities": [],
          "control_inputs": [],
          "control_resolutions": [],
          "early_stop": false,
          "early_stop_basis": null,
          "evidence": [],
          "exceptions": [],
          "final_confirmation": null,
          "fixed_conclusions": [
            {
              "basis_references": [
                "VFM-001"
              ],
              "conclusion": "pending",
              "dimension": "verification",
              "exception_references": [],
              "id": "CON-VER",
              "target_references": [
                "DSN-20260904100500-01@1#VFO-001"
              ]
            },
            {
              "basis_references": [
                "VFM-002"
              ],
              "conclusion": "pending",
              "dimension": "validation",
              "exception_references": [],
              "id": "CON-VAL",
              "target_references": [
                "DSN-20260904100500-01@1#VFO-002"
              ]
            }
          ],
          "gate_checks": [],
          "input_references": [
            "DSN-20260904100500-01@1",
            "IMP-20260904102000-01@1",
            "PLN-20260904101000-01@1"
          ],
          "method_results": [
            {
              "actual_result": "Not executed",
              "actual_subject_references": [
                "IMP-20260904102000-01@1/RES-001"
              ],
              "evidence_references": [],
              "method_id": "VFM-001",
              "result": "pending",
              "return_references": []
            },
            {
              "actual_result": "Not executed",
              "actual_subject_references": [
                "IMP-20260904102000-01@1/RES-001"
              ],
              "evidence_references": [],
              "method_id": "VFM-002",
              "result": "pending",
              "return_references": []
            }
          ],
          "methods": [
            {
              "disposition": "required",
              "environment": {
                "data_contract": "current exact Subject workspace",
                "project_root": "."
              },
              "evidence_requirement": "Immutable path observation",
              "exception_reference": null,
              "execution_mode": "automated",
              "executor_identity": "fixture-automated",
              "id": "VFM-001",
              "method_type": "inspection",
              "n_a_basis": null,
              "obligation_references": [
                "DSN-20260904100500-01@1#VFP-001",
                "PLN-20260904101000-01@1#WI-001"
              ],
              "pass_criteria": "README.md exists in the exact Subject workspace",
              "procedure": {
                "kind": "file_exists",
                "path": "README.md"
              },
              "purpose": "verification",
              "subject_references": [
                "IMP-20260904102000-01@1/RES-001"
              ],
              "target_references": [
                "DSN-20260904100500-01@1#VFO-001"
              ],
              "title": "Inspect required file"
            },
            {
              "disposition": "required",
              "environment": {
                "data_contract": "current exact Subject workspace",
                "project_root": "."
              },
              "evidence_requirement": "Immutable basic-use observation",
              "exception_reference": null,
              "execution_mode": "automated",
              "executor_identity": "fixture-automated",
              "id": "VFM-002",
              "method_type": "demonstration",
              "n_a_basis": null,
              "obligation_references": [
                "DSN-20260904100500-01@1#VFP-002",
                "PLN-20260904101000-01@1#WI-001"
              ],
              "pass_criteria": "The delivered entry point is observable",
              "procedure": {
                "kind": "file_exists",
                "path": "README.md"
              },
              "purpose": "validation",
              "subject_references": [
                "IMP-20260904102000-01@1/RES-001"
              ],
              "target_references": [
                "DSN-20260904100500-01@1#VFO-002"
              ],
              "title": "Validate intended basic use"
            }
          ],
          "next_action": "RUN_PENDING_METHOD",
          "open_items": [],
          "owner_artifact_inputs": [],
          "pre_execution_contract_digest": "sha256:b8ff9433c9846586ee46bbbb850471e38c4a7dc5535e54c8f9cf03af26cd4b2a",
          "product_result": "pending",
          "profile": "full",
          "release_target_obligations": [],
          "returns": [],
          "rls_applicability": "required",
          "rls_ready": false,
          "scope": {
            "delivery_scope": [
              "resource:app"
            ],
            "disposition": "required",
            "disposition_basis": null,
            "imp_work_items": [
              {
                "binding_reference": "PLN-20260904101000-01@1#WI-001",
                "depends_on": [],
                "reference": "PLN-20260904101000-01@1#WI-001",
                "resource_ids": [
                  "app"
                ],
                "target_phase": "IMP"
              }
            ],
            "input_references": [
              "CTX-20260904100000-01@1"
            ],
            "phase": "PLN",
            "raw": {
              "delivery_scope": [
                "resource:app"
              ],
              "disposition": "required",
              "imp_work_items": [
                {
                  "binding_reference": "PLN-20260904101000-01@1#WI-001",
                  "depends_on": [],
                  "reference": "PLN-20260904101000-01@1#WI-001",
                  "resource_ids": [
                    "app"
                  ],
                  "target_phase": "IMP"
                }
              ],
              "input_references": [
                "CTX-20260904100000-01@1"
              ],
              "reference": "PLN-20260904101000-01@1"
            },
            "reference": "PLN-20260904101000-01@1",
            "scope_digest": null
          },
          "subject_set_digest": "sha256:a7d73ba0a5112537e7da484e472c040f1faa342f82702db3f85d00c7e48df7ae",
          "subjects": [
            {
              "attempt": "attempt-001",
              "baseline_reference": "vcs:git:0000000000000000000000000000000000000000",
              "binding_lineage": "PLN-20260904101000-01@1#WI-001",
              "claim_state": "completed",
              "cumulative_changed_scope": [
                "path:app/README.md"
              ],
              "current_valid": true,
              "dependency_chain_valid": true,
              "dependency_result_references": [],
              "imp_revision_reference": "IMP-20260904102000-01@1",
              "imp_revision_state": "frozen",
              "reference": "IMP-20260904102000-01@1/RES-001",
              "resource_id": "app",
              "result_digest": "sha256:7777777777777777777777777777777777777777777777777777777777777777"
            }
          ],
          "supporting_members": [],
          "target_conclusions": [
            {
              "basis_references": [
                "VFM-001"
              ],
              "conclusion": "pending",
              "dimension_projections": {
                "verification": "pending"
              },
              "exception_reference": null,
              "purpose": "verification",
              "target_reference": "DSN-20260904100500-01@1#VFO-001"
            },
            {
              "basis_references": [
                "VFM-002"
              ],
              "conclusion": "pending",
              "dimension_projections": {
                "validation": "pending"
              },
              "exception_reference": null,
              "purpose": "validation",
              "target_reference": "DSN-20260904100500-01@1#VFO-002"
            }
          ],
          "targets": [
            {
              "obligation_references": [
                "DSN-20260904100500-01@1#VFP-001"
              ],
              "purpose": "verification",
              "reference": "DSN-20260904100500-01@1#VFO-001",
              "source_kind": "vfo",
              "summary": "The exact result contains the required file"
            },
            {
              "obligation_references": [
                "DSN-20260904100500-01@1#VFP-002"
              ],
              "purpose": "validation",
              "reference": "DSN-20260904100500-01@1#VFO-002",
              "source_kind": "vfo",
              "summary": "The delivered result supports its intended basic use"
            }
          ],
          "title": "Fixture verification"
        },
        "status": "revised"
      },
      "status": "PASS"
    },
    {
      "case_id": "VFY-E073",
      "error": null,
      "result": {
        "status": "NO_CHANGE"
      },
      "status": "PASS"
    },
    {
      "case_id": "VFY-E074",
      "error": null,
      "result": {
        "error": "VFY_FINAL_CONFIRMATION_STALE",
        "message": "Final Confirmation does not bind Contract, Subject, Result, Return and product boundary"
      },
      "status": "PASS"
    },
    {
      "case_id": "VFY-E075",
      "error": null,
      "result": {
        "abandoned": true
      },
      "status": "PASS"
    },
    {
      "case_id": "VFY-E076",
      "error": null,
      "result": {
        "digest_unchanged": true
      },
      "status": "PASS"
    },
    {
      "case_id": "VFY-E077",
      "error": null,
      "result": {
        "projection": {
          "artifact_gate": "pass_with_exception",
          "artifact_reference": "VFY-20260905015130-01@1",
          "artifact_status": "ready_with_exception",
          "early_stop": false,
          "next_action": "CREATE_RLS",
          "next_phase": "RLS",
          "product_result": "waived",
          "return_phase": null,
          "revision_state": "frozen",
          "rls_applicability": "required",
          "rls_ready": true,
          "unresolved_controls": [],
          "unresolved_returns": []
        },
        "release_candidate": {
          "artifact_gate": "pass_with_exception",
          "artifact_status": "ready_with_exception",
          "con_val": "pass",
          "con_ver": "waived",
          "contract": "sdlc-ai-spec/vfy-release-candidate/v1",
          "early_stop": false,
          "evidence_references": [
            "EVD-001@sha256:b4599a41b6b9cec1f17877a170f626872755f6092aadc7f9d0a59c04bb713e38"
          ],
          "exception": null,
          "exception_references": [
            "DSN-20260904100500-01@1#EX-001"
          ],
          "imp_chain_current_valid": true,
          "pending_fields": [],
          "product_result": "waived",
          "provisional": false,
          "release_target_obligations": [],
          "result_references": [
            "IMP-20260904102000-01@1/RES-001"
          ],
          "revision_state": "frozen",
          "rls_applicability": "required",
          "rls_ready": true,
          "scope_reference": "PLN-20260904101000-01@1",
          "source_digest": "sha256:0ff7e3e2582262e143375c48bf9750b9417e6005258ea6fd9cfc84d668c12d61",
          "subject_current_valid": true,
          "subject_references": [
            "IMP-20260904102000-01@1/RES-001"
          ],
          "unresolved_returns": [],
          "vfy_reference": "VFY-20260905015130-01@1"
        }
      },
      "status": "PASS"
    },
    {
      "case_id": "VFY-E078",
      "error": null,
      "result": {
        "artifact_gate": "pass",
        "artifact_reference": "VFY-20260905015130-01@1",
        "artifact_status": "ready",
        "early_stop": false,
        "next_action": "RETURN_UPSTREAM",
        "next_phase": "IMP",
        "product_result": "fail",
        "return_phase": "IMP",
        "revision_state": "frozen",
        "rls_applicability": "required",
        "rls_ready": false,
        "unresolved_controls": [],
        "unresolved_returns": [
          "RET-001",
          "RET-002"
        ]
      },
      "status": "PASS"
    },
    {
      "case_id": "VFY-E079",
      "error": null,
      "result": {
        "projections": [
          {
            "artifact_gate": "pass",
            "artifact_reference": "VFY-20260905015130-01@1",
            "artifact_status": "ready",
            "early_stop": false,
            "next_action": "LIFECYCLE_COMPLETE",
            "next_phase": null,
            "product_result": "pass",
            "return_phase": null,
            "revision_state": "frozen",
            "rls_applicability": "n/a",
            "rls_ready": false,
            "unresolved_controls": [],
            "unresolved_returns": []
          },
          {
            "artifact_gate": "pass_with_exception",
            "artifact_reference": "VFY-20260905015130-01@1",
            "artifact_status": "ready_with_exception",
            "early_stop": false,
            "next_action": "LIFECYCLE_COMPLETE",
            "next_phase": null,
            "product_result": "pass",
            "return_phase": null,
            "revision_state": "frozen",
            "rls_applicability": "waived",
            "rls_ready": false,
            "unresolved_controls": [],
            "unresolved_returns": []
          }
        ]
      },
      "status": "PASS"
    },
    {
      "case_id": "VFY-E080",
      "error": null,
      "result": {
        "artifact_gate": "pass",
        "artifact_status": "ready",
        "product_result": "fail"
      },
      "status": "PASS"
    }
  ],
  "selected_count": 80,
  "skipped": 0,
  "status": "PASS"
}

STDERR
source_sha = 5ea3ba9aa7288021c4d99b14cff76ec0fc405841
base_sha = 638e27221b13d74208b54f78530cf338f67879af
{"attempts": [{"attempt": 1, "delay_before_seconds": 0, "duration_ms": 12767, "exit_code": 0, "finished_at": "2026-09-05T01:51:42Z", "started_at": "2026-09-05T01:51:30Z", "stderr_log": "attest-logs/phase__lifecycle_status_regression-attempt-1.stderr.log", "stderr_sha256": "sha256:292e6a3a1ed7b67550610917161b5aa72f63cc6cdf5fd56673d2b243062b2212", "stdout_log": "attest-logs/phase__lifecycle_status_regression-attempt-1.stdout.log", "stdout_sha256": "sha256:e3b0c44298fc1c149afbf4c8996fb92427ae41e4649b934ca495991b7852b855", "transient_network_failure": false}], "base_sha": "638e27221b13d74208b54f78530cf338f67879af", "command": ["/opt/homebrew/opt/python@3.14/bin/python3.14", "-m", "unittest", "tests.skill_vfy.test_lifecycle", "tests.skill_imp.test_lifecycle", "tests.skill_status.test_imp"], "cwd": ".", "duration_ms": 12767, "exit_code": 0, "finished_at": "2026-09-05T01:51:42Z", "name": "phase__lifecycle_status_regression", "source_sha": "5ea3ba9aa7288021c4d99b14cff76ec0fc405841", "started_at": "2026-09-05T01:51:30Z", "status": "PASS", "stderr_log": "attest-logs/phase__lifecycle_status_regression-attempt-1.stderr.log", "stderr_sha256": "sha256:292e6a3a1ed7b67550610917161b5aa72f63cc6cdf5fd56673d2b243062b2212", "stdout_log": "attest-logs/phase__lifecycle_status_regression-attempt-1.stdout.log", "stdout_sha256": "sha256:e3b0c44298fc1c149afbf4c8996fb92427ae41e4649b934ca495991b7852b855"}
STDOUT

STDERR
....................................
----------------------------------------------------------------------
Ran 36 tests in 12.513s

OK
source_sha = 5ea3ba9aa7288021c4d99b14cff76ec0fc405841
base_sha = 638e27221b13d74208b54f78530cf338f67879af
{"attempts": [{"attempt": 1, "delay_before_seconds": 0, "duration_ms": 26, "exit_code": 0, "finished_at": "2026-09-05T01:51:42Z", "started_at": "2026-09-05T01:51:42Z", "stderr_log": "attest-logs/full__skill_interface-attempt-1.stderr.log", "stderr_sha256": "sha256:e3b0c44298fc1c149afbf4c8996fb92427ae41e4649b934ca495991b7852b855", "stdout_log": "attest-logs/full__skill_interface-attempt-1.stdout.log", "stdout_sha256": "sha256:00c0ad6f817f38f52e379bc9d5dd839f3125f09f5d65490df2e5233b9fbf5a06", "transient_network_failure": false}], "base_sha": "638e27221b13d74208b54f78530cf338f67879af", "command": ["/opt/homebrew/opt/python@3.14/bin/python3.14", "tools/validate_skill_interfaces.py"], "cwd": ".", "duration_ms": 26, "exit_code": 0, "finished_at": "2026-09-05T01:51:42Z", "name": "full__skill_interface", "source_sha": "5ea3ba9aa7288021c4d99b14cff76ec0fc405841", "started_at": "2026-09-05T01:51:42Z", "status": "PASS", "stderr_log": "attest-logs/full__skill_interface-attempt-1.stderr.log", "stderr_sha256": "sha256:e3b0c44298fc1c149afbf4c8996fb92427ae41e4649b934ca495991b7852b855", "stdout_log": "attest-logs/full__skill_interface-attempt-1.stdout.log", "stdout_sha256": "sha256:00c0ad6f817f38f52e379bc9d5dd839f3125f09f5d65490df2e5233b9fbf5a06"}
STDOUT
skill interface validation: PASS
formal skills: 7
interface contract: sdlc-ai-spec/runtime/skill-interface/v1
authority source locks: unchanged

STDERR
source_sha = 5ea3ba9aa7288021c4d99b14cff76ec0fc405841
base_sha = 638e27221b13d74208b54f78530cf338f67879af
{"attempts": [{"attempt": 1, "delay_before_seconds": 0, "duration_ms": 39, "exit_code": 0, "finished_at": "2026-09-05T01:51:42Z", "started_at": "2026-09-05T01:51:42Z", "stderr_log": "attest-logs/full__final_source_lock-attempt-1.stderr.log", "stderr_sha256": "sha256:e3b0c44298fc1c149afbf4c8996fb92427ae41e4649b934ca495991b7852b855", "stdout_log": "attest-logs/full__final_source_lock-attempt-1.stdout.log", "stdout_sha256": "sha256:50474aa9829754d5102353995342cf825a456275a0e04c8ba2daeba44bd8c55d", "transient_network_failure": false}], "base_sha": "638e27221b13d74208b54f78530cf338f67879af", "command": ["/opt/homebrew/opt/python@3.14/bin/python3.14", "tools/validate_sdlc_500_vfy_source_lock.py", "--require-final"], "cwd": ".", "duration_ms": 39, "exit_code": 0, "finished_at": "2026-09-05T01:51:42Z", "name": "full__final_source_lock", "source_sha": "5ea3ba9aa7288021c4d99b14cff76ec0fc405841", "started_at": "2026-09-05T01:51:42Z", "status": "PASS", "stderr_log": "attest-logs/full__final_source_lock-attempt-1.stderr.log", "stderr_sha256": "sha256:e3b0c44298fc1c149afbf4c8996fb92427ae41e4649b934ca495991b7852b855", "stdout_log": "attest-logs/full__final_source_lock-attempt-1.stdout.log", "stdout_sha256": "sha256:50474aa9829754d5102353995342cf825a456275a0e04c8ba2daeba44bd8c55d"}
STDOUT
{
  "contract": "sdlc-ai-spec/vfy-source-lock-validation/v1",
  "contract_count": 18,
  "contracts": [
    {
      "contract_id": "sdlc-ai-spec/runtime/artifact-store/v1",
      "path": "packages/sdlc_artifact_store/CONTRACT.md",
      "sha256": "500f2d327dfd734974d73eda2857ca2e3663ceaf6f8c48a92b925612cf25fc81"
    },
    {
      "contract_id": "sdlc-ai-spec/runtime/artifact/v1",
      "path": "skills/_shared/contracts/artifact-runtime.md",
      "sha256": "8e86f76153d6e7309647daa4edbdd05c0083c2ddda135279d35bd98f40a17f3c"
    },
    {
      "contract_id": "sdlc-ai-spec/runtime/imp-claim/v1",
      "path": "packages/sdlc_claim_provider/CONTRACT.md",
      "sha256": "0330e6dd7584362286692dd46128671809cf8892dc107458881873ffab82d8c9"
    },
    {
      "contract_id": "sdlc-ai-spec/runtime/kernel/v1",
      "path": "packages/sdlc_runtime/CONTRACT.md",
      "sha256": "9614a4fdc0e475b2c740d3b49908778d022065abc0d93e609eea534d379a54b7"
    },
    {
      "contract_id": "sdlc-ai-spec/runtime/lifecycle/v1",
      "path": "packages/sdlc_lifecycle/CONTRACT.md",
      "sha256": "08b2afa9daaee4ea87694472ee473a26c350493d3a5f14c5e9d02500b3aaffc7"
    },
    {
      "contract_id": "sdlc-ai-spec/runtime/phase/v1",
      "path": "skills/_shared/contracts/phase-runtime.md",
      "sha256": "0ef203f6de99f055cbf2e9c06f927ea827be31ad3b700d2c2760e4cc42c76eb3"
    },
    {
      "contract_id": "sdlc-ai-spec/runtime/resource-result/v1",
      "path": "packages/sdlc_resource/CONTRACT.md",
      "sha256": "d62486d80f308e7b7ef7459f79894d7f77defccd71e0349f6d8eb0b539a52d20"
    },
    {
      "contract_id": "sdlc-ai-spec/runtime/skill-execution/v1",
      "path": "skills/_shared/contracts/skill-execution.md",
      "sha256": "b05f03cc1987c9eed431040e2f5626880cbc07e44e5a9c48d93fdbc8cd352bc7"
    },
    {
      "contract_id": "sdlc-ai-spec/runtime/skill-inputs/v1",
      "path": "skills/_shared/contracts/skill-inputs.md",
      "sha256": "cf36e527a1b51887059889c4122d1b182dbc6e64a79037f3a217095a5b37782f"
    },
    {
      "contract_id": "sdlc-ai-spec/runtime/skill-interface/v1",
      "path": "skills/_shared/contracts/skill-interface.md",
      "sha256": "3ac6ee7bf0599b8dd5930fc6a65a2623b7dea5238b7231de62a362545d526163"
    },
    {
      "contract_id": "sdlc-ai-spec/runtime/status/v1",
      "path": "skills/sdlc-status/references/contract.md",
      "sha256": "c80f9eea06777d9fb3214cd80bd834eb202853bc1e2bd24e76bc8b1126927f04"
    },
    {
      "contract_id": "sdlc-ai-spec/runtime/vfy-interface/v1",
      "path": "skills/sdlc-500-vfy/references/interface.json",
      "sha256": "ab0929e8cf2c8825359c11295710b69ebe688c22b3fe8f0919f6a42985126e5d"
    },
    {
      "contract_id": "sdlc-ai-spec/runtime/vfy/v1",
      "path": "skills/sdlc-500-vfy/references/contract.md",
      "sha256": "c116153f4cb2f4c222267a1545cd931bfde8c1331fcd38e44d004fee924a9a45"
    },
    {
      "contract_id": "sdlc-ai-spec/schema/status-result/v1",
      "path": "skills/sdlc-status/references/status-result.schema.json",
      "sha256": "8832b5a37ec73259385b86a4fb5808f020fc8b6f8d5737f312b9190726c239e1"
    },
    {
      "contract_id": "sdlc-ai-spec/schema/vfy-release-candidate/v1",
      "path": "skills/sdlc-500-vfy/references/vfy-release-candidate-v1.schema.json",
      "sha256": "15aff25625c2d43c29e62129ea3aaff9ee5ab45dd146eecff2b417e135d98027"
    },
    {
      "contract_id": "sdlc-ai-spec/spec/artifact-store/v1.1",
      "path": "docs/v1.1/artifact-store-spec.md",
      "sha256": "b340ca2a38dfe0f7409acaa8f9ac559e8872bed44725037889528e3d167d4764"
    },
    {
      "contract_id": "sdlc-ai-spec/spec/core/v1.1",
      "path": "docs/v1.1/core-spec.md",
      "sha256": "1eefa7a138f2d221140137a5fac0f5429b7f847273fe9d70e891ace6c3b7a89b"
    },
    {
      "contract_id": "sdlc-ai-spec/spec/vfy/v1.1",
      "path": "skills/sdlc-500-vfy/references/500-vfy-spec.md",
      "sha256": "ea0aa412195b1d9f68b74dc39506e5aae635aa599f9099be3b2780f7508e6aad"
    }
  ],
  "design_source_count": 3,
  "design_sources": [
    {
      "contract_id": "sdlc-ai-spec/spec/artifact-store/v1.1",
      "git_blob": "070e515e2de434dac3b64268ee78b90b4ac8b82a",
      "path": "docs/v1.1/artifact-store-spec.md",
      "sha256": "b340ca2a38dfe0f7409acaa8f9ac559e8872bed44725037889528e3d167d4764"
    },
    {
      "contract_id": "sdlc-ai-spec/spec/core/v1.1",
      "git_blob": "3da47515a44c58d54ef4ec474019c9e57ab694f4",
      "path": "docs/v1.1/core-spec.md",
      "sha256": "1eefa7a138f2d221140137a5fac0f5429b7f847273fe9d70e891ace6c3b7a89b"
    },
    {
      "contract_id": "sdlc-ai-spec/spec/vfy/v1.1",
      "git_blob": "270e1291e450a129d842833b996a75c57d45b58e",
      "path": "docs/v1.1/500-vfy-spec.md",
      "sha256": "ea0aa412195b1d9f68b74dc39506e5aae635aa599f9099be3b2780f7508e6aad"
    }
  ],
  "provisional": false,
  "require_final": true,
  "status": "PASS"
}

STDERR
source_sha = 5ea3ba9aa7288021c4d99b14cff76ec0fc405841
base_sha = 638e27221b13d74208b54f78530cf338f67879af
{"attempts": [{"attempt": 1, "delay_before_seconds": 0, "duration_ms": 3495, "exit_code": 0, "finished_at": "2026-09-05T01:51:46Z", "started_at": "2026-09-05T01:51:42Z", "stderr_log": "attest-logs/full__installed_runtime_independence-attempt-1.stderr.log", "stderr_sha256": "sha256:e3b0c44298fc1c149afbf4c8996fb92427ae41e4649b934ca495991b7852b855", "stdout_log": "attest-logs/full__installed_runtime_independence-attempt-1.stdout.log", "stdout_sha256": "sha256:c57d29960582c9b0655c7660573e1ca96ec7f7518bc07df35f25719a636fc007", "transient_network_failure": false}], "base_sha": "638e27221b13d74208b54f78530cf338f67879af", "command": ["/opt/homebrew/opt/python@3.14/bin/python3.14", "tools/test_sdlc_500_vfy_runtime_independence.py"], "cwd": ".", "duration_ms": 3495, "exit_code": 0, "finished_at": "2026-09-05T01:51:46Z", "name": "full__installed_runtime_independence", "source_sha": "5ea3ba9aa7288021c4d99b14cff76ec0fc405841", "started_at": "2026-09-05T01:51:42Z", "status": "PASS", "stderr_log": "attest-logs/full__installed_runtime_independence-attempt-1.stderr.log", "stderr_sha256": "sha256:e3b0c44298fc1c149afbf4c8996fb92427ae41e4649b934ca495991b7852b855", "stdout_log": "attest-logs/full__installed_runtime_independence-attempt-1.stdout.log", "stdout_sha256": "sha256:c57d29960582c9b0655c7660573e1ca96ec7f7518bc07df35f25719a636fc007"}
STDOUT
{
  "check_read_only": true,
  "commands": [
    {
      "command": [
        "/opt/homebrew/opt/python@3.14/bin/python3.14",
        "/var/folders/k9/zv9qrcrn1f32drkcdhms3gx80000gn/T/vfy-installed-cj_sargj/plugin/skills/sdlc-500-vfy/scripts/runtime.py",
        "help"
      ],
      "cwd": "/var/folders/k9/zv9qrcrn1f32drkcdhms3gx80000gn/T/vfy-installed-cj_sargj/project",
      "exit_code": 0,
      "name": "help",
      "stderr_sha256": "e3b0c44298fc1c149afbf4c8996fb92427ae41e4649b934ca495991b7852b855",
      "stdout_sha256": "68497804a53be7d64b800e80c9e990d12b30e5da31625bf69089c80b32967c07"
    },
    {
      "command": [
        "/opt/homebrew/opt/python@3.14/bin/python3.14",
        "/var/folders/k9/zv9qrcrn1f32drkcdhms3gx80000gn/T/vfy-installed-cj_sargj/plugin/skills/sdlc-500-vfy/scripts/runtime.py",
        "version"
      ],
      "cwd": "/var/folders/k9/zv9qrcrn1f32drkcdhms3gx80000gn/T/vfy-installed-cj_sargj/project",
      "exit_code": 0,
      "name": "version",
      "stderr_sha256": "e3b0c44298fc1c149afbf4c8996fb92427ae41e4649b934ca495991b7852b855",
      "stdout_sha256": "c1a4a857be468d1fad357ff73120cb458b873d36eb8ca2b0a8ac5ab6f3a04371"
    },
    {
      "command": [
        "/opt/homebrew/opt/python@3.14/bin/python3.14",
        "/var/folders/k9/zv9qrcrn1f32drkcdhms3gx80000gn/T/vfy-installed-cj_sargj/plugin/skills/sdlc-500-vfy/scripts/runtime.py",
        "commands"
      ],
      "cwd": "/var/folders/k9/zv9qrcrn1f32drkcdhms3gx80000gn/T/vfy-installed-cj_sargj/project",
      "exit_code": 0,
      "name": "commands",
      "stderr_sha256": "e3b0c44298fc1c149afbf4c8996fb92427ae41e4649b934ca495991b7852b855",
      "stdout_sha256": "e660464101c2ee8a65f6697c1d5558842a95250739ae8b556a8c75b424eff4d7"
    },
    {
      "command": [
        "/opt/homebrew/opt/python@3.14/bin/python3.14",
        "/var/folders/k9/zv9qrcrn1f32drkcdhms3gx80000gn/T/vfy-installed-cj_sargj/plugin/skills/sdlc-500-vfy/scripts/runtime.py",
        "examples"
      ],
      "cwd": "/var/folders/k9/zv9qrcrn1f32drkcdhms3gx80000gn/T/vfy-installed-cj_sargj/project",
      "exit_code": 0,
      "name": "examples",
      "stderr_sha256": "e3b0c44298fc1c149afbf4c8996fb92427ae41e4649b934ca495991b7852b855",
      "stdout_sha256": "95c092a6d02cd84a143dd18d0316cf782fb8025a12fa3a0d809b5c62f1ed4230"
    },
    {
      "command": [
        "/opt/homebrew/opt/python@3.14/bin/python3.14",
        "/var/folders/k9/zv9qrcrn1f32drkcdhms3gx80000gn/T/vfy-installed-cj_sargj/plugin/skills/sdlc-500-vfy/scripts/runtime.py",
        "create",
        "--project-root",
        "/var/folders/k9/zv9qrcrn1f32drkcdhms3gx80000gn/T/vfy-installed-cj_sargj/project",
        "--output",
        "json",
        "--input",
        "PLN-20260904010000-01@1",
        "--input",
        "IMP-20260904010000-01@1/RESULT-RES-001"
      ],
      "cwd": "/var/folders/k9/zv9qrcrn1f32drkcdhms3gx80000gn/T/vfy-installed-cj_sargj/project",
      "exit_code": 0,
      "name": "create",
      "stderr_sha256": "e3b0c44298fc1c149afbf4c8996fb92427ae41e4649b934ca495991b7852b855",
      "stdout_sha256": "39c8681dae17e4ec3d758d77a9e5977c67c931f7d7c33e1300f6da3060d1a3b3"
    },
    {
      "command": [
        "/opt/homebrew/opt/python@3.14/bin/python3.14",
        "/var/folders/k9/zv9qrcrn1f32drkcdhms3gx80000gn/T/vfy-installed-cj_sargj/plugin/skills/sdlc-500-vfy/scripts/runtime.py",
        "run",
        "--project-root",
        "/var/folders/k9/zv9qrcrn1f32drkcdhms3gx80000gn/T/vfy-installed-cj_sargj/project",
        "--reference",
        "VFY-20260905015144-01@1",
        "--output",
        "json"
      ],
      "cwd": "/var/folders/k9/zv9qrcrn1f32drkcdhms3gx80000gn/T/vfy-installed-cj_sargj/project",
      "exit_code": 0,
      "name": "run",
      "stderr_sha256": "e3b0c44298fc1c149afbf4c8996fb92427ae41e4649b934ca495991b7852b855",
      "stdout_sha256": "42d099a626fd17fe66f316d6deb9c04df5289f25f0347135e4a8dbde3b16bab1"
    },
    {
      "command": [
        "/opt/homebrew/opt/python@3.14/bin/python3.14",
        "-c",
        "\nimport json\nfrom pathlib import Path\nimport sys\n\ninstalled = Path(sys.argv[1])\nroot = Path(sys.argv[2])\nlabel = sys.argv[3]\nmode = sys.argv[4]\nsys.path[:0] = [str(installed), str(installed / \"skills/sdlc-500-vfy/scripts\")]\n\nfrom packages.sdlc_artifact_store import compute_sha256\nfrom packages.sdlc_runtime.authority import (\n    DELEGATED_AUTHORITY_HEADERS,\n    DELEGATED_EXCLUDED_AUTHORITY,\n    DELEGATED_INDEPENDENCE,\n)\nfrom vfy_handler import VfyHandler\n\nstate = json.load(sys.stdin)\nbindings = VfyHandler(root).confirmation_requirements(state)\nauthority_dir = root / \".sdlc/authority\"\nauthority_dir.mkdir(parents=True, exist_ok=True)\nif mode == \"human\":\n    raw = b\"decision: approved\\nauthority: product owner\\n\"\n    authority = authority_dir / f\"vfy-installed-{label}-human.txt\"\n    authority.write_bytes(raw)\n    accepted = [\n        f\"{state['artifact']['reference']}#{item['id']}\"\n        for item in state.get(\"exceptions\", [])\n        if item.get(\"state\") in {\"active\", \"carried\"}\n    ]\n    print(json.dumps({\n        \"mode\": \"human\",\n        \"confirmer\": \"installed-product-owner\",\n        \"role\": \"Product Owner\",\n        \"authority_reference\": authority.relative_to(root).as_posix() + \"@\" + compute_sha256(raw),\n        \"accepted_exception_references\": accepted,\n        \"confirmed_at\": \"2026-09-04T10:30:00Z\",\n        **bindings,\n    }, sort_keys=True))\n    raise SystemExit(0)\nif mode != \"delegated\":\n    raise SystemExit(\"unsupported confirmation mode\")\nbasis = authority_dir / f\"vfy-installed-{label}-delegation.txt\"\nbasis.write_text(\"Independent deterministic VFY contract review authority.\\n\", encoding=\"utf-8\")\nbasis_reference = basis.relative_to(root).as_posix() + \"@\" + compute_sha256(basis.read_bytes())\nreviewer = \"installed-independent-reviewer\"\nexecutors = {\n    item[\"executor_identity\"]\n    for item in state[\"methods\"]\n    if item[\"disposition\"] in {\"required\", \"embedded\"}\n}\nif len(executors) != 1:\n    raise SystemExit(\"installed fixture requires one exact Executor identity\")\nexecutor = next(iter(executors))\nvalues = (\n    basis_reference,\n    reviewer,\n    \"Delegated Independent Reviewer\",\n    executor,\n    DELEGATED_INDEPENDENCE,\n    bindings[\"control_input_digest\"],\n    bindings[\"evaluation_contract_set\"],\n    bindings[\"check_set_result_digest\"],\n    DELEGATED_EXCLUDED_AUTHORITY,\n)\nraw = (\"\\n\".join((\n    \"---\",\n    \"contract: sdlc-ai-spec/final-confirmation-authority/v1\",\n    f\"artifact: {state['artifact']['reference']}\",\n    \"decision: approved\",\n    \"decided_at: 2026-09-04T10:30:00Z\",\n    \"---\",\n    \"\",\n    \"| \" + \" | \".join(DELEGATED_AUTHORITY_HEADERS) + \" |\",\n    \"|\" + \"|\".join(\"---\" for _ in DELEGATED_AUTHORITY_HEADERS) + \"|\",\n    \"| \" + \" | \".join(values) + \" |\",\n)) + \"\\n\").encode(\"utf-8\")\nauthority = authority_dir / f\"vfy-installed-{label}-confirmation.md\"\nauthority.write_bytes(raw)\nprint(json.dumps({\n    \"mode\": \"delegated\",\n    \"confirmer\": reviewer,\n    \"role\": \"Delegated Independent Reviewer\",\n    \"reviewed_executor\": executor,\n    \"authority_reference\": authority.relative_to(root).as_posix() + \"@\" + compute_sha256(raw),\n    \"accepted_exception_references\": [],\n    \"confirmed_at\": \"2026-09-04T10:30:00Z\",\n    **bindings,\n}, sort_keys=True))\n",
        "/var/folders/k9/zv9qrcrn1f32drkcdhms3gx80000gn/T/vfy-installed-cj_sargj/plugin",
        "/var/folders/k9/zv9qrcrn1f32drkcdhms3gx80000gn/T/vfy-installed-cj_sargj/project",
        "pass",
        "delegated"
      ],
      "cwd": "/var/folders/k9/zv9qrcrn1f32drkcdhms3gx80000gn/T/vfy-installed-cj_sargj/project",
      "exit_code": 0,
      "name": "delegated_confirmation_pass",
      "stderr_sha256": "e3b0c44298fc1c149afbf4c8996fb92427ae41e4649b934ca495991b7852b855",
      "stdout_sha256": "c09158622277915c978c4064f7acdb93c60459732a0b4804b810d8e04cbc004d"
    },
    {
      "command": [
        "/opt/homebrew/opt/python@3.14/bin/python3.14",
        "/var/folders/k9/zv9qrcrn1f32drkcdhms3gx80000gn/T/vfy-installed-cj_sargj/plugin/skills/sdlc-500-vfy/scripts/runtime.py",
        "run",
        "--project-root",
        "/var/folders/k9/zv9qrcrn1f32drkcdhms3gx80000gn/T/vfy-installed-cj_sargj/project",
        "--reference",
        "VFY-20260905015144-01@1",
        "--output",
        "json"
      ],
      "cwd": "/var/folders/k9/zv9qrcrn1f32drkcdhms3gx80000gn/T/vfy-installed-cj_sargj/project",
      "exit_code": 0,
      "name": "finalize",
      "stderr_sha256": "e3b0c44298fc1c149afbf4c8996fb92427ae41e4649b934ca495991b7852b855",
      "stdout_sha256": "d6c189aa652d45cebbf9b5a08ab2cc106527a74cae31de755b89bbc31d4acde3"
    },
    {
      "command": [
        "/opt/homebrew/opt/python@3.14/bin/python3.14",
        "/var/folders/k9/zv9qrcrn1f32drkcdhms3gx80000gn/T/vfy-installed-cj_sargj/plugin/skills/sdlc-500-vfy/scripts/runtime.py",
        "check",
        "--project-root",
        "/var/folders/k9/zv9qrcrn1f32drkcdhms3gx80000gn/T/vfy-installed-cj_sargj/project",
        "--reference",
        "VFY-20260905015144-01@1",
        "--output",
        "json"
      ],
      "cwd": "/var/folders/k9/zv9qrcrn1f32drkcdhms3gx80000gn/T/vfy-installed-cj_sargj/project",
      "exit_code": 0,
      "name": "check",
      "stderr_sha256": "e3b0c44298fc1c149afbf4c8996fb92427ae41e4649b934ca495991b7852b855",
      "stdout_sha256": "06a90a8570322598a1b8d21aa3275e360db45364e50bef911dca37374b426478"
    },
    {
      "command": [
        "/opt/homebrew/opt/python@3.14/bin/python3.14",
        "/var/folders/k9/zv9qrcrn1f32drkcdhms3gx80000gn/T/vfy-installed-cj_sargj/plugin/skills/sdlc-500-vfy/scripts/runtime.py",
        "revise",
        "--project-root",
        "/var/folders/k9/zv9qrcrn1f32drkcdhms3gx80000gn/T/vfy-installed-cj_sargj/project",
        "--reference",
        "VFY-20260905015144-01@1",
        "--output",
        "json",
        "--input",
        "PLN-20260904010000-01@1",
        "--input",
        "IMP-20260904010000-01@1/RESULT-RES-001"
      ],
      "cwd": "/var/folders/k9/zv9qrcrn1f32drkcdhms3gx80000gn/T/vfy-installed-cj_sargj/project",
      "exit_code": 0,
      "name": "revise",
      "stderr_sha256": "e3b0c44298fc1c149afbf4c8996fb92427ae41e4649b934ca495991b7852b855",
      "stdout_sha256": "fbf027f7e957f627da9ad6c0595c6024ab899c79b938ef89508daf68c41312d7"
    },
    {
      "command": [
        "/opt/homebrew/opt/python@3.14/bin/python3.14",
        "/var/folders/k9/zv9qrcrn1f32drkcdhms3gx80000gn/T/vfy-installed-cj_sargj/plugin/skills/sdlc-500-vfy/scripts/runtime.py",
        "create",
        "--project-root",
        "/var/folders/k9/zv9qrcrn1f32drkcdhms3gx80000gn/T/vfy-installed-cj_sargj/return-project",
        "--output",
        "json",
        "--input",
        "PLN-20260904010000-01@1",
        "--input",
        "IMP-20260904010000-01@1/RESULT-RES-001"
      ],
      "cwd": "/var/folders/k9/zv9qrcrn1f32drkcdhms3gx80000gn/T/vfy-installed-cj_sargj/return-project",
      "exit_code": 0,
      "name": "return_create",
      "stderr_sha256": "e3b0c44298fc1c149afbf4c8996fb92427ae41e4649b934ca495991b7852b855",
      "stdout_sha256": "82e688f29405465adcc0b65595225c5023f2a3793744b0eb6a40d2a00b55fff7"
    },
    {
      "command": [
        "/opt/homebrew/opt/python@3.14/bin/python3.14",
        "/var/folders/k9/zv9qrcrn1f32drkcdhms3gx80000gn/T/vfy-installed-cj_sargj/plugin/skills/sdlc-500-vfy/scripts/runtime.py",
        "run",
        "--project-root",
        "/var/folders/k9/zv9qrcrn1f32drkcdhms3gx80000gn/T/vfy-installed-cj_sargj/return-project",
        "--reference",
        "VFY-20260905015145-01@1",
        "--output",
        "json"
      ],
      "cwd": "/var/folders/k9/zv9qrcrn1f32drkcdhms3gx80000gn/T/vfy-installed-cj_sargj/return-project",
      "exit_code": 0,
      "name": "return",
      "stderr_sha256": "e3b0c44298fc1c149afbf4c8996fb92427ae41e4649b934ca495991b7852b855",
      "stdout_sha256": "a74deaed67a28106b030c0ad0a15a9657e7a45c00028c2a2422f6c4735d3f27d"
    },
    {
      "command": [
        "/opt/homebrew/opt/python@3.14/bin/python3.14",
        "-c",
        "\nimport json\nfrom pathlib import Path\nimport sys\n\ninstalled = Path(sys.argv[1])\nroot = Path(sys.argv[2])\nlabel = sys.argv[3]\nmode = sys.argv[4]\nsys.path[:0] = [str(installed), str(installed / \"skills/sdlc-500-vfy/scripts\")]\n\nfrom packages.sdlc_artifact_store import compute_sha256\nfrom packages.sdlc_runtime.authority import (\n    DELEGATED_AUTHORITY_HEADERS,\n    DELEGATED_EXCLUDED_AUTHORITY,\n    DELEGATED_INDEPENDENCE,\n)\nfrom vfy_handler import VfyHandler\n\nstate = json.load(sys.stdin)\nbindings = VfyHandler(root).confirmation_requirements(state)\nauthority_dir = root / \".sdlc/authority\"\nauthority_dir.mkdir(parents=True, exist_ok=True)\nif mode == \"human\":\n    raw = b\"decision: approved\\nauthority: product owner\\n\"\n    authority = authority_dir / f\"vfy-installed-{label}-human.txt\"\n    authority.write_bytes(raw)\n    accepted = [\n        f\"{state['artifact']['reference']}#{item['id']}\"\n        for item in state.get(\"exceptions\", [])\n        if item.get(\"state\") in {\"active\", \"carried\"}\n    ]\n    print(json.dumps({\n        \"mode\": \"human\",\n        \"confirmer\": \"installed-product-owner\",\n        \"role\": \"Product Owner\",\n        \"authority_reference\": authority.relative_to(root).as_posix() + \"@\" + compute_sha256(raw),\n        \"accepted_exception_references\": accepted,\n        \"confirmed_at\": \"2026-09-04T10:30:00Z\",\n        **bindings,\n    }, sort_keys=True))\n    raise SystemExit(0)\nif mode != \"delegated\":\n    raise SystemExit(\"unsupported confirmation mode\")\nbasis = authority_dir / f\"vfy-installed-{label}-delegation.txt\"\nbasis.write_text(\"Independent deterministic VFY contract review authority.\\n\", encoding=\"utf-8\")\nbasis_reference = basis.relative_to(root).as_posix() + \"@\" + compute_sha256(basis.read_bytes())\nreviewer = \"installed-independent-reviewer\"\nexecutors = {\n    item[\"executor_identity\"]\n    for item in state[\"methods\"]\n    if item[\"disposition\"] in {\"required\", \"embedded\"}\n}\nif len(executors) != 1:\n    raise SystemExit(\"installed fixture requires one exact Executor identity\")\nexecutor = next(iter(executors))\nvalues = (\n    basis_reference,\n    reviewer,\n    \"Delegated Independent Reviewer\",\n    executor,\n    DELEGATED_INDEPENDENCE,\n    bindings[\"control_input_digest\"],\n    bindings[\"evaluation_contract_set\"],\n    bindings[\"check_set_result_digest\"],\n    DELEGATED_EXCLUDED_AUTHORITY,\n)\nraw = (\"\\n\".join((\n    \"---\",\n    \"contract: sdlc-ai-spec/final-confirmation-authority/v1\",\n    f\"artifact: {state['artifact']['reference']}\",\n    \"decision: approved\",\n    \"decided_at: 2026-09-04T10:30:00Z\",\n    \"---\",\n    \"\",\n    \"| \" + \" | \".join(DELEGATED_AUTHORITY_HEADERS) + \" |\",\n    \"|\" + \"|\".join(\"---\" for _ in DELEGATED_AUTHORITY_HEADERS) + \"|\",\n    \"| \" + \" | \".join(values) + \" |\",\n)) + \"\\n\").encode(\"utf-8\")\nauthority = authority_dir / f\"vfy-installed-{label}-confirmation.md\"\nauthority.write_bytes(raw)\nprint(json.dumps({\n    \"mode\": \"delegated\",\n    \"confirmer\": reviewer,\n    \"role\": \"Delegated Independent Reviewer\",\n    \"reviewed_executor\": executor,\n    \"authority_reference\": authority.relative_to(root).as_posix() + \"@\" + compute_sha256(raw),\n    \"accepted_exception_references\": [],\n    \"confirmed_at\": \"2026-09-04T10:30:00Z\",\n    **bindings,\n}, sort_keys=True))\n",
        "/var/folders/k9/zv9qrcrn1f32drkcdhms3gx80000gn/T/vfy-installed-cj_sargj/plugin",
        "/var/folders/k9/zv9qrcrn1f32drkcdhms3gx80000gn/T/vfy-installed-cj_sargj/return-project",
        "return",
        "delegated"
      ],
      "cwd": "/var/folders/k9/zv9qrcrn1f32drkcdhms3gx80000gn/T/vfy-installed-cj_sargj/return-project",
      "exit_code": 0,
      "name": "delegated_confirmation_return",
      "stderr_sha256": "e3b0c44298fc1c149afbf4c8996fb92427ae41e4649b934ca495991b7852b855",
      "stdout_sha256": "688c07a2964739a403e9096493571a37cd4a5ae0abb51bbb26c6583f0d7fc049"
    },
    {
      "command": [
        "/opt/homebrew/opt/python@3.14/bin/python3.14",
        "/var/folders/k9/zv9qrcrn1f32drkcdhms3gx80000gn/T/vfy-installed-cj_sargj/plugin/skills/sdlc-500-vfy/scripts/runtime.py",
        "run",
        "--project-root",
        "/var/folders/k9/zv9qrcrn1f32drkcdhms3gx80000gn/T/vfy-installed-cj_sargj/return-project",
        "--reference",
        "VFY-20260905015145-01@1",
        "--output",
        "json"
      ],
      "cwd": "/var/folders/k9/zv9qrcrn1f32drkcdhms3gx80000gn/T/vfy-installed-cj_sargj/return-project",
      "exit_code": 0,
      "name": "return_finalize",
      "stderr_sha256": "e3b0c44298fc1c149afbf4c8996fb92427ae41e4649b934ca495991b7852b855",
      "stdout_sha256": "ee1f0799e62bc9255bbd435dba4909022a921f1a086d5fab13f380d6a9e601c0"
    },
    {
      "command": [
        "/opt/homebrew/opt/python@3.14/bin/python3.14",
        "-c",
        "\nimport json\nfrom pathlib import Path\nimport sys\n\ninstalled = Path(sys.argv[1])\nsys.path[:0] = [\n    str(installed),\n    str(installed / \"skills/sdlc-status/scripts\"),\n]\nfrom packages.sdlc_lifecycle.query_vfy import project_vfy_state\nfrom vfy_projection import project_vfy_status\n\nstate = json.load(sys.stdin)\nprint(json.dumps({\n    \"lifecycle\": project_vfy_state(state).to_dict(),\n    \"status\": project_vfy_status(state),\n}, sort_keys=True))\n",
        "/var/folders/k9/zv9qrcrn1f32drkcdhms3gx80000gn/T/vfy-installed-cj_sargj/plugin"
      ],
      "cwd": "/var/folders/k9/zv9qrcrn1f32drkcdhms3gx80000gn/T/vfy-installed-cj_sargj/return-project",
      "exit_code": 0,
      "name": "lifecycle_projection",
      "stderr_sha256": "e3b0c44298fc1c149afbf4c8996fb92427ae41e4649b934ca495991b7852b855",
      "stdout_sha256": "cb2199af8271ce612c85f71e7717b3c4934bde0f1be8992e870395b0eb87a52a"
    },
    {
      "command": [
        "/opt/homebrew/opt/python@3.14/bin/python3.14",
        "/var/folders/k9/zv9qrcrn1f32drkcdhms3gx80000gn/T/vfy-installed-cj_sargj/plugin/skills/sdlc-500-vfy/scripts/runtime.py",
        "create",
        "--project-root",
        "/var/folders/k9/zv9qrcrn1f32drkcdhms3gx80000gn/T/vfy-installed-cj_sargj/exception-project",
        "--output",
        "json"
      ],
      "cwd": "/var/folders/k9/zv9qrcrn1f32drkcdhms3gx80000gn/T/vfy-installed-cj_sargj/exception-project",
      "exit_code": 0,
      "name": "exception_create",
      "stderr_sha256": "e3b0c44298fc1c149afbf4c8996fb92427ae41e4649b934ca495991b7852b855",
      "stdout_sha256": "0db8770d548aa5d33c6965858f7e4f4bc81b5d0ca752ee1ff3c35e4b39635cf7"
    },
    {
      "command": [
        "/opt/homebrew/opt/python@3.14/bin/python3.14",
        "-c",
        "\nimport json\nfrom pathlib import Path\nimport sys\n\ninstalled = Path(sys.argv[1])\nroot = Path(sys.argv[2])\nlabel = sys.argv[3]\nmode = sys.argv[4]\nsys.path[:0] = [str(installed), str(installed / \"skills/sdlc-500-vfy/scripts\")]\n\nfrom packages.sdlc_artifact_store import compute_sha256\nfrom packages.sdlc_runtime.authority import (\n    DELEGATED_AUTHORITY_HEADERS,\n    DELEGATED_EXCLUDED_AUTHORITY,\n    DELEGATED_INDEPENDENCE,\n)\nfrom vfy_handler import VfyHandler\n\nstate = json.load(sys.stdin)\nbindings = VfyHandler(root).confirmation_requirements(state)\nauthority_dir = root / \".sdlc/authority\"\nauthority_dir.mkdir(parents=True, exist_ok=True)\nif mode == \"human\":\n    raw = b\"decision: approved\\nauthority: product owner\\n\"\n    authority = authority_dir / f\"vfy-installed-{label}-human.txt\"\n    authority.write_bytes(raw)\n    accepted = [\n        f\"{state['artifact']['reference']}#{item['id']}\"\n        for item in state.get(\"exceptions\", [])\n        if item.get(\"state\") in {\"active\", \"carried\"}\n    ]\n    print(json.dumps({\n        \"mode\": \"human\",\n        \"confirmer\": \"installed-product-owner\",\n        \"role\": \"Product Owner\",\n        \"authority_reference\": authority.relative_to(root).as_posix() + \"@\" + compute_sha256(raw),\n        \"accepted_exception_references\": accepted,\n        \"confirmed_at\": \"2026-09-04T10:30:00Z\",\n        **bindings,\n    }, sort_keys=True))\n    raise SystemExit(0)\nif mode != \"delegated\":\n    raise SystemExit(\"unsupported confirmation mode\")\nbasis = authority_dir / f\"vfy-installed-{label}-delegation.txt\"\nbasis.write_text(\"Independent deterministic VFY contract review authority.\\n\", encoding=\"utf-8\")\nbasis_reference = basis.relative_to(root).as_posix() + \"@\" + compute_sha256(basis.read_bytes())\nreviewer = \"installed-independent-reviewer\"\nexecutors = {\n    item[\"executor_identity\"]\n    for item in state[\"methods\"]\n    if item[\"disposition\"] in {\"required\", \"embedded\"}\n}\nif len(executors) != 1:\n    raise SystemExit(\"installed fixture requires one exact Executor identity\")\nexecutor = next(iter(executors))\nvalues = (\n    basis_reference,\n    reviewer,\n    \"Delegated Independent Reviewer\",\n    executor,\n    DELEGATED_INDEPENDENCE,\n    bindings[\"control_input_digest\"],\n    bindings[\"evaluation_contract_set\"],\n    bindings[\"check_set_result_digest\"],\n    DELEGATED_EXCLUDED_AUTHORITY,\n)\nraw = (\"\\n\".join((\n    \"---\",\n    \"contract: sdlc-ai-spec/final-confirmation-authority/v1\",\n    f\"artifact: {state['artifact']['reference']}\",\n    \"decision: approved\",\n    \"decided_at: 2026-09-04T10:30:00Z\",\n    \"---\",\n    \"\",\n    \"| \" + \" | \".join(DELEGATED_AUTHORITY_HEADERS) + \" |\",\n    \"|\" + \"|\".join(\"---\" for _ in DELEGATED_AUTHORITY_HEADERS) + \"|\",\n    \"| \" + \" | \".join(values) + \" |\",\n)) + \"\\n\").encode(\"utf-8\")\nauthority = authority_dir / f\"vfy-installed-{label}-confirmation.md\"\nauthority.write_bytes(raw)\nprint(json.dumps({\n    \"mode\": \"delegated\",\n    \"confirmer\": reviewer,\n    \"role\": \"Delegated Independent Reviewer\",\n    \"reviewed_executor\": executor,\n    \"authority_reference\": authority.relative_to(root).as_posix() + \"@\" + compute_sha256(raw),\n    \"accepted_exception_references\": [],\n    \"confirmed_at\": \"2026-09-04T10:30:00Z\",\n    **bindings,\n}, sort_keys=True))\n",
        "/var/folders/k9/zv9qrcrn1f32drkcdhms3gx80000gn/T/vfy-installed-cj_sargj/plugin",
        "/var/folders/k9/zv9qrcrn1f32drkcdhms3gx80000gn/T/vfy-installed-cj_sargj/exception-project",
        "exception",
        "human"
      ],
      "cwd": "/var/folders/k9/zv9qrcrn1f32drkcdhms3gx80000gn/T/vfy-installed-cj_sargj/exception-project",
      "exit_code": 0,
      "name": "human_confirmation_exception",
      "stderr_sha256": "e3b0c44298fc1c149afbf4c8996fb92427ae41e4649b934ca495991b7852b855",
      "stdout_sha256": "ebaffb15da037a36ca114bb8f2e3c142111c46a01f876895901847922bc781e3"
    },
    {
      "command": [
        "/opt/homebrew/opt/python@3.14/bin/python3.14",
        "/var/folders/k9/zv9qrcrn1f32drkcdhms3gx80000gn/T/vfy-installed-cj_sargj/plugin/skills/sdlc-500-vfy/scripts/runtime.py",
        "auto",
        "--project-root",
        "/var/folders/k9/zv9qrcrn1f32drkcdhms3gx80000gn/T/vfy-installed-cj_sargj/exception-project",
        "--output",
        "json"
      ],
      "cwd": "/var/folders/k9/zv9qrcrn1f32drkcdhms3gx80000gn/T/vfy-installed-cj_sargj/exception-project",
      "exit_code": 0,
      "name": "exception_finalize",
      "stderr_sha256": "e3b0c44298fc1c149afbf4c8996fb92427ae41e4649b934ca495991b7852b855",
      "stdout_sha256": "eaf6d35be8514bd844ea929a58f8c84469202bcfafaec5488ff0201c0f09bd7c"
    }
  ],
  "contract": "sdlc-ai-spec/vfy-runtime-independence-result/v1",
  "exception_projection": {
    "artifact_gate": "pass_with_exception",
    "artifact_status": "ready_with_exception",
    "product_result": "waived"
  },
  "installed_boundary": {
    "agents_present": false,
    "claude_present": false,
    "docs_present": false,
    "handoff_present": false,
    "packages": true,
    "scripts": true,
    "skills": [
      "_shared",
      "sdlc-500-vfy",
      "sdlc-status"
    ],
    "tests_present": false
  },
  "installed_digest": "4e1cf2d3e34f67514c1749a78d1b7939aa3f39981afc9342d42bbd7dcd229f08",
  "meta_commands": [
    "help",
    "version",
    "commands",
    "examples"
  ],
  "operations": [
    "create",
    "run",
    "revise",
    "check",
    "Return",
    "Exception",
    "Lifecycle projection"
  ],
  "pass_projection": {
    "artifact_gate": "pass",
    "product_result": "pass",
    "rls_ready": false
  },
  "project_final_digest": "4963626f18285fa48ca88a6b85e9f7bb5858b8d7f3d1c1d3726425d24020956d",
  "project_initial_digest": "4963626f18285fa48ca88a6b85e9f7bb5858b8d7f3d1c1d3726425d24020956d",
  "return_project_final_digest": "4963626f18285fa48ca88a6b85e9f7bb5858b8d7f3d1c1d3726425d24020956d",
  "return_project_initial_digest": "4963626f18285fa48ca88a6b85e9f7bb5858b8d7f3d1c1d3726425d24020956d",
  "return_projection": {
    "artifact_gate": "pass",
    "artifact_reference": "VFY-20260905015145-01@1",
    "artifact_status": "ready",
    "early_stop": false,
    "next_action": "RETURN_UPSTREAM",
    "next_phase": "IMP",
    "product_result": "fail",
    "return_phase": "IMP",
    "revision_state": "frozen",
    "rls_applicability": "n/a",
    "rls_ready": false,
    "unresolved_controls": [],
    "unresolved_returns": [
      "RET-001"
    ]
  },
  "status": "PASS",
  "status_projection": {
    "artifact_gate": "pass",
    "artifact_reference": "VFY-20260905015145-01@1",
    "artifact_status": "ready",
    "display": {
      "artifact": "Artifact Gate: pass",
      "downstream": "RLS ready: no",
      "product": "Product Result: fail"
    },
    "early_stop": false,
    "next_action": "RETURN_UPSTREAM",
    "next_phase": "IMP",
    "phase": "VFY",
    "product_result": "fail",
    "return_phase": "IMP",
    "revision_state": "frozen",
    "rls_applicability": "n/a",
    "rls_ready": false,
    "unresolved_returns": [
      "RET-001"
    ]
  }
}

STDERR
source_sha = 5ea3ba9aa7288021c4d99b14cff76ec0fc405841
base_sha = 638e27221b13d74208b54f78530cf338f67879af
{"attempts": [{"attempt": 1, "delay_before_seconds": 0, "duration_ms": 133, "exit_code": 0, "finished_at": "2026-09-05T01:51:46Z", "started_at": "2026-09-05T01:51:46Z", "stderr_log": "attest-logs/full__runtime_contract_boundary-attempt-1.stderr.log", "stderr_sha256": "sha256:e3b0c44298fc1c149afbf4c8996fb92427ae41e4649b934ca495991b7852b855", "stdout_log": "attest-logs/full__runtime_contract_boundary-attempt-1.stdout.log", "stdout_sha256": "sha256:d9a6bae01c226a9b018b6ad43f007d724b93984586b0fb878ae5911f03383cec", "transient_network_failure": false}], "base_sha": "638e27221b13d74208b54f78530cf338f67879af", "command": ["/opt/homebrew/opt/python@3.14/bin/python3.14", "tools/validate_runtime_contracts.py"], "cwd": ".", "duration_ms": 133, "exit_code": 0, "finished_at": "2026-09-05T01:51:46Z", "name": "full__runtime_contract_boundary", "source_sha": "5ea3ba9aa7288021c4d99b14cff76ec0fc405841", "started_at": "2026-09-05T01:51:46Z", "status": "PASS", "stderr_log": "attest-logs/full__runtime_contract_boundary-attempt-1.stderr.log", "stderr_sha256": "sha256:e3b0c44298fc1c149afbf4c8996fb92427ae41e4649b934ca495991b7852b855", "stdout_log": "attest-logs/full__runtime_contract_boundary-attempt-1.stdout.log", "stdout_sha256": "sha256:d9a6bae01c226a9b018b6ad43f007d724b93984586b0fb878ae5911f03383cec"}
STDOUT
runtime contract validation: PASS
runtime contracts: 5
formal skills: 7

STDERR
source_sha = 5ea3ba9aa7288021c4d99b14cff76ec0fc405841
base_sha = 638e27221b13d74208b54f78530cf338f67879af
{"attempts": [{"attempt": 1, "delay_before_seconds": 0, "duration_ms": 1122, "exit_code": 0, "finished_at": "2026-09-05T01:51:47Z", "started_at": "2026-09-05T01:51:46Z", "stderr_log": "attest-logs/full__web_review_guard-attempt-1.stderr.log", "stderr_sha256": "sha256:e3b0c44298fc1c149afbf4c8996fb92427ae41e4649b934ca495991b7852b855", "stdout_log": "attest-logs/full__web_review_guard-attempt-1.stdout.log", "stdout_sha256": "sha256:063320b6e3df0f4b01c07bdc63588491b489807a4d43e0ddc5dd53f777fb8475", "transient_network_failure": false}], "base_sha": "638e27221b13d74208b54f78530cf338f67879af", "command": ["/opt/homebrew/opt/python@3.14/bin/python3.14", "tools/review_sdlc_500_vfy_implementation.py"], "cwd": ".", "duration_ms": 1122, "exit_code": 0, "finished_at": "2026-09-05T01:51:47Z", "name": "full__web_review_guard", "source_sha": "5ea3ba9aa7288021c4d99b14cff76ec0fc405841", "started_at": "2026-09-05T01:51:46Z", "status": "PASS", "stderr_log": "attest-logs/full__web_review_guard-attempt-1.stderr.log", "stderr_sha256": "sha256:e3b0c44298fc1c149afbf4c8996fb92427ae41e4649b934ca495991b7852b855", "stdout_log": "attest-logs/full__web_review_guard-attempt-1.stdout.log", "stdout_sha256": "sha256:063320b6e3df0f4b01c07bdc63588491b489807a4d43e0ddc5dd53f777fb8475"}
STDOUT
........
----------------------------------------------------------------------
Ran 8 tests in 0.835s

OK
VFY_IMPLEMENTATION_REVIEW=PASS
VFY-WEB-001..006 structural guards=PASS
VFY-WEB-007 capability/unittest/Formal Eval behavioral guards=PASS

STDERR
source_sha = 5ea3ba9aa7288021c4d99b14cff76ec0fc405841
base_sha = 638e27221b13d74208b54f78530cf338f67879af
{"attempts": [{"attempt": 1, "delay_before_seconds": 0, "duration_ms": 72745, "exit_code": 0, "finished_at": "2026-09-05T01:53:00Z", "started_at": "2026-09-05T01:51:47Z", "stderr_log": "attest-logs/full__full_repository_regression-attempt-1.stderr.log", "stderr_sha256": "sha256:bf9fbebdc7ac60d3c0867ecca226c1104eafafcb8acaf4dc1a6d318450626c92", "stdout_log": "attest-logs/full__full_repository_regression-attempt-1.stdout.log", "stdout_sha256": "sha256:339370ab9405b46778af9cd91b87462c3b2d99a1b23c65260662b7ac7f176277", "transient_network_failure": false}], "base_sha": "638e27221b13d74208b54f78530cf338f67879af", "command": ["/opt/homebrew/opt/python@3.14/bin/python3.14", "-m", "unittest", "discover", "-s", "tests", "-p", "test_*.py"], "cwd": ".", "duration_ms": 72745, "exit_code": 0, "finished_at": "2026-09-05T01:53:00Z", "name": "full__full_repository_regression", "source_sha": "5ea3ba9aa7288021c4d99b14cff76ec0fc405841", "started_at": "2026-09-05T01:51:47Z", "status": "PASS", "stderr_log": "attest-logs/full__full_repository_regression-attempt-1.stderr.log", "stderr_sha256": "sha256:bf9fbebdc7ac60d3c0867ecca226c1104eafafcb8acaf4dc1a6d318450626c92", "stdout_log": "attest-logs/full__full_repository_regression-attempt-1.stdout.log", "stdout_sha256": "sha256:339370ab9405b46778af9cd91b87462c3b2d99a1b23c65260662b7ac7f176277"}
STDOUT
[2026-09-05T01:52:57.605229+00:00] fixture/spring-probe: create real CTX
[2026-09-05T01:52:57.639207+00:00] fixture/spring-probe: create real REQ
[2026-09-05T01:52:57.645315+00:00] fixture/spring-probe: create real DSN
[2026-09-05T01:52:57.652605+00:00] fixture/spring-probe: create real PLN and select WI-001
[2026-09-05T01:52:57.661618+00:00] fixture/spring-probe: acquire Claim, execute README edit and complete IMP
[2026-09-05T01:52:57.944023+00:00] fixture/spring-probe: read-only IMP check and lifecycle projection
[2026-09-05T01:52:58.067650+00:00] fixture/spring-probe: cleanup restored exact initial Git state
[2026-09-05T01:52:58.104063+00:00] fixture/go-vue-probe: create real CTX
[2026-09-05T01:52:58.141240+00:00] fixture/go-vue-probe: create real REQ
[2026-09-05T01:52:58.147210+00:00] fixture/go-vue-probe: create real DSN
[2026-09-05T01:52:58.155010+00:00] fixture/go-vue-probe: create real PLN and select WI-001
[2026-09-05T01:52:58.163818+00:00] fixture/go-vue-probe: acquire Claim, execute README edit and complete IMP
[2026-09-05T01:52:58.442154+00:00] fixture/go-vue-probe: read-only IMP check and lifecycle projection
[2026-09-05T01:52:58.564865+00:00] fixture/go-vue-probe: cleanup restored exact initial Git state
[2026-09-05T01:52:58Z] CTX: execute external_imp._create_context
[2026-09-05T01:52:58Z] REQ: execute external_imp._create_requirement
[2026-09-05T01:52:58Z] DSN: execute external_imp._create_design
[2026-09-05T01:52:58Z] PLN: execute external_imp._create_plan
[2026-09-05T01:52:58Z] IMP: execute external_imp._complete_imp
[2026-09-05T01:52:59Z] VFY: execute VfyHandler.create+run
[2026-09-05T01:52:59Z] fixture/springgear: cleanup restored exact initial state
[2026-09-05T01:52:59Z] CTX: execute external_imp._create_context
[2026-09-05T01:52:59Z] REQ: execute external_imp._create_requirement
[2026-09-05T01:52:59Z] DSN: execute external_imp._create_design
[2026-09-05T01:52:59Z] PLN: execute external_imp._create_plan
[2026-09-05T01:52:59Z] IMP: execute external_imp._complete_imp
[2026-09-05T01:53:00Z] VFY: execute VfyHandler.create+run
[2026-09-05T01:53:00Z] fixture/gin-vue-admin: cleanup restored exact initial state

STDERR
................................................................................................................................................................................................................................................................................................................................................................................................../opt/homebrew/Cellar/python@3.14/3.14.7/Frameworks/Python.framework/Versions/3.14/lib/python3.14/pathlib/__init__.py:341: ResourceWarning: unclosed database in <sqlite3.Connection object at 0x10abedc60>
  @property
ResourceWarning: Enable tracemalloc to get the object allocation traceback
/opt/homebrew/Cellar/python@3.14/3.14.7/Frameworks/Python.framework/Versions/3.14/lib/python3.14/pathlib/__init__.py:341: ResourceWarning: unclosed database in <sqlite3.Connection object at 0x10abeda80>
  @property
ResourceWarning: Enable tracemalloc to get the object allocation traceback
.......................................................................................................................................................................................................................................................
----------------------------------------------------------------------
Ran 633 tests in 72.396s

OK
source_sha = 5ea3ba9aa7288021c4d99b14cff76ec0fc405841
base_sha = 638e27221b13d74208b54f78530cf338f67879af
{"attempts": [{"attempt": 1, "delay_before_seconds": 0, "duration_ms": 36, "exit_code": 0, "finished_at": "2026-09-05T01:53:00Z", "started_at": "2026-09-05T01:53:00Z", "stderr_log": "attest-logs/full__subject_path_whitelist-attempt-1.stderr.log", "stderr_sha256": "sha256:e3b0c44298fc1c149afbf4c8996fb92427ae41e4649b934ca495991b7852b855", "stdout_log": "attest-logs/full__subject_path_whitelist-attempt-1.stdout.log", "stdout_sha256": "sha256:5c0b6adfbd6d8827f1c7fe710d1c45c1c097d2a105b6b86987c91001c49284e7", "transient_network_failure": false}], "base_sha": "638e27221b13d74208b54f78530cf338f67879af", "command": ["/opt/homebrew/opt/python@3.14/bin/python3.14", "-c", "from pathlib import Path\nimport subprocess\nimport sys\n\nbase, source = sys.argv[1:3]\nchanged = subprocess.check_output(\n    [\"git\", \"diff\", \"--name-only\", f\"{base}..{source}\"], text=True\n).splitlines()\nprefixes = (\n    \"skills/sdlc-500-vfy/\",\n    \"tests/skill_vfy/\",\n)\nexact = {\n    \"packages/sdlc_lifecycle/query_vfy.py\",\n    \"packages/sdlc_lifecycle/__init__.py\",\n    \"packages/sdlc_lifecycle/models.py\",\n    \"packages/sdlc_lifecycle/CONTRACT.md\",\n    \"skills/sdlc-status/SKILL.md\",\n    \"skills/sdlc-status/references/contract.md\",\n    \"skills/sdlc-status/references/status-result.schema.json\",\n    \"skills/sdlc-status/scripts/runtime.py\",\n    \"skills/sdlc-status/scripts/vfy_projection.py\",\n    \"tests/evals/run_sdlc_500_vfy_eval.py\",\n    \"tests/evals/sdlc_500_vfy_cases.json\",\n    \"tests/evals/test_sdlc_500_vfy_case_coverage.py\",\n    \"tests/evals/vfy_case_harness.py\",\n    \"tests/evals/vfy_case_harness_hardened.py\",\n    \"tests/system_integration/test_external_vfy_integration.py\",\n    \"tests/skill_imp/test_lifecycle.py\",\n    \"tests/skill_status/test_imp.py\",\n    \"tools/validate_sdlc_500_vfy_case_coverage.py\",\n    \"tools/validate_sdlc_500_vfy_source_lock.py\",\n    \"tools/test_sdlc_500_vfy_runtime_independence.py\",\n    \"tools/review_sdlc_500_vfy_implementation.py\",\n    \"tools/run_external_vfy_integration.py\",\n    \"tools/run_vfy_delivery_validation.py\",\n}\nunknown = [name for name in changed if name not in exact and not name.startswith(prefixes)]\nforbidden = [\n    name for name in changed\n    if name.startswith(\".github/\")\n    or \"sdlc-600-rls\" in name\n    or \"/skill_rls/\" in name\n    or name.startswith(\"tests/skill_rls/\")\n    or (name.startswith(\"tools/\") and \"rls\" in Path(name).name.lower())\n    or \"/evidence/\" in name\n]\nif unknown:\n    raise SystemExit(\"unknown Subject paths: \" + \", \".join(unknown))\nif forbidden:\n    raise SystemExit(\"forbidden Workflow/RLS/Evidence paths: \" + \", \".join(forbidden))\nprint(f\"WHITELIST={len(changed)} NO_WORKFLOW_RLS_EVIDENCE=PASS\")", "638e27221b13d74208b54f78530cf338f67879af", "5ea3ba9aa7288021c4d99b14cff76ec0fc405841"], "cwd": ".", "duration_ms": 36, "exit_code": 0, "finished_at": "2026-09-05T01:53:00Z", "name": "full__subject_path_whitelist", "source_sha": "5ea3ba9aa7288021c4d99b14cff76ec0fc405841", "started_at": "2026-09-05T01:53:00Z", "status": "PASS", "stderr_log": "attest-logs/full__subject_path_whitelist-attempt-1.stderr.log", "stderr_sha256": "sha256:e3b0c44298fc1c149afbf4c8996fb92427ae41e4649b934ca495991b7852b855", "stdout_log": "attest-logs/full__subject_path_whitelist-attempt-1.stdout.log", "stdout_sha256": "sha256:5c0b6adfbd6d8827f1c7fe710d1c45c1c097d2a105b6b86987c91001c49284e7"}
STDOUT
WHITELIST=72 NO_WORKFLOW_RLS_EVIDENCE=PASS

STDERR
source_sha = 5ea3ba9aa7288021c4d99b14cff76ec0fc405841
base_sha = 638e27221b13d74208b54f78530cf338f67879af
{"attempts": [{"attempt": 1, "delay_before_seconds": 0, "duration_ms": 7, "exit_code": 0, "finished_at": "2026-09-05T01:53:00Z", "started_at": "2026-09-05T01:53:00Z", "stderr_log": "attest-logs/full__design_authority_bytes-attempt-1.stderr.log", "stderr_sha256": "sha256:e3b0c44298fc1c149afbf4c8996fb92427ae41e4649b934ca495991b7852b855", "stdout_log": "attest-logs/full__design_authority_bytes-attempt-1.stdout.log", "stdout_sha256": "sha256:e3b0c44298fc1c149afbf4c8996fb92427ae41e4649b934ca495991b7852b855", "transient_network_failure": false}], "base_sha": "638e27221b13d74208b54f78530cf338f67879af", "command": ["git", "diff", "--quiet", "638e27221b13d74208b54f78530cf338f67879af..5ea3ba9aa7288021c4d99b14cff76ec0fc405841", "--", "docs/plugin-development/work-items/sdlc-500-vfy/DESIGN.md", "docs/plugin-development/work-items/sdlc-500-vfy/EVAL-PLAN.md", "docs/plugin-development/work-items/sdlc-500-vfy/goal"], "cwd": ".", "duration_ms": 7, "exit_code": 0, "finished_at": "2026-09-05T01:53:00Z", "name": "full__design_authority_bytes", "source_sha": "5ea3ba9aa7288021c4d99b14cff76ec0fc405841", "started_at": "2026-09-05T01:53:00Z", "status": "PASS", "stderr_log": "attest-logs/full__design_authority_bytes-attempt-1.stderr.log", "stderr_sha256": "sha256:e3b0c44298fc1c149afbf4c8996fb92427ae41e4649b934ca495991b7852b855", "stdout_log": "attest-logs/full__design_authority_bytes-attempt-1.stdout.log", "stdout_sha256": "sha256:e3b0c44298fc1c149afbf4c8996fb92427ae41e4649b934ca495991b7852b855"}
STDOUT

STDERR
source_sha = 5ea3ba9aa7288021c4d99b14cff76ec0fc405841
base_sha = 638e27221b13d74208b54f78530cf338f67879af
{"attempts": [{"attempt": 1, "delay_before_seconds": 0, "duration_ms": 18458, "exit_code": 0, "finished_at": "2026-09-05T01:53:18Z", "started_at": "2026-09-05T01:53:00Z", "stderr_log": "attest-logs/external__two_exact_external_projects-attempt-1.stderr.log", "stderr_sha256": "sha256:e3b0c44298fc1c149afbf4c8996fb92427ae41e4649b934ca495991b7852b855", "stdout_log": "attest-logs/external__two_exact_external_projects-attempt-1.stdout.log", "stdout_sha256": "sha256:3cf8da13c2350a1b603ae5e64c9a84fd06c491cae12556210999ca7dc30a67d4", "transient_network_failure": false}], "base_sha": "638e27221b13d74208b54f78530cf338f67879af", "command": ["/opt/homebrew/opt/python@3.14/bin/python3.14", "tools/run_external_vfy_integration.py", "--source-sha", "5ea3ba9aa7288021c4d99b14cff76ec0fc405841", "--base-sha", "638e27221b13d74208b54f78530cf338f67879af", "--json-out", "/private/tmp/vfy-web007-validation/5ea3ba9/attest-real-projects.json", "--log-out", "/private/tmp/vfy-web007-validation/5ea3ba9/attest-real-projects.log"], "cwd": ".", "duration_ms": 18458, "exit_code": 0, "finished_at": "2026-09-05T01:53:18Z", "name": "external__two_exact_external_projects", "source_sha": "5ea3ba9aa7288021c4d99b14cff76ec0fc405841", "started_at": "2026-09-05T01:53:00Z", "status": "PASS", "stderr_log": "attest-logs/external__two_exact_external_projects-attempt-1.stderr.log", "stderr_sha256": "sha256:e3b0c44298fc1c149afbf4c8996fb92427ae41e4649b934ca495991b7852b855", "stdout_log": "attest-logs/external__two_exact_external_projects-attempt-1.stdout.log", "stdout_sha256": "sha256:3cf8da13c2350a1b603ae5e64c9a84fd06c491cae12556210999ca7dc30a67d4"}
STDOUT
[2026-09-05T01:53:00Z] ousui/springgear: clone attempt 1/1
[2026-09-05T01:53:02Z] ousui/springgear: exact fixed SHA checked out
[2026-09-05T01:53:02Z] CTX: execute external_imp._create_context
[2026-09-05T01:53:02Z] REQ: execute external_imp._create_requirement
[2026-09-05T01:53:02Z] DSN: execute external_imp._create_design
[2026-09-05T01:53:02Z] PLN: execute external_imp._create_plan
[2026-09-05T01:53:02Z] IMP: execute external_imp._complete_imp
[2026-09-05T01:53:02Z] VFY: execute VfyHandler.create+run
[2026-09-05T01:53:03Z] ousui/springgear: cleanup restored exact initial state
[2026-09-05T01:53:03Z] flipped-aurora/gin-vue-admin: clone attempt 1/1
[2026-09-05T01:53:17Z] flipped-aurora/gin-vue-admin: exact fixed SHA checked out
[2026-09-05T01:53:17Z] CTX: execute external_imp._create_context
[2026-09-05T01:53:17Z] REQ: execute external_imp._create_requirement
[2026-09-05T01:53:17Z] DSN: execute external_imp._create_design
[2026-09-05T01:53:17Z] PLN: execute external_imp._create_plan
[2026-09-05T01:53:17Z] IMP: execute external_imp._complete_imp
[2026-09-05T01:53:18Z] VFY: execute VfyHandler.create+run
[2026-09-05T01:53:18Z] flipped-aurora/gin-vue-admin: cleanup restored exact initial state
[2026-09-05T01:53:18Z] PASS: two exact external projects completed and were removed
{
  "base_sha": "638e27221b13d74208b54f78530cf338f67879af",
  "clone_policy": {
    "attempts_per_project_per_runner_invocation": 1,
    "retry_owner": "run_vfy_delivery_validation.py"
  },
  "contract": "sdlc-ai-spec/vfy-external-integration-result/v1",
  "cross_project": {
    "method_types_equal": true,
    "phase_chain_equal": true,
    "semantic_subjects_distinct": true,
    "status": "PASS"
  },
  "dependency_installations": 0,
  "fixed_projects": [
    {
      "name": "springgear",
      "repository": "ousui/springgear",
      "sha": "e855096ff19dcdb303dc4250ba19c30acd743ac7"
    },
    {
      "name": "gin-vue-admin",
      "repository": "flipped-aurora/gin-vue-admin",
      "sha": "a6882210a80bb27e3aa5dff0b4c21aa4afe8988a"
    }
  ],
  "generated_at": "2026-09-05T01:53:00Z",
  "integration_mode": "PREMERGE_DIRECT_DESIGN_ANCESTRY",
  "log": {
    "line_count": 19,
    "path": "attest-real-projects.log",
    "sha256": "sha256:7a0eb3c6f3d6d3962a1dc8d436b01459ad6a91e1945a4505e4f938d818944ff4"
  },
  "projects": [
    {
      "actual_sha": "e855096ff19dcdb303dc4250ba19c30acd743ac7",
      "artifact_gate": "pass",
      "check_read_only": true,
      "cleanup_assertions": {
        "file_mode_identical": true,
        "head_unchanged": true,
        "refs_unchanged": true,
        "sdlc_removed": true,
        "status_bytes_identical": true,
        "temporary_authority_removed": true,
        "temporary_evidence_removed": true,
        "tracked_untracked_digest_identical": true
      },
      "command_receipts": [
        {
          "attempt": 1,
          "command": [
            "git",
            "clone",
            "--no-checkout",
            "https://github.com/ousui/springgear.git",
            "project-1"
          ],
          "cwd": ".",
          "duration_ms": 1899,
          "exit_code": 0,
          "finished_at": "2026-09-05T01:53:02Z",
          "kind": "clone",
          "repository": "ousui/springgear",
          "started_at": "2026-09-05T01:53:00Z",
          "stderr_sha256": "sha256:a9bf198fac6e6269b87cdd6e902a3d6e64b8ca2164fbf9767618ddc892f79d1b",
          "stdout_sha256": "sha256:12ae32cb1ec02d01eda3581b127c1fee3b0dc53572ed6baf239721a03d82e126"
        },
        {
          "attempt": 1,
          "command": [
            "git",
            "-C",
            "project-1",
            "checkout",
            "--detach",
            "e855096ff19dcdb303dc4250ba19c30acd743ac7"
          ],
          "cwd": ".",
          "duration_ms": 19,
          "exit_code": 0,
          "finished_at": "2026-09-05T01:53:02Z",
          "kind": "checkout",
          "repository": "ousui/springgear",
          "started_at": "2026-09-05T01:53:02Z",
          "stderr_sha256": "sha256:52922676a630d9ff9939ed0b54cbcdf9638ec16b6498c9397701cca10b733801",
          "stdout_sha256": "sha256:12ae32cb1ec02d01eda3581b127c1fee3b0dc53572ed6baf239721a03d82e126"
        }
      ],
      "commit_push_tag_or_ref_mutations": 0,
      "con_val": {
        "basis_references": [
          "VFM-001",
          "EVD-001@sha256:2a4279adeb9910b8797ee3374a281350db4e664da91ad1d2ea62b4ac1239bcbe",
          "VFM-002",
          "EVD-002@sha256:58fadade9622b79eacd641b85755f326a41bfb252012ff33f07881c5d73c2707"
        ],
        "conclusion": "pass",
        "dimension": "validation",
        "exception_references": [],
        "id": "CON-VAL",
        "target_references": [
          "DSN-20260904010000-01@1#VFO-001"
        ]
      },
      "con_ver": {
        "basis_references": [
          "VFM-001",
          "EVD-001@sha256:2a4279adeb9910b8797ee3374a281350db4e664da91ad1d2ea62b4ac1239bcbe",
          "VFM-002",
          "EVD-002@sha256:58fadade9622b79eacd641b85755f326a41bfb252012ff33f07881c5d73c2707"
        ],
        "conclusion": "pass",
        "dimension": "verification",
        "exception_references": [],
        "id": "CON-VER",
        "target_references": [
          "DSN-20260904010000-01@1#VFO-001"
        ]
      },
      "dependency_installations": 0,
      "design_target_authority": {
        "member": "DOM-510",
        "obligations": [
          "DSN-20260904010000-01@1#VFP-210-001",
          "DSN-20260904010000-01@1#VFP-220-001"
        ],
        "sha256": "sha256:91d3d509075841393b3bf1338eb16553ab009e49491fa28424cf73e046beca5f",
        "target": "DSN-20260904010000-01@1#VFO-001"
      },
      "evidence": [
        {
          "environment": {
            "data_contract": "current exact Subject workspace",
            "project_root": "."
          },
          "evidence_requirement": "Immutable path observation",
          "executor_identity": "external-vfy-executor",
          "id": "EVD-001",
          "method_id": "VFM-001",
          "observed": {
            "exists": true,
            "kind": "file_exists",
            "path": "springgear-parent/README.md",
            "source_after": "sha256:d4e96d5df5f299190088ad7fa4483a0b57fc665c18c99400e453cbade1f05c6a",
            "source_before": "sha256:d4e96d5df5f299190088ad7fa4483a0b57fc665c18c99400e453cbade1f05c6a"
          },
          "observed_at": "2026-09-05T01:53:03Z",
          "reference": "EVD-001@sha256:2a4279adeb9910b8797ee3374a281350db4e664da91ad1d2ea62b4ac1239bcbe",
          "result": "pass",
          "sha256": "sha256:2a4279adeb9910b8797ee3374a281350db4e664da91ad1d2ea62b4ac1239bcbe",
          "source_evidence": null,
          "subject_references": [
            "IMP-20260904010000-01@1/RESULT-RES-001"
          ],
          "target_references": [
            "DSN-20260904010000-01@1#VFO-001"
          ]
        },
        {
          "environment": {
            "data_contract": "current exact Subject workspace",
            "project_root": "."
          },
          "evidence_requirement": "Immutable SHA-256 observation",
          "executor_identity": "external-vfy-executor",
          "id": "EVD-002",
          "method_id": "VFM-002",
          "observed": {
            "actual": "sha256:09e575f4dbc8ec5b131bdb3cc935a69d59530def39f53fb0aecb797b07980c9b",
            "expected": "sha256:09e575f4dbc8ec5b131bdb3cc935a69d59530def39f53fb0aecb797b07980c9b",
            "kind": "sha256_equals",
            "path": "springgear-parent/README.md",
            "source_after": "sha256:d4e96d5df5f299190088ad7fa4483a0b57fc665c18c99400e453cbade1f05c6a",
            "source_before": "sha256:d4e96d5df5f299190088ad7fa4483a0b57fc665c18c99400e453cbade1f05c6a"
          },
          "observed_at": "2026-09-05T01:53:03Z",
          "reference": "EVD-002@sha256:58fadade9622b79eacd641b85755f326a41bfb252012ff33f07881c5d73c2707",
          "result": "pass",
          "sha256": "sha256:58fadade9622b79eacd641b85755f326a41bfb252012ff33f07881c5d73c2707",
          "source_evidence": null,
          "subject_references": [
            "IMP-20260904010000-01@1/RESULT-RES-001"
          ],
          "target_references": [
            "DSN-20260904010000-01@1#VFO-001"
          ]
        }
      ],
      "expected_sha": "e855096ff19dcdb303dc4250ba19c30acd743ac7",
      "final_confirmation": {
        "authority_reference": ".sdlc/authority/vfy-delegated-confirmation.md@sha256:ececc41ccd2a11915d1590fb851dcdc5345ff66bd70031e3a950085bed3f0596",
        "manual_or_hybrid_evidence": false,
        "mode": "delegated",
        "reviewer": "external-vfy-independent-reviewer"
      },
      "imp_claim": {
        "artifact_reference": "IMP-20260904010000-01@1",
        "attempt": 1,
        "binding_lineage": "PLN-20260904010000-01#WI-001",
        "binding_reference": "PLN-20260904010000-01@1#WI-001",
        "state": "completed"
      },
      "imp_result": {
        "baseline_reference": "IMP-20260904010000-01@1/BASE-RES-001",
        "changed_scope": [
          "resource:repo",
          "path:repo/README.md"
        ],
        "resource": "repo",
        "result_digest": "sha256:9f6179e8cfce7dd18ffb0cf336189583ee63023d96d48fbcbd365aa888725cbf",
        "result_reference": "IMP-20260904010000-01@1/RESULT-RES-001"
      },
      "lifecycle": {
        "blockers": [],
        "contract": "sdlc-ai-spec/lifecycle-status/v1",
        "current_claims": [
          {
            "artifact_reference": "IMP-20260904010000-01@1",
            "attempt": 1,
            "binding_lineage": "PLN-20260904010000-01#WI-001",
            "binding_reference": "PLN-20260904010000-01@1#WI-001",
            "blockers": [],
            "claim_state": "completed",
            "completed": true,
            "dependency_results": [],
            "execution_scope": [
              "resource:repo",
              "path:repo/README.md"
            ],
            "materialized": true,
            "outcome": "Materialize the reversible README marker for ousui/springgear",
            "owner": "external-imp-executor",
            "results": [
              {
                "baseline_reference": "IMP-20260904010000-01@1/BASE-RES-001",
                "changed_scope": [
                  "resource:repo",
                  "path:repo/README.md"
                ],
                "resource": "repo",
                "result_digest": "sha256:9f6179e8cfce7dd18ffb0cf336189583ee63023d96d48fbcbd365aa888725cbf",
                "result_reference": "IMP-20260904010000-01@1/RESULT-RES-001"
              }
            ],
            "revision_state": "frozen",
            "vfy_ready": true
          }
        ],
        "edges": [
          {
            "declared_reference": "CTX-20260904010000-01@1",
            "relation": "context",
            "source_reference": "CTX-20260904010000-01@1",
            "target_reference": "DSN-20260904010000-01@1"
          },
          {
            "declared_reference": "REQ-20260904010000-01@1",
            "relation": "scope_input",
            "source_reference": "REQ-20260904010000-01@1",
            "target_reference": "DSN-20260904010000-01@1"
          },
          {
            "declared_reference": "CTX-20260904010000-01@1",
            "relation": "context",
            "source_reference": "CTX-20260904010000-01@1",
            "target_reference": "IMP-20260904010000-01@1"
          },
          {
            "declared_reference": "PLN-20260904010000-01@1#WI-001",
            "relation": "control_input",
            "source_reference": "PLN-20260904010000-01@1",
            "target_reference": "IMP-20260904010000-01@1"
          },
          {
            "declared_reference": "PLN-20260904010000-01@1",
            "relation": "scope_input",
            "source_reference": "PLN-20260904010000-01@1",
            "target_reference": "IMP-20260904010000-01@1"
          },
          {
            "declared_reference": "CTX-20260904010000-01@1",
            "relation": "context",
            "source_reference": "CTX-20260904010000-01@1",
            "target_reference": "PLN-20260904010000-01@1"
          },
          {
            "declared_reference": "DSN-20260904010000-01@1",
            "relation": "scope_input",
            "source_reference": "DSN-20260904010000-01@1",
            "target_reference": "PLN-20260904010000-01@1"
          },
          {
            "declared_reference": "CTX-20260904010000-01@1",
            "relation": "context",
            "source_reference": "CTX-20260904010000-01@1",
            "target_reference": "REQ-20260904010000-01@1"
          },
          {
            "declared_reference": "CTX-20260904010000-01@1",
            "relation": "context",
            "source_reference": "CTX-20260904010000-01@1",
            "target_reference": "VFY-20260905015303-01@1"
          },
          {
            "declared_reference": "CTX-20260904010000-01@1",
            "relation": "scope_input",
            "source_reference": "CTX-20260904010000-01@1",
            "target_reference": "VFY-20260905015303-01@1"
          },
          {
            "declared_reference": "DSN-20260904010000-01@1",
            "relation": "scope_input",
            "source_reference": "DSN-20260904010000-01@1",
            "target_reference": "VFY-20260905015303-01@1"
          },
          {
            "declared_reference": "IMP-20260904010000-01@1",
            "relation": "scope_input",
            "source_reference": "IMP-20260904010000-01@1",
            "target_reference": "VFY-20260905015303-01@1"
          },
          {
            "declared_reference": "PLN-20260904010000-01@1",
            "relation": "scope_input",
            "source_reference": "PLN-20260904010000-01@1",
            "target_reference": "VFY-20260905015303-01@1"
          }
        ],
        "frontier": [
          "VFY-20260905015303-01@1"
        ],
        "next_actions": [
          {
            "code": "LIFECYCLE_COMPLETE",
            "command": null,
            "phase": null,
            "reason": "VFY 已冻结且 RLS 合法不适用；生命周期完成",
            "requires_user": false,
            "skill": null,
            "skill_available": false
          }
        ],
        "nodes": [
          {
            "allocated_at": "2026-09-04T01:00:00+00:00",
            "artifact_id": "CTX-20260904010000-01",
            "artifact_status": "ready",
            "artifact_type": "CTX",
            "authority_error": null,
            "authority_state": "valid",
            "context_reference": null,
            "frozen_at": "2026-09-04T01:00:00+00:00",
            "gate_result": "pass",
            "input_references": [],
            "materialized": true,
            "open_items": [],
            "projection_errors": [],
            "reference": "CTX-20260904010000-01@1",
            "revision": 1,
            "revision_state": "frozen"
          },
          {
            "allocated_at": "2026-09-04T01:00:00+00:00",
            "artifact_id": "REQ-20260904010000-01",
            "artifact_status": "ready",
            "artifact_type": "REQ",
            "authority_error": null,
            "authority_state": "valid",
            "context_reference": "CTX-20260904010000-01@1",
            "frozen_at": "2026-09-04T01:00:00+00:00",
            "gate_result": "pass",
            "input_references": [],
            "materialized": true,
            "open_items": [],
            "projection_errors": [],
            "reference": "REQ-20260904010000-01@1",
            "revision": 1,
            "revision_state": "frozen"
          },
          {
            "allocated_at": "2026-09-04T01:00:00+00:00",
            "artifact_id": "DSN-20260904010000-01",
            "artifact_status": "ready",
            "artifact_type": "DSN",
            "authority_error": null,
            "authority_state": "valid",
            "context_reference": "CTX-20260904010000-01@1",
            "frozen_at": "2026-09-04T01:00:00+00:00",
            "gate_result": "pass",
            "input_references": [
              "REQ-20260904010000-01@1"
            ],
            "materialized": true,
            "open_items": [],
            "projection_errors": [],
            "reference": "DSN-20260904010000-01@1",
            "revision": 1,
            "revision_state": "frozen"
          },
          {
            "allocated_at": "2026-09-04T01:00:00+00:00",
            "artifact_id": "PLN-20260904010000-01",
            "artifact_status": "ready",
            "artifact_type": "PLN",
            "authority_error": null,
            "authority_state": "valid",
            "context_reference": "CTX-20260904010000-01@1",
            "frozen_at": "2026-09-04T01:00:00+00:00",
            "gate_result": "pass",
            "input_references": [
              "DSN-20260904010000-01@1"
            ],
            "materialized": true,
            "open_items": [],
            "projection_errors": [],
            "reference": "PLN-20260904010000-01@1",
            "revision": 1,
            "revision_state": "frozen"
          },
          {
            "allocated_at": "2026-09-05T01:53:02+00:00",
            "artifact_id": "IMP-20260904010000-01",
            "artifact_status": "ready",
            "artifact_type": "IMP",
            "authority_error": null,
            "authority_state": "valid",
            "context_reference": "CTX-20260904010000-01@1",
            "frozen_at": "2026-09-05T01:53:02+00:00",
            "gate_result": "pass",
            "input_references": [
              "PLN-20260904010000-01@1"
            ],
            "materialized": true,
            "open_items": [],
            "projection_errors": [],
            "reference": "IMP-20260904010000-01@1",
            "revision": 1,
            "revision_state": "frozen"
          },
          {
            "allocated_at": "2026-09-05T01:53:03+00:00",
            "artifact_id": "VFY-20260905015303-01",
            "artifact_status": "ready",
            "artifact_type": "VFY",
            "authority_error": null,
            "authority_state": "valid",
            "context_reference": "CTX-20260904010000-01@1",
            "frozen_at": "2026-09-05T01:53:03+00:00",
            "gate_result": "pass",
            "input_references": [
              "CTX-20260904010000-01@1",
              "DSN-20260904010000-01@1",
              "IMP-20260904010000-01@1",
              "PLN-20260904010000-01@1"
            ],
            "materialized": true,
            "open_items": [],
            "projection_errors": [],
            "reference": "VFY-20260905015303-01@1",
            "revision": 1,
            "revision_state": "frozen"
          }
        ],
        "overall_state": "complete",
        "root_reference": "REQ-20260904010000-01@1",
        "vfy_inputs": [
          "IMP-20260904010000-01@1"
        ],
        "vfy_projection": {
          "artifact_gate": "pass",
          "artifact_reference": "VFY-20260905015303-01@1",
          "artifact_status": "ready",
          "early_stop": false,
          "next_action": "LIFECYCLE_COMPLETE",
          "next_phase": null,
          "product_result": "pass",
          "return_phase": null,
          "revision_state": "frozen",
          "rls_applicability": "n/a",
          "rls_ready": false,
          "unresolved_controls": [],
          "unresolved_returns": []
        },
        "vfy_results": [
          {
            "artifact_reference": "IMP-20260904010000-01@1",
            "resource": "repo",
            "result_digest": "sha256:9f6179e8cfce7dd18ffb0cf336189583ee63023d96d48fbcbd365aa888725cbf",
            "result_reference": "IMP-20260904010000-01@1/RESULT-RES-001"
          }
        ]
      },
      "method_results": [
        {
          "actual_result": "{\"exists\": true, \"kind\": \"file_exists\", \"path\": \"springgear-parent/README.md\", \"source_after\": \"sha256:d4e96d5df5f299190088ad7fa4483a0b57fc665c18c99400e453cbade1f05c6a\", \"source_before\": \"sha256:d4e96d5df5f299190088ad7fa4483a0b57fc665c18c99400e453cbade1f05c6a\"}",
          "actual_subject_references": [
            "IMP-20260904010000-01@1/RESULT-RES-001"
          ],
          "evidence_references": [
            "EVD-001@sha256:2a4279adeb9910b8797ee3374a281350db4e664da91ad1d2ea62b4ac1239bcbe"
          ],
          "method_id": "VFM-001",
          "result": "pass",
          "return_references": []
        },
        {
          "actual_result": "{\"actual\": \"sha256:09e575f4dbc8ec5b131bdb3cc935a69d59530def39f53fb0aecb797b07980c9b\", \"expected\": \"sha256:09e575f4dbc8ec5b131bdb3cc935a69d59530def39f53fb0aecb797b07980c9b\", \"kind\": \"sha256_equals\", \"path\": \"springgear-parent/README.md\", \"source_after\": \"sha256:d4e96d5df5f299190088ad7fa4483a0b57fc665c18c99400e453cbade1f05c6a\", \"source_before\": \"sha256:d4e96d5df5f299190088ad7fa4483a0b57fc665c18c99400e453cbade1f05c6a\"}",
          "actual_subject_references": [
            "IMP-20260904010000-01@1/RESULT-RES-001"
          ],
          "evidence_references": [
            "EVD-002@sha256:58fadade9622b79eacd641b85755f326a41bfb252012ff33f07881c5d73c2707"
          ],
          "method_id": "VFM-002",
          "result": "pass",
          "return_references": []
        }
      ],
      "method_types": [
        "inspection",
        "analysis"
      ],
      "name": "springgear",
      "phase_execution_receipts": [
        {
          "callable": "external_imp._create_context",
          "duration_ms": 34,
          "execution": "in_process_runtime_handler",
          "exit_code": 0,
          "finished_at": "2026-09-05T01:53:02Z",
          "output_digest": "sha256:42940590768b610154bf86555106801da4b1a51d3c6a1cb64f434a48aca85dfa",
          "phase": "CTX",
          "started_at": "2026-09-05T01:53:02Z"
        },
        {
          "callable": "external_imp._create_requirement",
          "duration_ms": 5,
          "execution": "in_process_runtime_handler",
          "exit_code": 0,
          "finished_at": "2026-09-05T01:53:02Z",
          "output_digest": "sha256:75ac1dc59f2742d52b53e7c0f9ad4cda794afb273f2685ac461fc42b84f7c1f5",
          "phase": "REQ",
          "started_at": "2026-09-05T01:53:02Z"
        },
        {
          "callable": "external_imp._create_design",
          "duration_ms": 8,
          "execution": "in_process_runtime_handler",
          "exit_code": 0,
          "finished_at": "2026-09-05T01:53:02Z",
          "output_digest": "sha256:c227b51be584140057eddce5291b0ad7c86a295a6be890d09595f0b6962da4cc",
          "phase": "DSN",
          "started_at": "2026-09-05T01:53:02Z"
        },
        {
          "callable": "external_imp._create_plan",
          "duration_ms": 10,
          "execution": "in_process_runtime_handler",
          "exit_code": 0,
          "finished_at": "2026-09-05T01:53:02Z",
          "output_digest": "sha256:7a97e826203bc215a099771027ff1b2a9003e367c47a79e9a56a02f060d74bc6",
          "phase": "PLN",
          "started_at": "2026-09-05T01:53:02Z"
        },
        {
          "callable": "external_imp._complete_imp",
          "duration_ms": 254,
          "execution": "in_process_runtime_handler",
          "exit_code": 0,
          "finished_at": "2026-09-05T01:53:02Z",
          "output_digest": "sha256:4036bdb504cac4faefc7041c114a92a37938e1cf8df42beca58e9944187604f9",
          "phase": "IMP",
          "started_at": "2026-09-05T01:53:02Z"
        },
        {
          "callable": "VfyHandler.create+run",
          "duration_ms": 158,
          "execution": "in_process_runtime_handler",
          "exit_code": 0,
          "finished_at": "2026-09-05T01:53:03Z",
          "output_digest": "sha256:5aed174d0448ccc1749edf781d0f1b7075b2cb5ff944863dbd3fa2a697154e96",
          "phase": "VFY",
          "started_at": "2026-09-05T01:53:02Z"
        }
      ],
      "phases": {
        "CTX": {
          "artifact_status": "ready",
          "base_revision": null,
          "gate": {
            "check_tables": [
              [
                {
                  "id": "CORE-G-001",
                  "result": "pass"
                },
                {
                  "id": "CORE-G-002",
                  "result": "pass"
                },
                {
                  "id": "CORE-G-003",
                  "result": "pass"
                },
                {
                  "id": "CORE-G-004",
                  "result": "pass"
                },
                {
                  "id": "CORE-G-005",
                  "result": "pass"
                },
                {
                  "id": "CORE-G-006",
                  "result": "pass"
                },
                {
                  "id": "CORE-G-007",
                  "result": "pass"
                },
                {
                  "id": "CORE-G-008",
                  "result": "pass"
                },
                {
                  "id": "CORE-G-009",
                  "result": "pass"
                }
              ]
            ],
            "summary_headers": [
              "Evaluated Revision",
              "Control Input Digest",
              "Evaluation Contract Set",
              "Check Set Result Digest",
              "Gate Result",
              "Exception References",
              "Evaluator",
              "Evaluated At"
            ],
            "summary_result": "pass"
          },
          "id_pattern": "CTX-14digits-NN",
          "materialized": true,
          "primary_sha256": "sha256:dde07ecf1a8e43e4e7fc8b0be1fe231dea6e9a3b48bc30b4cb37cc2378f88b4c",
          "reference": "CTX-20260904010000-01@1",
          "revision": 1,
          "revision_state": "frozen",
          "shape": {
            "front_matter_keys": [
              "contract",
              "id",
              "revision",
              "status"
            ],
            "headings": [
              {
                "level": 1,
                "text": "<artifact-title>"
              },
              {
                "level": 2,
                "text": "摘要 Summary"
              },
              {
                "level": 2,
                "text": "项目标识 Project Identity"
              },
              {
                "level": 2,
                "text": "资源登记 Resource Registry"
              },
              {
                "level": 2,
                "text": "技术与工程基线 Technical and Engineering Baseline"
              },
              {
                "level": 3,
                "text": "技术基线 Technology Baseline"
              },
              {
                "level": 3,
                "text": "工程入口 Engineering Entry Points"
              },
              {
                "level": 2,
                "text": "项目结构 Project Topology"
              },
              {
                "level": 2,
                "text": "项目规则 Project Rules"
              },
              {
                "level": 2,
                "text": "环境与约束 Environment and Constraints"
              },
              {
                "level": 3,
                "text": "环境 Environment"
              },
              {
                "level": 3,
                "text": "约束 Constraints"
              },
              {
                "level": 2,
                "text": "待确认项 Open Items"
              },
              {
                "level": 2,
                "text": "证据 Evidence"
              },
              {
                "level": 2,
                "text": "刷新摘要 Refresh Summary"
              },
              {
                "level": 2,
                "text": "支撑产物清单 Supporting Artifact Manifest"
              },
              {
                "level": 2,
                "text": "豁免 Exceptions"
              },
              {
                "level": 2,
                "text": "门禁 Gate"
              },
              {
                "level": 3,
                "text": "Core Checks"
              },
              {
                "level": 3,
                "text": "CTX Checks"
              },
              {
                "level": 3,
                "text": "Final Confirmation"
              },
              {
                "level": 3,
                "text": "Artifact Gate Summary"
              }
            ],
            "manifest_keys": [
              "artifact",
              "contract",
              "external_references",
              "local_members"
            ],
            "manifest_members": [],
            "members": [],
            "tables": [
              [
                "Field",
                "Value",
                "Basis",
                "Basis References"
              ],
              [
                "ID",
                "Type",
                "Name",
                "Role",
                "Locator",
                "Baseline Reference",
                "Basis",
                "Basis References"
              ],
              [
                "ID",
                "Category",
                "Name",
                "Version or Constraint",
                "Purpose",
                "Basis",
                "Basis References"
              ],
              [
                "ID",
                "Purpose",
                "Command or Entry Point",
                "Working Scope",
                "Preconditions",
                "Basis",
                "Basis References"
              ],
              [
                "ID",
                "Name",
                "Type",
                "Resource Reference",
                "Responsibility",
                "Entry Point",
                "Depends On",
                "Authority Reference",
                "Basis",
                "Basis References"
              ],
              [
                "ID",
                "Category",
                "Rule Summary",
                "Scope",
                "Authority Reference",
                "Basis",
                "Basis References"
              ],
              [
                "ID",
                "Environment",
                "Purpose",
                "Accessibility",
                "Data and Network Boundary",
                "Basis",
                "Basis References"
              ],
              [
                "ID",
                "Constraint",
                "Scope",
                "Impact",
                "Required Handling",
                "Authority Reference",
                "Basis",
                "Basis References"
              ],
              [
                "ID",
                "所需输入或待确认决策 Needed Input or Decision",
                "预期来源 Expected Source",
                "被阻塞项 Blocked References",
                "状态 State",
                "解决结果或证据 Resolution or Evidence"
              ],
              [
                "ID",
                "Type",
                "Supports References",
                "Source or Producer",
                "Reference",
                "Integrity or Digest",
                "Produced At",
                "Sensitivity or Access",
                "Empty Reason"
              ],
              [
                "Base Revision",
                "Observed At",
                "Observation Baseline",
                "Refresh Reason",
                "Effective Change References",
                "Evidence References"
              ],
              [
                "Member ID",
                "Type",
                "Path or Reference",
                "Media Type",
                "Purpose",
                "SHA-256 Digest",
                "Empty Reason"
              ],
              [
                "ID",
                "State",
                "Origin Exception Reference",
                "作用域或被跳过义务 Scope or Skipped Obligation",
                "原因 Reason",
                "已知风险 Known Risk",
                "补偿措施 Compensating Control",
                "批准记录 Approver, Role and Time",
                "复查条件 Revisit Condition",
                "下游限制 Downstream Obligation",
                "解决或替代引用 Resolution or Superseding References"
              ],
              [
                "Check ID",
                "检查项 Check",
                "结果 Result",
                "证据或说明 Evidence or Notes"
              ],
              [
                "Check ID",
                "Check",
                "Result",
                "Basis References"
              ],
              [
                "Revision",
                "Control Input Digest",
                "Evaluation Contract Set",
                "Check Set Result Digest",
                "Result",
                "Mode",
                "Confirmer",
                "Role",
                "Authority Reference",
                "Accepted Exception References",
                "Confirmed At"
              ],
              [
                "Evaluated Revision",
                "Control Input Digest",
                "Evaluation Contract Set",
                "Check Set Result Digest",
                "Gate Result",
                "Exception References",
                "Evaluator",
                "Evaluated At"
              ]
            ]
          }
        },
        "DSN": {
          "artifact_status": "ready",
          "base_revision": null,
          "gate": {
            "check_tables": [
              [
                {
                  "id": "CORE-G-001",
                  "result": "pass"
                },
                {
                  "id": "CORE-G-002",
                  "result": "pass"
                },
                {
                  "id": "CORE-G-003",
                  "result": "pass"
                },
                {
                  "id": "CORE-G-004",
                  "result": "pass"
                },
                {
                  "id": "CORE-G-005",
                  "result": "pass"
                },
                {
                  "id": "CORE-G-006",
                  "result": "pass"
                },
                {
                  "id": "CORE-G-007",
                  "result": "pass"
                },
                {
                  "id": "CORE-G-008",
                  "result": "pass"
                },
                {
                  "id": "CORE-G-009",
                  "result": "pass"
                },
                {
                  "id": "DSN-DG-210-001",
                  "result": "pass"
                },
                {
                  "id": "DSN-DG-210-002",
                  "result": "pass"
                },
                {
                  "id": "DSN-DG-210-003",
                  "result": "pass"
                },
                {
                  "id": "DSN-DG-220-001",
                  "result": "pass"
                },
                {
                  "id": "DSN-DG-220-002",
                  "result": "pass"
                },
                {
                  "id": "DSN-DG-220-003",
                  "result": "pass"
                },
                {
                  "id": "DSN-DG-510-001",
                  "result": "pass"
                },
                {
                  "id": "DSN-DG-510-002",
                  "result": "pass"
                },
                {
                  "id": "DSN-DG-510-003",
                  "result": "pass"
                },
                {
                  "id": "DSN-DG-510-004",
                  "result": "pass"
                },
                {
                  "id": "DSN-DG-510-005",
                  "result": "pass"
                },
                {
                  "id": "DSN-G-001",
                  "result": "pass"
                },
                {
                  "id": "DSN-G-002",
                  "result": "pass"
                },
                {
                  "id": "DSN-G-003",
                  "result": "pass"
                },
                {
                  "id": "DSN-G-004",
                  "result": "pass"
                },
                {
                  "id": "DSN-G-005",
                  "result": "pass"
                },
                {
                  "id": "DSN-G-006",
                  "result": "pass"
                },
                {
                  "id": "DSN-G-007",
                  "result": "pass"
                },
                {
                  "id": "DSN-G-008",
                  "result": "pass"
                },
                {
                  "id": "DSN-G-009",
                  "result": "pass"
                },
                {
                  "id": "DSN-G-010",
                  "result": "pass"
                }
              ]
            ],
            "summary_headers": [
              "Evaluated Revision",
              "Control Input Digest",
              "Evaluation Contract Set",
              "Check Set Result Digest",
              "Gate Result",
              "Exception References",
              "Evaluator",
              "Evaluated At"
            ],
            "summary_result": "pass"
          },
          "id_pattern": "DSN-14digits-NN",
          "materialized": true,
          "primary_sha256": "sha256:878981c303ea4ef0dd36371c901b009f2f73dbff1459a908e3dbcc1af4d4f970",
          "reference": "DSN-20260904010000-01@1",
          "revision": 1,
          "revision_state": "frozen",
          "shape": {
            "front_matter_keys": [
              "contract",
              "phase",
              "id",
              "revision",
              "status",
              "context",
              "profile",
              "inputs"
            ],
            "headings": [
              {
                "level": 1,
                "text": "<artifact-title>"
              },
              {
                "level": 2,
                "text": "摘要 Summary"
              },
              {
                "level": 2,
                "text": "范围 Scope"
              },
              {
                "level": 2,
                "text": "设计基线与变更 Design Baseline and Change"
              },
              {
                "level": 2,
                "text": "需求追踪 Requirement Traceability"
              },
              {
                "level": 2,
                "text": "设计决策 Design Decisions"
              },
              {
                "level": 2,
                "text": "设计总纲 Design Index"
              },
              {
                "level": 3,
                "text": "复合 Domain 子领域适用性 Composite Domain Subdomain Applicability"
              },
              {
                "level": 2,
                "text": "产物集清单 Artifact Set Manifest"
              },
              {
                "level": 2,
                "text": "待确认项 Open Items"
              },
              {
                "level": 2,
                "text": "证据 Evidence"
              },
              {
                "level": 2,
                "text": "豁免 Exceptions"
              },
              {
                "level": 2,
                "text": "生命周期适用性 Lifecycle Applicability"
              },
              {
                "level": 2,
                "text": "门禁 Gate"
              }
            ],
            "manifest_keys": [
              "local_members"
            ],
            "manifest_members": [
              {
                "canonical_name": "domains/210-system-architecture.md",
                "media_type": "text/markdown",
                "member_id": "DOM-210"
              },
              {
                "canonical_name": "domains/220-components-modules.md",
                "media_type": "text/markdown",
                "member_id": "DOM-220"
              },
              {
                "canonical_name": "domains/510-verifiability-vfy-strategy.md",
                "media_type": "text/markdown",
                "member_id": "DOM-510"
              },
              {
                "canonical_name": "baseline/README.md",
                "media_type": "text/markdown",
                "member_id": "SUP-001"
              }
            ],
            "members": [
              {
                "canonical_name": "domains/210-system-architecture.md",
                "media_type": "text/markdown",
                "member_id": "DOM-210"
              },
              {
                "canonical_name": "domains/220-components-modules.md",
                "media_type": "text/markdown",
                "member_id": "DOM-220"
              },
              {
                "canonical_name": "domains/510-verifiability-vfy-strategy.md",
                "media_type": "text/markdown",
                "member_id": "DOM-510"
              },
              {
                "canonical_name": "baseline/README.md",
                "media_type": "text/markdown",
                "member_id": "SUP-001"
              }
            ],
            "tables": [
              [
                "Scope Item",
                "Value"
              ],
              [
                "Change Type",
                "Current Baseline References",
                "Target State Summary",
                "Impact Summary"
              ],
              [
                "Change ID",
                "Object or Boundary",
                "Change",
                "Baseline References",
                "Baseline State",
                "Target State",
                "Affected Domains"
              ],
              [
                "Source References",
                "Design Item or Member References",
                "Decision References",
                "VFY Point or Objective References",
                "N/A Reason"
              ],
              [
                "ID",
                "Requirement or Constraint References",
                "决策问题 Decision Question",
                "候选方案 Options",
                "选择结果 Decision",
                "选择依据 Rationale",
                "影响 Domain Affected Domains"
              ],
              [
                "分组 Group",
                "设计领域 Design Domain",
                "处置 Disposition",
                "完成状态 Completion",
                "责任角色 Responsible Role",
                "内容引用 Content Reference",
                "适用性依据引用 Applicability Basis References",
                "不适用或豁免说明 N/A or Waiver Reason"
              ],
              [
                "复合 Domain 分类码 Composite Domain Catalog Code",
                "子领域 Subdomain",
                "Disposition",
                "Applicability Basis References",
                "不适用、豁免或待确认说明 N/A, Waiver or Pending Reason",
                "Exception References"
              ],
              [
                "Member ID",
                "Type",
                "Domain",
                "Domain Spec Reference or Digest",
                "Path or Reference",
                "Media Type",
                "Purpose",
                "SHA-256 Digest",
                "Empty Reason"
              ],
              [
                "ID",
                "所需输入或待确认决策 Needed Input or Decision",
                "预期来源 Expected Source",
                "被阻塞项 Blocked References",
                "状态 State",
                "解决结果或证据 Resolution or Evidence"
              ],
              [
                "ID",
                "Type",
                "Supports References",
                "Source or Producer",
                "Reference",
                "Integrity or Digest",
                "Produced At",
                "Sensitivity or Access",
                "Empty Reason"
              ],
              [
                "ID",
                "State",
                "Origin Exception Reference",
                "作用域或被跳过义务 Scope or Skipped Obligation",
                "原因 Reason",
                "已知风险 Known Risk",
                "补偿措施 Compensating Control",
                "批准记录 Approver, Role and Time",
                "复查条件 Revisit Condition",
                "下游限制 Downstream Obligation",
                "解决或替代引用 Resolution or Superseding References"
              ],
              [
                "Phase",
                "Disposition",
                "Host",
                "判断依据 Basis"
              ],
              [
                "Check ID",
                "检查项 Check",
                "结果 Result",
                "证据或说明 Evidence or Notes"
              ],
              [
                "Revision",
                "Control Input Digest",
                "Evaluation Contract Set",
                "Check Set Result Digest",
                "Result",
                "Mode",
                "Confirmer",
                "Role",
                "Authority Reference",
                "Accepted Exception References",
                "Confirmed At"
              ],
              [
                "Evaluated Revision",
                "Control Input Digest",
                "Evaluation Contract Set",
                "Check Set Result Digest",
                "Gate Result",
                "Exception References",
                "Evaluator",
                "Evaluated At"
              ]
            ]
          }
        },
        "IMP": {
          "artifact_status": "ready",
          "base_revision": null,
          "gate": {
            "check_tables": [
              [
                {
                  "id": "CORE-G-001",
                  "result": "pass"
                },
                {
                  "id": "CORE-G-002",
                  "result": "pass"
                },
                {
                  "id": "CORE-G-003",
                  "result": "pass"
                },
                {
                  "id": "CORE-G-004",
                  "result": "pass"
                },
                {
                  "id": "CORE-G-005",
                  "result": "pass"
                },
                {
                  "id": "CORE-G-006",
                  "result": "pass"
                },
                {
                  "id": "CORE-G-007",
                  "result": "pass"
                },
                {
                  "id": "CORE-G-008",
                  "result": "pass"
                },
                {
                  "id": "CORE-G-009",
                  "result": "pass"
                },
                {
                  "id": "IMP-G-001",
                  "result": "pass"
                },
                {
                  "id": "IMP-G-002",
                  "result": "pass"
                },
                {
                  "id": "IMP-G-003",
                  "result": "pass"
                },
                {
                  "id": "IMP-G-004",
                  "result": "pass"
                },
                {
                  "id": "IMP-G-005",
                  "result": "pass"
                },
                {
                  "id": "IMP-G-006",
                  "result": "pass"
                }
              ]
            ],
            "summary_headers": [
              "Evaluated Revision",
              "Control Input Digest",
              "Evaluation Contract Set",
              "Check Set Result Digest",
              "Gate Result",
              "Exception References",
              "Evaluator",
              "Evaluated At"
            ],
            "summary_result": "pass"
          },
          "id_pattern": "IMP-14digits-NN",
          "materialized": true,
          "primary_sha256": "sha256:caaf7feee522dba440049c26c12433d2c8aeeb95ebc7219ded48974c29664b35",
          "reference": "IMP-20260904010000-01@1",
          "revision": 1,
          "revision_state": "frozen",
          "shape": {
            "front_matter_keys": [
              "contract",
              "phase",
              "id",
              "revision",
              "status",
              "context",
              "profile",
              "inputs"
            ],
            "headings": [
              {
                "level": 1,
                "text": "<artifact-title>"
              },
              {
                "level": 2,
                "text": "摘要 Summary"
              },
              {
                "level": 2,
                "text": "范围 Scope"
              },
              {
                "level": 2,
                "text": "实施控制 Implementation Control"
              },
              {
                "level": 3,
                "text": "实施绑定 Implementation Binding"
              },
              {
                "level": 3,
                "text": "输入就绪检查 Input Readiness Check Set"
              },
              {
                "level": 2,
                "text": "实施方法合约 Implementation Method Contract"
              },
              {
                "level": 3,
                "text": "实施考量矩阵 Implementation Consideration Matrix"
              },
              {
                "level": 3,
                "text": "实施步骤 Implementation Approach"
              },
              {
                "level": 4,
                "text": "STEP-001 Publish the exact README integration marker"
              },
              {
                "level": 5,
                "text": "EFF-001 Effects & Consistency"
              },
              {
                "level": 2,
                "text": "实施结果 Implementation Result"
              },
              {
                "level": 2,
                "text": "实施检查 Implementation Checks"
              },
              {
                "level": 2,
                "text": "待确认项 Open Items"
              },
              {
                "level": 2,
                "text": "证据 Evidence"
              },
              {
                "level": 2,
                "text": "Supporting Artifact Manifest"
              },
              {
                "level": 2,
                "text": "豁免 Exceptions"
              },
              {
                "level": 2,
                "text": "生命周期适用性 Lifecycle Applicability"
              },
              {
                "level": 2,
                "text": "门禁 Gate"
              },
              {
                "level": 3,
                "text": "Final Confirmation"
              },
              {
                "level": 3,
                "text": "Artifact Gate Summary"
              }
            ],
            "manifest_keys": [
              "contract",
              "local_members"
            ],
            "manifest_members": [
              {
                "canonical_name": "snapshots/base-res-001.json",
                "media_type": "application/json",
                "member_id": "BASE-RES-001"
              },
              {
                "canonical_name": "evidence/change-res-001.json",
                "media_type": "application/json",
                "member_id": "CHANGE-RES-001"
              },
              {
                "canonical_name": "evidence/evd-chk-001.json",
                "media_type": "application/json",
                "member_id": "EVD-CHK-001"
              },
              {
                "canonical_name": "evidence/evd-pre.json",
                "media_type": "application/json",
                "member_id": "EVD-PRE"
              },
              {
                "canonical_name": "evidence/imp-state.json",
                "media_type": "application/json",
                "member_id": "IMP-STATE"
              },
              {
                "canonical_name": "snapshots/result-res-001.json",
                "media_type": "application/json",
                "member_id": "RESULT-RES-001"
              }
            ],
            "members": [
              {
                "canonical_name": "snapshots/base-res-001.json",
                "media_type": "application/json",
                "member_id": "BASE-RES-001"
              },
              {
                "canonical_name": "evidence/change-res-001.json",
                "media_type": "application/json",
                "member_id": "CHANGE-RES-001"
              },
              {
                "canonical_name": "evidence/evd-chk-001.json",
                "media_type": "application/json",
                "member_id": "EVD-CHK-001"
              },
              {
                "canonical_name": "evidence/evd-pre.json",
                "media_type": "application/json",
                "member_id": "EVD-PRE"
              },
              {
                "canonical_name": "evidence/imp-state.json",
                "media_type": "application/json",
                "member_id": "IMP-STATE"
              },
              {
                "canonical_name": "snapshots/result-res-001.json",
                "media_type": "application/json",
                "member_id": "RESULT-RES-001"
              }
            ],
            "tables": [
              [
                "Relationship",
                "Reference"
              ],
              [
                "IMP Binding Reference",
                "Binding Lineage Key",
                "Attempt",
                "Owner",
                "Rework References"
              ],
              [
                "Check ID",
                "检查项 Check",
                "Result",
                "Evidence or Notes"
              ],
              [
                "实施考量项 Implementation Consideration",
                "Disposition",
                "触发依据或 N/A 原因",
                "Approach Step 引用",
                "Exception 引用"
              ],
              [
                "ID",
                "Resource",
                "Baseline Reference",
                "Change Reference",
                "Result Reference",
                "Changed Scope",
                "Approach Step References"
              ],
              [
                "ID",
                "检查或方法 Check or Method",
                "范围 Scope",
                "结果 Result",
                "依据 Basis"
              ],
              [
                "ID",
                "所需输入或待确认决策 Needed Input or Decision",
                "预期来源 Expected Source",
                "被阻塞项 Blocked References",
                "状态 State",
                "解决结果或证据 Resolution or Evidence"
              ],
              [
                "ID",
                "Type",
                "Supports References",
                "Source or Producer",
                "Reference",
                "Integrity or Digest",
                "Produced At",
                "Sensitivity or Access",
                "Empty Reason"
              ],
              [
                "Member ID",
                "Canonical Name",
                "Media Type",
                "Purpose",
                "SHA-256 Digest"
              ],
              [
                "ID",
                "State",
                "Origin Exception Reference",
                "作用域或被跳过义务 Scope or Skipped Obligation",
                "原因 Reason",
                "已知风险 Known Risk",
                "补偿措施 Compensating Control",
                "批准记录 Approver, Role and Time",
                "复查条件 Revisit Condition",
                "下游限制 Downstream Obligation",
                "解决或替代引用 Resolution or Superseding References"
              ],
              [
                "Phase",
                "Disposition",
                "Host",
                "判断依据 Basis"
              ],
              [
                "Check ID",
                "检查项 Check",
                "结果 Result",
                "证据或说明 Evidence or Notes"
              ],
              [
                "Revision",
                "Control Input Digest",
                "Evaluation Contract Set",
                "Check Set Result Digest",
                "Result",
                "Mode",
                "Confirmer",
                "Role",
                "Authority Reference",
                "Accepted Exception References",
                "Confirmed At"
              ],
              [
                "Evaluated Revision",
                "Control Input Digest",
                "Evaluation Contract Set",
                "Check Set Result Digest",
                "Gate Result",
                "Exception References",
                "Evaluator",
                "Evaluated At"
              ]
            ]
          }
        },
        "PLN": {
          "artifact_status": "ready",
          "base_revision": null,
          "gate": {
            "check_tables": [
              [
                {
                  "id": "CORE-G-001",
                  "result": "pass"
                },
                {
                  "id": "CORE-G-002",
                  "result": "pass"
                },
                {
                  "id": "CORE-G-003",
                  "result": "pass"
                },
                {
                  "id": "CORE-G-004",
                  "result": "pass"
                },
                {
                  "id": "CORE-G-005",
                  "result": "pass"
                },
                {
                  "id": "CORE-G-006",
                  "result": "pass"
                },
                {
                  "id": "CORE-G-007",
                  "result": "pass"
                },
                {
                  "id": "CORE-G-008",
                  "result": "pass"
                },
                {
                  "id": "CORE-G-009",
                  "result": "pass"
                },
                {
                  "id": "PLN-G-001",
                  "result": "pass"
                },
                {
                  "id": "PLN-G-002",
                  "result": "pass"
                },
                {
                  "id": "PLN-G-003",
                  "result": "pass"
                },
                {
                  "id": "PLN-G-004",
                  "result": "pass"
                },
                {
                  "id": "PLN-G-005",
                  "result": "pass"
                },
                {
                  "id": "PLN-G-006",
                  "result": "pass"
                },
                {
                  "id": "PLN-G-007",
                  "result": "pass"
                }
              ]
            ],
            "summary_headers": [
              "Evaluated Revision",
              "Control Input Digest",
              "Evaluation Contract Set",
              "Check Set Result Digest",
              "Gate Result",
              "Exception References",
              "Evaluator",
              "Evaluated At"
            ],
            "summary_result": "pass"
          },
          "id_pattern": "PLN-14digits-NN",
          "materialized": true,
          "primary_sha256": "sha256:1b32a195a4ee4ea8af786d563efb2f6bb268f4e66064f31e56cb5661dbec1a37",
          "reference": "PLN-20260904010000-01@1",
          "revision": 1,
          "revision_state": "frozen",
          "shape": {
            "front_matter_keys": [
              "contract",
              "phase",
              "id",
              "revision",
              "status",
              "context",
              "profile",
              "inputs"
            ],
            "headings": [
              {
                "level": 1,
                "text": "<artifact-title>"
              },
              {
                "level": 2,
                "text": "摘要 Summary"
              },
              {
                "level": 2,
                "text": "范围 Scope"
              },
              {
                "level": 2,
                "text": "交付范围 Delivery Scope"
              },
              {
                "level": 2,
                "text": "聚合适用性 Aggregated Applicability"
              },
              {
                "level": 2,
                "text": "义务覆盖 Obligations"
              },
              {
                "level": 2,
                "text": "工作项 Work Items"
              },
              {
                "level": 2,
                "text": "待确认项 Open Items"
              },
              {
                "level": 2,
                "text": "证据 Evidence"
              },
              {
                "level": 2,
                "text": "Supporting Artifact Manifest"
              },
              {
                "level": 2,
                "text": "豁免 Exceptions"
              },
              {
                "level": 2,
                "text": "生命周期适用性 Lifecycle Applicability"
              },
              {
                "level": 2,
                "text": "门禁 Gate"
              },
              {
                "level": 3,
                "text": "Final Confirmation"
              },
              {
                "level": 3,
                "text": "Artifact Gate Summary"
              }
            ],
            "manifest_keys": [
              "contract",
              "local_members"
            ],
            "manifest_members": [],
            "members": [],
            "tables": [
              [
                "Field",
                "Value"
              ],
              [
                "Scope Token",
                "Source References",
                "Outcome"
              ],
              [
                "Phase",
                "Disposition",
                "Host",
                "判断依据 Basis"
              ],
              [
                "Obligation Reference",
                "Covered By Work Items"
              ],
              [
                "ID",
                "目标 Phase Target Phase",
                "结果 Outcome",
                "执行范围 Execution Scope",
                "来源引用 Source References",
                "约束引用 Constraint References",
                "依赖 Depends On",
                "完成条件 Completion Criteria",
                "预期证据 Expected Evidence",
                "责任角色 Responsible Role"
              ],
              [
                "ID",
                "所需输入或待确认决策 Needed Input or Decision",
                "预期来源 Expected Source",
                "被阻塞项 Blocked References",
                "状态 State",
                "解决结果或证据 Resolution or Evidence"
              ],
              [
                "ID",
                "Type",
                "Supports References",
                "Source or Producer",
                "Reference",
                "Integrity or Digest",
                "Produced At",
                "Sensitivity or Access",
                "Empty Reason"
              ],
              [
                "Member ID",
                "Canonical Name",
                "Media Type",
                "Purpose",
                "SHA-256 Digest"
              ],
              [
                "ID",
                "State",
                "Origin Exception Reference",
                "作用域或被跳过义务 Scope or Skipped Obligation",
                "原因 Reason",
                "已知风险 Known Risk",
                "补偿措施 Compensating Control",
                "批准记录 Approver, Role and Time",
                "复查条件 Revisit Condition",
                "下游限制 Downstream Obligation",
                "解决或替代引用 Resolution or Superseding References"
              ],
              [
                "Phase",
                "Disposition",
                "Host",
                "判断依据 Basis"
              ],
              [
                "Check ID",
                "检查项 Check",
                "结果 Result",
                "证据或说明 Evidence or Notes"
              ],
              [
                "Revision",
                "Control Input Digest",
                "Evaluation Contract Set",
                "Check Set Result Digest",
                "Result",
                "Mode",
                "Confirmer",
                "Role",
                "Authority Reference",
                "Accepted Exception References",
                "Confirmed At"
              ],
              [
                "Evaluated Revision",
                "Control Input Digest",
                "Evaluation Contract Set",
                "Check Set Result Digest",
                "Gate Result",
                "Exception References",
                "Evaluator",
                "Evaluated At"
              ]
            ]
          }
        },
        "REQ": {
          "artifact_status": "ready",
          "base_revision": null,
          "gate": {
            "check_tables": [
              [
                {
                  "id": "CORE-G-001",
                  "result": "pass"
                },
                {
                  "id": "CORE-G-002",
                  "result": "pass"
                },
                {
                  "id": "CORE-G-003",
                  "result": "pass"
                },
                {
                  "id": "CORE-G-004",
                  "result": "pass"
                },
                {
                  "id": "CORE-G-005",
                  "result": "pass"
                },
                {
                  "id": "CORE-G-006",
                  "result": "pass"
                },
                {
                  "id": "CORE-G-007",
                  "result": "pass"
                },
                {
                  "id": "CORE-G-008",
                  "result": "pass"
                },
                {
                  "id": "CORE-G-009",
                  "result": "pass"
                }
              ],
              [
                {
                  "id": "REQ-G-001",
                  "result": "pass"
                },
                {
                  "id": "REQ-G-002",
                  "result": "pass"
                },
                {
                  "id": "REQ-G-003",
                  "result": "pass"
                },
                {
                  "id": "REQ-G-004",
                  "result": "pass"
                },
                {
                  "id": "REQ-G-005",
                  "result": "pass"
                },
                {
                  "id": "REQ-G-006",
                  "result": "pass"
                },
                {
                  "id": "REQ-G-007",
                  "result": "pass"
                },
                {
                  "id": "REQ-G-008",
                  "result": "pass"
                }
              ]
            ],
            "summary_headers": [
              "Evaluated Revision",
              "Control Input Digest",
              "Evaluation Contract Set",
              "Check Set Result Digest",
              "Gate Result",
              "Exception References",
              "Evaluator",
              "Evaluated At"
            ],
            "summary_result": "pass"
          },
          "id_pattern": "REQ-14digits-NN",
          "materialized": true,
          "primary_sha256": "sha256:64b4a5646798ac9984df1fe480c0b16b5f235a169a9a812ad4e1a618234ed8b4",
          "reference": "REQ-20260904010000-01@1",
          "revision": 1,
          "revision_state": "frozen",
          "shape": {
            "front_matter_keys": [
              "contract",
              "phase",
              "id",
              "revision",
              "status",
              "context",
              "profile",
              "inputs"
            ],
            "headings": [
              {
                "level": 1,
                "text": "<artifact-title>"
              },
              {
                "level": 2,
                "text": "摘要 Summary"
              },
              {
                "level": 2,
                "text": "原始输入 Source Input"
              },
              {
                "level": 2,
                "text": "目标与成功条件 Goal and Success"
              },
              {
                "level": 2,
                "text": "范围 Scope"
              },
              {
                "level": 3,
                "text": "包含 In Scope"
              },
              {
                "level": 3,
                "text": "不包含 Out of Scope"
              },
              {
                "level": 2,
                "text": "影响对象 Affected Parties"
              },
              {
                "level": 2,
                "text": "需求项 Requirements"
              },
              {
                "level": 2,
                "text": "验收条件 Acceptance Criteria"
              },
              {
                "level": 2,
                "text": "依赖 Dependencies"
              },
              {
                "level": 2,
                "text": "生命周期配置 Lifecycle Profile"
              },
              {
                "level": 2,
                "text": "待确认项 Open Items"
              },
              {
                "level": 2,
                "text": "证据 Evidence"
              },
              {
                "level": 2,
                "text": "支撑产物清单 Supporting Artifact Manifest"
              },
              {
                "level": 2,
                "text": "豁免 Exceptions"
              },
              {
                "level": 2,
                "text": "生命周期适用性 Lifecycle Applicability"
              },
              {
                "level": 2,
                "text": "门禁 Gate"
              },
              {
                "level": 3,
                "text": "Core Checks"
              },
              {
                "level": 3,
                "text": "REQ Checks"
              },
              {
                "level": 3,
                "text": "Final Confirmation"
              },
              {
                "level": 3,
                "text": "Artifact Gate Summary"
              }
            ],
            "manifest_keys": [
              "local_members"
            ],
            "manifest_members": [],
            "members": [],
            "tables": [
              [
                "ID",
                "Type",
                "Content or Immutable Reference",
                "Evidence Reference"
              ],
              [
                "ID",
                "当前问题 Current Problem",
                "目标结果与预期用途 Goal, Intended Outcome and Use",
                "成功条件 Success Condition"
              ],
              [
                "ID",
                "对象 Affected Party",
                "Stakeholder Need or Impact"
              ],
              [
                "ID",
                "类型 Type",
                "来源或父项引用 Source or Parent References",
                "需求描述 Requirement Statement"
              ],
              [
                "ID",
                "关联需求 Requirement References",
                "条件 Condition",
                "预期结果 Expected Result"
              ],
              [
                "ID",
                "依赖项 Dependency",
                "要求状态 Required State",
                "当前状态 Current State",
                "状态检查引用 State Check Reference"
              ],
              [
                "Selected Profile",
                "Basis"
              ],
              [
                "ID",
                "所需输入或待确认决策 Needed Input or Decision",
                "预期来源 Expected Source",
                "被阻塞项 Blocked References",
                "状态 State",
                "解决结果或证据 Resolution or Evidence"
              ],
              [
                "ID",
                "Type",
                "Supports References",
                "Source or Producer",
                "Reference",
                "Integrity or Digest",
                "Produced At",
                "Sensitivity or Access",
                "Empty Reason"
              ],
              [
                "Member ID",
                "Type",
                "Path or Reference",
                "Media Type",
                "Purpose",
                "SHA-256 Digest",
                "Empty Reason"
              ],
              [
                "ID",
                "State",
                "Origin Exception Reference",
                "作用域或被跳过义务 Scope or Skipped Obligation",
                "原因 Reason",
                "已知风险 Known Risk",
                "补偿措施 Compensating Control",
                "批准记录 Approver, Role and Time",
                "复查条件 Revisit Condition",
                "下游限制 Downstream Obligation",
                "解决或替代引用 Resolution or Superseding References"
              ],
              [
                "Phase",
                "Disposition",
                "Host",
                "判断依据 Basis"
              ],
              [
                "Check ID",
                "检查项 Check",
                "结果 Result",
                "证据或说明 Evidence or Notes"
              ],
              [
                "Check ID",
                "检查项 Check",
                "结果 Result",
                "证据或说明 Evidence or Notes"
              ],
              [
                "Revision",
                "Control Input Digest",
                "Evaluation Contract Set",
                "Check Set Result Digest",
                "Result",
                "Mode",
                "Confirmer",
                "Role",
                "Authority Reference",
                "Accepted Exception References",
                "Confirmed At"
              ],
              [
                "Evaluated Revision",
                "Control Input Digest",
                "Evaluation Contract Set",
                "Check Set Result Digest",
                "Gate Result",
                "Exception References",
                "Evaluator",
                "Evaluated At"
              ]
            ]
          }
        },
        "VFY": {
          "artifact_status": "ready",
          "base_revision": null,
          "gate": {
            "check_tables": [
              [
                {
                  "id": "CORE-G-001",
                  "result": "pass"
                },
                {
                  "id": "CORE-G-002",
                  "result": "pass"
                },
                {
                  "id": "CORE-G-003",
                  "result": "pass"
                },
                {
                  "id": "CORE-G-004",
                  "result": "pass"
                },
                {
                  "id": "CORE-G-005",
                  "result": "pass"
                },
                {
                  "id": "CORE-G-006",
                  "result": "pass"
                },
                {
                  "id": "CORE-G-007",
                  "result": "pass"
                },
                {
                  "id": "CORE-G-008",
                  "result": "pass"
                },
                {
                  "id": "CORE-G-009",
                  "result": "pass"
                },
                {
                  "id": "VFY-G-001",
                  "result": "pass"
                },
                {
                  "id": "VFY-G-002",
                  "result": "pass"
                },
                {
                  "id": "VFY-G-003",
                  "result": "pass"
                },
                {
                  "id": "VFY-G-004",
                  "result": "pass"
                },
                {
                  "id": "VFY-G-005",
                  "result": "pass"
                },
                {
                  "id": "VFY-G-006",
                  "result": "pass"
                },
                {
                  "id": "VFY-G-007",
                  "result": "pass"
                },
                {
                  "id": "VFY-G-008",
                  "result": "pass"
                }
              ]
            ],
            "summary_headers": [
              "Evaluated Revision",
              "Control Input Digest",
              "Evaluation Contract Set",
              "Check Set Result Digest",
              "Gate Result",
              "Exception References",
              "Evaluator",
              "Evaluated At"
            ],
            "summary_result": "pass"
          },
          "id_pattern": "VFY-14digits-NN",
          "materialized": true,
          "primary_sha256": "sha256:a176c2c7d9c417c767bdea196d20dbd49414f4e1ffe7151c268df6634051e96e",
          "reference": "VFY-20260905015303-01@1",
          "revision": 1,
          "revision_state": "frozen",
          "shape": {
            "front_matter_keys": [
              "contract",
              "phase",
              "id",
              "revision",
              "status",
              "context",
              "profile",
              "inputs"
            ],
            "headings": [
              {
                "level": 1,
                "text": "<artifact-title>"
              },
              {
                "level": 2,
                "text": "摘要 Summary"
              },
              {
                "level": 2,
                "text": "范围 Scope"
              },
              {
                "level": 2,
                "text": "输入与结果集 Input and Result Set"
              },
              {
                "level": 2,
                "text": "追踪与覆盖 Traceability and Coverage"
              },
              {
                "level": 2,
                "text": "VFY 方法 VFY Methods"
              },
              {
                "level": 3,
                "text": "VFM-001 Inspect exact completed Result path"
              },
              {
                "level": 3,
                "text": "VFM-002 Analyze exact completed Result digest"
              },
              {
                "level": 2,
                "text": "方法结果 Method Results"
              },
              {
                "level": 2,
                "text": "VFY 结论 VFY Conclusions"
              },
              {
                "level": 2,
                "text": "失败与返回 Failures and Returns"
              },
              {
                "level": 2,
                "text": "待确认项 Open Items"
              },
              {
                "level": 2,
                "text": "证据 Evidence"
              },
              {
                "level": 2,
                "text": "Supporting Artifact Manifest"
              },
              {
                "level": 2,
                "text": "豁免 Exceptions"
              },
              {
                "level": 2,
                "text": "生命周期适用性 Lifecycle Applicability"
              },
              {
                "level": 2,
                "text": "门禁 Gate"
              },
              {
                "level": 3,
                "text": "Final Confirmation"
              },
              {
                "level": 3,
                "text": "Artifact Gate Summary"
              }
            ],
            "manifest_keys": [
              "contract",
              "local_members"
            ],
            "manifest_members": [
              {
                "canonical_name": "vfy-evidence-001.json",
                "media_type": "application/json",
                "member_id": "VFY-EVIDENCE-001"
              },
              {
                "canonical_name": "vfy-evidence-002.json",
                "media_type": "application/json",
                "member_id": "VFY-EVIDENCE-002"
              },
              {
                "canonical_name": "vfy-state.json",
                "media_type": "application/json",
                "member_id": "VFY-STATE"
              }
            ],
            "members": [
              {
                "canonical_name": "vfy-evidence-001.json",
                "media_type": "application/json",
                "member_id": "VFY-EVIDENCE-001"
              },
              {
                "canonical_name": "vfy-evidence-002.json",
                "media_type": "application/json",
                "member_id": "VFY-EVIDENCE-002"
              },
              {
                "canonical_name": "vfy-state.json",
                "media_type": "application/json",
                "member_id": "VFY-STATE"
              }
            ],
            "tables": [
              [
                "ID",
                "角色 Role",
                "引用 Reference",
                "纳入范围 Included Scope",
                "选择依据 Selection Basis"
              ],
              [
                "目标引用 Target Reference",
                "目标摘要 Target Summary",
                "Purpose",
                "Conclusion",
                "依据引用 Basis References",
                "Exception Reference"
              ],
              [
                "ID",
                "Purpose",
                "Target References",
                "Subject References",
                "义务引用 Obligation References",
                "Method Type",
                "Disposition",
                "依据或原因 Basis Reference or Reason"
              ],
              [
                "Method ID",
                "Result",
                "实际结果 Actual Result",
                "依据引用 Basis References",
                "Return References"
              ],
              [
                "ID",
                "Dimension",
                "Conclusion",
                "Target References",
                "Basis References",
                "Exception References"
              ],
              [
                "ID",
                "Return Phase",
                "IMP Binding Reference",
                "Target References",
                "Method References",
                "Subject References",
                "已观察缺口 Observed Gap",
                "必须达到的结果 Required Outcome",
                "Evidence References"
              ],
              [
                "ID",
                "所需输入或待确认决策 Needed Input or Decision",
                "预期来源 Expected Source",
                "被阻塞项 Blocked References",
                "状态 State",
                "解决结果或证据 Resolution or Evidence"
              ],
              [
                "ID",
                "Type",
                "Supports References",
                "Source or Producer",
                "Reference",
                "Integrity or Digest",
                "Produced At",
                "Sensitivity or Access",
                "Empty Reason"
              ],
              [
                "Member ID",
                "Canonical Name",
                "Media Type",
                "Purpose",
                "SHA-256 Digest"
              ],
              [
                "ID",
                "State",
                "Origin Exception Reference",
                "作用域或被跳过义务 Scope or Skipped Obligation",
                "原因 Reason",
                "已知风险 Known Risk",
                "补偿措施 Compensating Control",
                "批准记录 Approver, Role and Time",
                "复查条件 Revisit Condition",
                "下游限制 Downstream Obligation",
                "解决或替代引用 Resolution or Superseding References"
              ],
              [
                "Phase",
                "Disposition",
                "Host",
                "判断依据 Basis"
              ],
              [
                "Check ID",
                "检查项 Check",
                "结果 Result",
                "证据或说明 Evidence or Notes"
              ],
              [
                "Revision",
                "Control Input Digest",
                "Evaluation Contract Set",
                "Check Set Result Digest",
                "Result",
                "Mode",
                "Confirmer",
                "Role",
                "Authority Reference",
                "Accepted Exception References",
                "Confirmed At"
              ],
              [
                "Evaluated Revision",
                "Control Input Digest",
                "Evaluation Contract Set",
                "Check Set Result Digest",
                "Gate Result",
                "Exception References",
                "Evaluator",
                "Evaluated At"
              ]
            ]
          }
        }
      },
      "product_result": "pass",
      "references": {
        "CTX": "CTX-20260904010000-01@1",
        "DSN": "DSN-20260904010000-01@1",
        "IMP": "IMP-20260904010000-01@1",
        "PLN": "PLN-20260904010000-01@1",
        "REQ": "REQ-20260904010000-01@1",
        "VFY": "VFY-20260905015303-01@1"
      },
      "remote_writes": 0,
      "repository": "ousui/springgear",
      "repository_after": {
        "file_count": 114,
        "file_mode_sha256": "sha256:490ddd16b64ac6ad1092ae4e64854572fbad9f524465370bbce98c3762c47e50",
        "head": "e855096ff19dcdb303dc4250ba19c30acd743ac7",
        "refs_sha256": "sha256:d54eeee60c9ddbd1cc5eda610dc2ad06268428838ba317b73c3a3fb7ae1e5d08",
        "sdlc_exists": false,
        "status_hex": "",
        "status_sha256": "sha256:e3b0c44298fc1c149afbf4c8996fb92427ae41e4649b934ca495991b7852b855",
        "tracked_untracked_sha256": "sha256:bbf4729b820fc8fbc67e137ef3bbd95315aac1fc3e16e5b2f87ee6e2a8a35b98"
      },
      "repository_before": {
        "file_count": 114,
        "file_mode_sha256": "sha256:490ddd16b64ac6ad1092ae4e64854572fbad9f524465370bbce98c3762c47e50",
        "head": "e855096ff19dcdb303dc4250ba19c30acd743ac7",
        "refs_sha256": "sha256:d54eeee60c9ddbd1cc5eda610dc2ad06268428838ba317b73c3a3fb7ae1e5d08",
        "sdlc_exists": false,
        "status_hex": "",
        "status_sha256": "sha256:e3b0c44298fc1c149afbf4c8996fb92427ae41e4649b934ca495991b7852b855",
        "tracked_untracked_sha256": "sha256:bbf4729b820fc8fbc67e137ef3bbd95315aac1fc3e16e5b2f87ee6e2a8a35b98"
      },
      "repository_during": {
        "file_count": 114,
        "file_mode_sha256": "sha256:490ddd16b64ac6ad1092ae4e64854572fbad9f524465370bbce98c3762c47e50",
        "head": "e855096ff19dcdb303dc4250ba19c30acd743ac7",
        "refs_sha256": "sha256:d54eeee60c9ddbd1cc5eda610dc2ad06268428838ba317b73c3a3fb7ae1e5d08",
        "sdlc_exists": true,
        "status_hex": "204d20737072696e67676561722d706172656e742f524541444d452e6d6400",
        "status_sha256": "sha256:cb4ed4445bf78e9e4b2fce222072267297e52cdd93a2df6fe0236738e6e04fd2",
        "tracked_untracked_sha256": "sha256:8d0a3fa4283f35c6972499a67be69926515e7975888ac311af7890cab97d3ae4"
      },
      "rls_applicability": "n/a",
      "rls_ready": false,
      "status": "PASS",
      "status_projection": {
        "artifact_gate": "pass",
        "artifact_reference": "VFY-20260905015303-01@1",
        "artifact_status": "ready",
        "early_stop": false,
        "next_action": "LIFECYCLE_COMPLETE",
        "next_phase": null,
        "product_result": "pass",
        "return_phase": null,
        "revision_state": "frozen",
        "rls_applicability": "n/a",
        "rls_ready": false,
        "unresolved_controls": [],
        "unresolved_returns": []
      },
      "upstream_candidate_digests": {
        "CTX": "sha256:fd81cdce318999ac22d12acc72eb52b4bee02315c469d2947de9e68fc835c512",
        "DSN": "sha256:c6e5eb212a9693fe13a948c0019b9a52b4b8aad7318c738797feb1c447e3c1b9",
        "PLN": "sha256:f64dbae4a0f138e19dac4b6a6def86e36690860400e59e24c668390ef5ba078c",
        "REQ": "sha256:11249773484b2952d242e5921c7a7716d0e68af59371e3aab0b34bb7ce31ed6f"
      },
      "vfy_subject_set": [
        {
          "attempt": "1",
          "baseline_reference": "IMP-20260904010000-01@1/BASE-RES-001",
          "binding_lineage": "PLN-20260904010000-01#WI-001",
          "claim_state": "completed",
          "cumulative_changed_scope": [
            "resource:repo",
            "path:repo/README.md"
          ],
          "current_valid": true,
          "dependency_chain_valid": true,
          "dependency_result_references": [],
          "imp_revision_reference": "IMP-20260904010000-01@1",
          "imp_revision_state": "frozen",
          "reference": "IMP-20260904010000-01@1/RESULT-RES-001",
          "resource_id": "repo",
          "result_digest": "sha256:9f6179e8cfce7dd18ffb0cf336189583ee63023d96d48fbcbd365aa888725cbf"
        }
      ]
    },
    {
      "actual_sha": "a6882210a80bb27e3aa5dff0b4c21aa4afe8988a",
      "artifact_gate": "pass",
      "check_read_only": true,
      "cleanup_assertions": {
        "file_mode_identical": true,
        "head_unchanged": true,
        "refs_unchanged": true,
        "sdlc_removed": true,
        "status_bytes_identical": true,
        "temporary_authority_removed": true,
        "temporary_evidence_removed": true,
        "tracked_untracked_digest_identical": true
      },
      "command_receipts": [
        {
          "attempt": 1,
          "command": [
            "git",
            "clone",
            "--no-checkout",
            "https://github.com/flipped-aurora/gin-vue-admin.git",
            "project-2"
          ],
          "cwd": ".",
          "duration_ms": 14016,
          "exit_code": 0,
          "finished_at": "2026-09-05T01:53:17Z",
          "kind": "clone",
          "repository": "flipped-aurora/gin-vue-admin",
          "started_at": "2026-09-05T01:53:03Z",
          "stderr_sha256": "sha256:b36429b723d6ecf7d75abe84c23bfcddf7f38e07d9c9728b945145efdb94f358",
          "stdout_sha256": "sha256:12ae32cb1ec02d01eda3581b127c1fee3b0dc53572ed6baf239721a03d82e126"
        },
        {
          "attempt": 1,
          "command": [
            "git",
            "-C",
            "project-2",
            "checkout",
            "--detach",
            "a6882210a80bb27e3aa5dff0b4c21aa4afe8988a"
          ],
          "cwd": ".",
          "duration_ms": 70,
          "exit_code": 0,
          "finished_at": "2026-09-05T01:53:17Z",
          "kind": "checkout",
          "repository": "flipped-aurora/gin-vue-admin",
          "started_at": "2026-09-05T01:53:17Z",
          "stderr_sha256": "sha256:bd21ee4e22edc3ecac7e1fb6c421e2fe26d776c337ac10dbdb6836a9ff2e32c1",
          "stdout_sha256": "sha256:12ae32cb1ec02d01eda3581b127c1fee3b0dc53572ed6baf239721a03d82e126"
        }
      ],
      "commit_push_tag_or_ref_mutations": 0,
      "con_val": {
        "basis_references": [
          "VFM-001",
          "EVD-001@sha256:a833919f1a174bdfdee0df37a8320f4b3a2eefd28388a4540e81cdb7aa605fdd",
          "VFM-002",
          "EVD-002@sha256:33d6a7f6ccb3a091bb737c2adc8277633272ce0264d1b05400b259358d2c471a"
        ],
        "conclusion": "pass",
        "dimension": "validation",
        "exception_references": [],
        "id": "CON-VAL",
        "target_references": [
          "DSN-20260904010000-01@1#VFO-001"
        ]
      },
      "con_ver": {
        "basis_references": [
          "VFM-001",
          "EVD-001@sha256:a833919f1a174bdfdee0df37a8320f4b3a2eefd28388a4540e81cdb7aa605fdd",
          "VFM-002",
          "EVD-002@sha256:33d6a7f6ccb3a091bb737c2adc8277633272ce0264d1b05400b259358d2c471a"
        ],
        "conclusion": "pass",
        "dimension": "verification",
        "exception_references": [],
        "id": "CON-VER",
        "target_references": [
          "DSN-20260904010000-01@1#VFO-001"
        ]
      },
      "dependency_installations": 0,
      "design_target_authority": {
        "member": "DOM-510",
        "obligations": [
          "DSN-20260904010000-01@1#VFP-210-001",
          "DSN-20260904010000-01@1#VFP-220-001"
        ],
        "sha256": "sha256:123004f579054e9ae2fc3e93b6c459b2729724af094bf3c94b5f94f9f9c67a60",
        "target": "DSN-20260904010000-01@1#VFO-001"
      },
      "evidence": [
        {
          "environment": {
            "data_contract": "current exact Subject workspace",
            "project_root": "."
          },
          "evidence_requirement": "Immutable path observation",
          "executor_identity": "external-vfy-executor",
          "id": "EVD-001",
          "method_id": "VFM-001",
          "observed": {
            "exists": true,
            "kind": "file_exists",
            "path": "aiDoc/memory/business/active/README.md",
            "source_after": "sha256:632855a641eb1820ad383a32bd1863bed6c62376d0c2b3c8bfa1288f1d332c5b",
            "source_before": "sha256:632855a641eb1820ad383a32bd1863bed6c62376d0c2b3c8bfa1288f1d332c5b"
          },
          "observed_at": "2026-09-05T01:53:18Z",
          "reference": "EVD-001@sha256:a833919f1a174bdfdee0df37a8320f4b3a2eefd28388a4540e81cdb7aa605fdd",
          "result": "pass",
          "sha256": "sha256:a833919f1a174bdfdee0df37a8320f4b3a2eefd28388a4540e81cdb7aa605fdd",
          "source_evidence": null,
          "subject_references": [
            "IMP-20260904010000-01@1/RESULT-RES-001"
          ],
          "target_references": [
            "DSN-20260904010000-01@1#VFO-001"
          ]
        },
        {
          "environment": {
            "data_contract": "current exact Subject workspace",
            "project_root": "."
          },
          "evidence_requirement": "Immutable SHA-256 observation",
          "executor_identity": "external-vfy-executor",
          "id": "EVD-002",
          "method_id": "VFM-002",
          "observed": {
            "actual": "sha256:b090e3531c387fb3fa1018eceb4249d042c0a02923719b84315f805194bd3ed0",
            "expected": "sha256:b090e3531c387fb3fa1018eceb4249d042c0a02923719b84315f805194bd3ed0",
            "kind": "sha256_equals",
            "path": "aiDoc/memory/business/active/README.md",
            "source_after": "sha256:632855a641eb1820ad383a32bd1863bed6c62376d0c2b3c8bfa1288f1d332c5b",
            "source_before": "sha256:632855a641eb1820ad383a32bd1863bed6c62376d0c2b3c8bfa1288f1d332c5b"
          },
          "observed_at": "2026-09-05T01:53:18Z",
          "reference": "EVD-002@sha256:33d6a7f6ccb3a091bb737c2adc8277633272ce0264d1b05400b259358d2c471a",
          "result": "pass",
          "sha256": "sha256:33d6a7f6ccb3a091bb737c2adc8277633272ce0264d1b05400b259358d2c471a",
          "source_evidence": null,
          "subject_references": [
            "IMP-20260904010000-01@1/RESULT-RES-001"
          ],
          "target_references": [
            "DSN-20260904010000-01@1#VFO-001"
          ]
        }
      ],
      "expected_sha": "a6882210a80bb27e3aa5dff0b4c21aa4afe8988a",
      "final_confirmation": {
        "authority_reference": ".sdlc/authority/vfy-delegated-confirmation.md@sha256:a303afe5e29eb23c0175081d6d22b99d285507f1be772eb619bf1adb118635a5",
        "manual_or_hybrid_evidence": false,
        "mode": "delegated",
        "reviewer": "external-vfy-independent-reviewer"
      },
      "imp_claim": {
        "artifact_reference": "IMP-20260904010000-01@1",
        "attempt": 1,
        "binding_lineage": "PLN-20260904010000-01#WI-001",
        "binding_reference": "PLN-20260904010000-01@1#WI-001",
        "state": "completed"
      },
      "imp_result": {
        "baseline_reference": "IMP-20260904010000-01@1/BASE-RES-001",
        "changed_scope": [
          "resource:repo",
          "path:repo/README.md"
        ],
        "resource": "repo",
        "result_digest": "sha256:492a0ea5a16900a2d4928363254aaec1dca94aa5700d1a91d1cf3dda326c44b6",
        "result_reference": "IMP-20260904010000-01@1/RESULT-RES-001"
      },
      "lifecycle": {
        "blockers": [],
        "contract": "sdlc-ai-spec/lifecycle-status/v1",
        "current_claims": [
          {
            "artifact_reference": "IMP-20260904010000-01@1",
            "attempt": 1,
            "binding_lineage": "PLN-20260904010000-01#WI-001",
            "binding_reference": "PLN-20260904010000-01@1#WI-001",
            "blockers": [],
            "claim_state": "completed",
            "completed": true,
            "dependency_results": [],
            "execution_scope": [
              "resource:repo",
              "path:repo/README.md"
            ],
            "materialized": true,
            "outcome": "Materialize the reversible README marker for flipped-aurora/gin-vue-admin",
            "owner": "external-imp-executor",
            "results": [
              {
                "baseline_reference": "IMP-20260904010000-01@1/BASE-RES-001",
                "changed_scope": [
                  "resource:repo",
                  "path:repo/README.md"
                ],
                "resource": "repo",
                "result_digest": "sha256:492a0ea5a16900a2d4928363254aaec1dca94aa5700d1a91d1cf3dda326c44b6",
                "result_reference": "IMP-20260904010000-01@1/RESULT-RES-001"
              }
            ],
            "revision_state": "frozen",
            "vfy_ready": true
          }
        ],
        "edges": [
          {
            "declared_reference": "CTX-20260904010000-01@1",
            "relation": "context",
            "source_reference": "CTX-20260904010000-01@1",
            "target_reference": "DSN-20260904010000-01@1"
          },
          {
            "declared_reference": "REQ-20260904010000-01@1",
            "relation": "scope_input",
            "source_reference": "REQ-20260904010000-01@1",
            "target_reference": "DSN-20260904010000-01@1"
          },
          {
            "declared_reference": "CTX-20260904010000-01@1",
            "relation": "context",
            "source_reference": "CTX-20260904010000-01@1",
            "target_reference": "IMP-20260904010000-01@1"
          },
          {
            "declared_reference": "PLN-20260904010000-01@1#WI-001",
            "relation": "control_input",
            "source_reference": "PLN-20260904010000-01@1",
            "target_reference": "IMP-20260904010000-01@1"
          },
          {
            "declared_reference": "PLN-20260904010000-01@1",
            "relation": "scope_input",
            "source_reference": "PLN-20260904010000-01@1",
            "target_reference": "IMP-20260904010000-01@1"
          },
          {
            "declared_reference": "CTX-20260904010000-01@1",
            "relation": "context",
            "source_reference": "CTX-20260904010000-01@1",
            "target_reference": "PLN-20260904010000-01@1"
          },
          {
            "declared_reference": "DSN-20260904010000-01@1",
            "relation": "scope_input",
            "source_reference": "DSN-20260904010000-01@1",
            "target_reference": "PLN-20260904010000-01@1"
          },
          {
            "declared_reference": "CTX-20260904010000-01@1",
            "relation": "context",
            "source_reference": "CTX-20260904010000-01@1",
            "target_reference": "REQ-20260904010000-01@1"
          },
          {
            "declared_reference": "CTX-20260904010000-01@1",
            "relation": "context",
            "source_reference": "CTX-20260904010000-01@1",
            "target_reference": "VFY-20260905015318-01@1"
          },
          {
            "declared_reference": "CTX-20260904010000-01@1",
            "relation": "scope_input",
            "source_reference": "CTX-20260904010000-01@1",
            "target_reference": "VFY-20260905015318-01@1"
          },
          {
            "declared_reference": "DSN-20260904010000-01@1",
            "relation": "scope_input",
            "source_reference": "DSN-20260904010000-01@1",
            "target_reference": "VFY-20260905015318-01@1"
          },
          {
            "declared_reference": "IMP-20260904010000-01@1",
            "relation": "scope_input",
            "source_reference": "IMP-20260904010000-01@1",
            "target_reference": "VFY-20260905015318-01@1"
          },
          {
            "declared_reference": "PLN-20260904010000-01@1",
            "relation": "scope_input",
            "source_reference": "PLN-20260904010000-01@1",
            "target_reference": "VFY-20260905015318-01@1"
          }
        ],
        "frontier": [
          "VFY-20260905015318-01@1"
        ],
        "next_actions": [
          {
            "code": "LIFECYCLE_COMPLETE",
            "command": null,
            "phase": null,
            "reason": "VFY 已冻结且 RLS 合法不适用；生命周期完成",
            "requires_user": false,
            "skill": null,
            "skill_available": false
          }
        ],
        "nodes": [
          {
            "allocated_at": "2026-09-04T01:00:00+00:00",
            "artifact_id": "CTX-20260904010000-01",
            "artifact_status": "ready",
            "artifact_type": "CTX",
            "authority_error": null,
            "authority_state": "valid",
            "context_reference": null,
            "frozen_at": "2026-09-04T01:00:00+00:00",
            "gate_result": "pass",
            "input_references": [],
            "materialized": true,
            "open_items": [],
            "projection_errors": [],
            "reference": "CTX-20260904010000-01@1",
            "revision": 1,
            "revision_state": "frozen"
          },
          {
            "allocated_at": "2026-09-04T01:00:00+00:00",
            "artifact_id": "REQ-20260904010000-01",
            "artifact_status": "ready",
            "artifact_type": "REQ",
            "authority_error": null,
            "authority_state": "valid",
            "context_reference": "CTX-20260904010000-01@1",
            "frozen_at": "2026-09-04T01:00:00+00:00",
            "gate_result": "pass",
            "input_references": [],
            "materialized": true,
            "open_items": [],
            "projection_errors": [],
            "reference": "REQ-20260904010000-01@1",
            "revision": 1,
            "revision_state": "frozen"
          },
          {
            "allocated_at": "2026-09-04T01:00:00+00:00",
            "artifact_id": "DSN-20260904010000-01",
            "artifact_status": "ready",
            "artifact_type": "DSN",
            "authority_error": null,
            "authority_state": "valid",
            "context_reference": "CTX-20260904010000-01@1",
            "frozen_at": "2026-09-04T01:00:00+00:00",
            "gate_result": "pass",
            "input_references": [
              "REQ-20260904010000-01@1"
            ],
            "materialized": true,
            "open_items": [],
            "projection_errors": [],
            "reference": "DSN-20260904010000-01@1",
            "revision": 1,
            "revision_state": "frozen"
          },
          {
            "allocated_at": "2026-09-04T01:00:00+00:00",
            "artifact_id": "PLN-20260904010000-01",
            "artifact_status": "ready",
            "artifact_type": "PLN",
            "authority_error": null,
            "authority_state": "valid",
            "context_reference": "CTX-20260904010000-01@1",
            "frozen_at": "2026-09-04T01:00:00+00:00",
            "gate_result": "pass",
            "input_references": [
              "DSN-20260904010000-01@1"
            ],
            "materialized": true,
            "open_items": [],
            "projection_errors": [],
            "reference": "PLN-20260904010000-01@1",
            "revision": 1,
            "revision_state": "frozen"
          },
          {
            "allocated_at": "2026-09-05T01:53:17+00:00",
            "artifact_id": "IMP-20260904010000-01",
            "artifact_status": "ready",
            "artifact_type": "IMP",
            "authority_error": null,
            "authority_state": "valid",
            "context_reference": "CTX-20260904010000-01@1",
            "frozen_at": "2026-09-05T01:53:18+00:00",
            "gate_result": "pass",
            "input_references": [
              "PLN-20260904010000-01@1"
            ],
            "materialized": true,
            "open_items": [],
            "projection_errors": [],
            "reference": "IMP-20260904010000-01@1",
            "revision": 1,
            "revision_state": "frozen"
          },
          {
            "allocated_at": "2026-09-05T01:53:18+00:00",
            "artifact_id": "VFY-20260905015318-01",
            "artifact_status": "ready",
            "artifact_type": "VFY",
            "authority_error": null,
            "authority_state": "valid",
            "context_reference": "CTX-20260904010000-01@1",
            "frozen_at": "2026-09-05T01:53:18+00:00",
            "gate_result": "pass",
            "input_references": [
              "CTX-20260904010000-01@1",
              "DSN-20260904010000-01@1",
              "IMP-20260904010000-01@1",
              "PLN-20260904010000-01@1"
            ],
            "materialized": true,
            "open_items": [],
            "projection_errors": [],
            "reference": "VFY-20260905015318-01@1",
            "revision": 1,
            "revision_state": "frozen"
          }
        ],
        "overall_state": "complete",
        "root_reference": "REQ-20260904010000-01@1",
        "vfy_inputs": [
          "IMP-20260904010000-01@1"
        ],
        "vfy_projection": {
          "artifact_gate": "pass",
          "artifact_reference": "VFY-20260905015318-01@1",
          "artifact_status": "ready",
          "early_stop": false,
          "next_action": "LIFECYCLE_COMPLETE",
          "next_phase": null,
          "product_result": "pass",
          "return_phase": null,
          "revision_state": "frozen",
          "rls_applicability": "n/a",
          "rls_ready": false,
          "unresolved_controls": [],
          "unresolved_returns": []
        },
        "vfy_results": [
          {
            "artifact_reference": "IMP-20260904010000-01@1",
            "resource": "repo",
            "result_digest": "sha256:492a0ea5a16900a2d4928363254aaec1dca94aa5700d1a91d1cf3dda326c44b6",
            "result_reference": "IMP-20260904010000-01@1/RESULT-RES-001"
          }
        ]
      },
      "method_results": [
        {
          "actual_result": "{\"exists\": true, \"kind\": \"file_exists\", \"path\": \"aiDoc/memory/business/active/README.md\", \"source_after\": \"sha256:632855a641eb1820ad383a32bd1863bed6c62376d0c2b3c8bfa1288f1d332c5b\", \"source_before\": \"sha256:632855a641eb1820ad383a32bd1863bed6c62376d0c2b3c8bfa1288f1d332c5b\"}",
          "actual_subject_references": [
            "IMP-20260904010000-01@1/RESULT-RES-001"
          ],
          "evidence_references": [
            "EVD-001@sha256:a833919f1a174bdfdee0df37a8320f4b3a2eefd28388a4540e81cdb7aa605fdd"
          ],
          "method_id": "VFM-001",
          "result": "pass",
          "return_references": []
        },
        {
          "actual_result": "{\"actual\": \"sha256:b090e3531c387fb3fa1018eceb4249d042c0a02923719b84315f805194bd3ed0\", \"expected\": \"sha256:b090e3531c387fb3fa1018eceb4249d042c0a02923719b84315f805194bd3ed0\", \"kind\": \"sha256_equals\", \"path\": \"aiDoc/memory/business/active/README.md\", \"source_after\": \"sha256:632855a641eb1820ad383a32bd1863bed6c62376d0c2b3c8bfa1288f1d332c5b\", \"source_before\": \"sha256:632855a641eb1820ad383a32bd1863bed6c62376d0c2b3c8bfa1288f1d332c5b\"}",
          "actual_subject_references": [
            "IMP-20260904010000-01@1/RESULT-RES-001"
          ],
          "evidence_references": [
            "EVD-002@sha256:33d6a7f6ccb3a091bb737c2adc8277633272ce0264d1b05400b259358d2c471a"
          ],
          "method_id": "VFM-002",
          "result": "pass",
          "return_references": []
        }
      ],
      "method_types": [
        "inspection",
        "analysis"
      ],
      "name": "gin-vue-admin",
      "phase_execution_receipts": [
        {
          "callable": "external_imp._create_context",
          "duration_ms": 37,
          "execution": "in_process_runtime_handler",
          "exit_code": 0,
          "finished_at": "2026-09-05T01:53:17Z",
          "output_digest": "sha256:dc2660f6d77ed639c3b75f5761f8c36ff8536b35c71c5283d60eb286ff391822",
          "phase": "CTX",
          "started_at": "2026-09-05T01:53:17Z"
        },
        {
          "callable": "external_imp._create_requirement",
          "duration_ms": 5,
          "execution": "in_process_runtime_handler",
          "exit_code": 0,
          "finished_at": "2026-09-05T01:53:17Z",
          "output_digest": "sha256:95812aaebab11417c4fefc99ded2384403eac1851e34b6e058d285e4b901d5fb",
          "phase": "REQ",
          "started_at": "2026-09-05T01:53:17Z"
        },
        {
          "callable": "external_imp._create_design",
          "duration_ms": 7,
          "execution": "in_process_runtime_handler",
          "exit_code": 0,
          "finished_at": "2026-09-05T01:53:17Z",
          "output_digest": "sha256:816cae532d07849da43d48931a3d7c70ecc04729c9860058928a19092ac1fe69",
          "phase": "DSN",
          "started_at": "2026-09-05T01:53:17Z"
        },
        {
          "callable": "external_imp._create_plan",
          "duration_ms": 7,
          "execution": "in_process_runtime_handler",
          "exit_code": 0,
          "finished_at": "2026-09-05T01:53:17Z",
          "output_digest": "sha256:ef9fee8110fcff00349eef508c0a96ee885551b6ab9c0a54159f60fc8858227a",
          "phase": "PLN",
          "started_at": "2026-09-05T01:53:17Z"
        },
        {
          "callable": "external_imp._complete_imp",
          "duration_ms": 355,
          "execution": "in_process_runtime_handler",
          "exit_code": 0,
          "finished_at": "2026-09-05T01:53:18Z",
          "output_digest": "sha256:9237fbcca125eb50d2d65577efbaab03a693c7801869acdb5ac532ef133e05bc",
          "phase": "IMP",
          "started_at": "2026-09-05T01:53:17Z"
        },
        {
          "callable": "VfyHandler.create+run",
          "duration_ms": 254,
          "execution": "in_process_runtime_handler",
          "exit_code": 0,
          "finished_at": "2026-09-05T01:53:18Z",
          "output_digest": "sha256:de7977cd9c09ac7b78076a9bb1863c49005a17b82cef3b9fc0a9261290188e0f",
          "phase": "VFY",
          "started_at": "2026-09-05T01:53:18Z"
        }
      ],
      "phases": {
        "CTX": {
          "artifact_status": "ready",
          "base_revision": null,
          "gate": {
            "check_tables": [
              [
                {
                  "id": "CORE-G-001",
                  "result": "pass"
                },
                {
                  "id": "CORE-G-002",
                  "result": "pass"
                },
                {
                  "id": "CORE-G-003",
                  "result": "pass"
                },
                {
                  "id": "CORE-G-004",
                  "result": "pass"
                },
                {
                  "id": "CORE-G-005",
                  "result": "pass"
                },
                {
                  "id": "CORE-G-006",
                  "result": "pass"
                },
                {
                  "id": "CORE-G-007",
                  "result": "pass"
                },
                {
                  "id": "CORE-G-008",
                  "result": "pass"
                },
                {
                  "id": "CORE-G-009",
                  "result": "pass"
                }
              ]
            ],
            "summary_headers": [
              "Evaluated Revision",
              "Control Input Digest",
              "Evaluation Contract Set",
              "Check Set Result Digest",
              "Gate Result",
              "Exception References",
              "Evaluator",
              "Evaluated At"
            ],
            "summary_result": "pass"
          },
          "id_pattern": "CTX-14digits-NN",
          "materialized": true,
          "primary_sha256": "sha256:0122c91cf292c800744d05bba0bb1b67a80cc2e72e5d7695f827949a0421d708",
          "reference": "CTX-20260904010000-01@1",
          "revision": 1,
          "revision_state": "frozen",
          "shape": {
            "front_matter_keys": [
              "contract",
              "id",
              "revision",
              "status"
            ],
            "headings": [
              {
                "level": 1,
                "text": "<artifact-title>"
              },
              {
                "level": 2,
                "text": "摘要 Summary"
              },
              {
                "level": 2,
                "text": "项目标识 Project Identity"
              },
              {
                "level": 2,
                "text": "资源登记 Resource Registry"
              },
              {
                "level": 2,
                "text": "技术与工程基线 Technical and Engineering Baseline"
              },
              {
                "level": 3,
                "text": "技术基线 Technology Baseline"
              },
              {
                "level": 3,
                "text": "工程入口 Engineering Entry Points"
              },
              {
                "level": 2,
                "text": "项目结构 Project Topology"
              },
              {
                "level": 2,
                "text": "项目规则 Project Rules"
              },
              {
                "level": 2,
                "text": "环境与约束 Environment and Constraints"
              },
              {
                "level": 3,
                "text": "环境 Environment"
              },
              {
                "level": 3,
                "text": "约束 Constraints"
              },
              {
                "level": 2,
                "text": "待确认项 Open Items"
              },
              {
                "level": 2,
                "text": "证据 Evidence"
              },
              {
                "level": 2,
                "text": "刷新摘要 Refresh Summary"
              },
              {
                "level": 2,
                "text": "支撑产物清单 Supporting Artifact Manifest"
              },
              {
                "level": 2,
                "text": "豁免 Exceptions"
              },
              {
                "level": 2,
                "text": "门禁 Gate"
              },
              {
                "level": 3,
                "text": "Core Checks"
              },
              {
                "level": 3,
                "text": "CTX Checks"
              },
              {
                "level": 3,
                "text": "Final Confirmation"
              },
              {
                "level": 3,
                "text": "Artifact Gate Summary"
              }
            ],
            "manifest_keys": [
              "artifact",
              "contract",
              "external_references",
              "local_members"
            ],
            "manifest_members": [],
            "members": [],
            "tables": [
              [
                "Field",
                "Value",
                "Basis",
                "Basis References"
              ],
              [
                "ID",
                "Type",
                "Name",
                "Role",
                "Locator",
                "Baseline Reference",
                "Basis",
                "Basis References"
              ],
              [
                "ID",
                "Category",
                "Name",
                "Version or Constraint",
                "Purpose",
                "Basis",
                "Basis References"
              ],
              [
                "ID",
                "Purpose",
                "Command or Entry Point",
                "Working Scope",
                "Preconditions",
                "Basis",
                "Basis References"
              ],
              [
                "ID",
                "Name",
                "Type",
                "Resource Reference",
                "Responsibility",
                "Entry Point",
                "Depends On",
                "Authority Reference",
                "Basis",
                "Basis References"
              ],
              [
                "ID",
                "Category",
                "Rule Summary",
                "Scope",
                "Authority Reference",
                "Basis",
                "Basis References"
              ],
              [
                "ID",
                "Environment",
                "Purpose",
                "Accessibility",
                "Data and Network Boundary",
                "Basis",
                "Basis References"
              ],
              [
                "ID",
                "Constraint",
                "Scope",
                "Impact",
                "Required Handling",
                "Authority Reference",
                "Basis",
                "Basis References"
              ],
              [
                "ID",
                "所需输入或待确认决策 Needed Input or Decision",
                "预期来源 Expected Source",
                "被阻塞项 Blocked References",
                "状态 State",
                "解决结果或证据 Resolution or Evidence"
              ],
              [
                "ID",
                "Type",
                "Supports References",
                "Source or Producer",
                "Reference",
                "Integrity or Digest",
                "Produced At",
                "Sensitivity or Access",
                "Empty Reason"
              ],
              [
                "Base Revision",
                "Observed At",
                "Observation Baseline",
                "Refresh Reason",
                "Effective Change References",
                "Evidence References"
              ],
              [
                "Member ID",
                "Type",
                "Path or Reference",
                "Media Type",
                "Purpose",
                "SHA-256 Digest",
                "Empty Reason"
              ],
              [
                "ID",
                "State",
                "Origin Exception Reference",
                "作用域或被跳过义务 Scope or Skipped Obligation",
                "原因 Reason",
                "已知风险 Known Risk",
                "补偿措施 Compensating Control",
                "批准记录 Approver, Role and Time",
                "复查条件 Revisit Condition",
                "下游限制 Downstream Obligation",
                "解决或替代引用 Resolution or Superseding References"
              ],
              [
                "Check ID",
                "检查项 Check",
                "结果 Result",
                "证据或说明 Evidence or Notes"
              ],
              [
                "Check ID",
                "Check",
                "Result",
                "Basis References"
              ],
              [
                "Revision",
                "Control Input Digest",
                "Evaluation Contract Set",
                "Check Set Result Digest",
                "Result",
                "Mode",
                "Confirmer",
                "Role",
                "Authority Reference",
                "Accepted Exception References",
                "Confirmed At"
              ],
              [
                "Evaluated Revision",
                "Control Input Digest",
                "Evaluation Contract Set",
                "Check Set Result Digest",
                "Gate Result",
                "Exception References",
                "Evaluator",
                "Evaluated At"
              ]
            ]
          }
        },
        "DSN": {
          "artifact_status": "ready",
          "base_revision": null,
          "gate": {
            "check_tables": [
              [
                {
                  "id": "CORE-G-001",
                  "result": "pass"
                },
                {
                  "id": "CORE-G-002",
                  "result": "pass"
                },
                {
                  "id": "CORE-G-003",
                  "result": "pass"
                },
                {
                  "id": "CORE-G-004",
                  "result": "pass"
                },
                {
                  "id": "CORE-G-005",
                  "result": "pass"
                },
                {
                  "id": "CORE-G-006",
                  "result": "pass"
                },
                {
                  "id": "CORE-G-007",
                  "result": "pass"
                },
                {
                  "id": "CORE-G-008",
                  "result": "pass"
                },
                {
                  "id": "CORE-G-009",
                  "result": "pass"
                },
                {
                  "id": "DSN-DG-210-001",
                  "result": "pass"
                },
                {
                  "id": "DSN-DG-210-002",
                  "result": "pass"
                },
                {
                  "id": "DSN-DG-210-003",
                  "result": "pass"
                },
                {
                  "id": "DSN-DG-220-001",
                  "result": "pass"
                },
                {
                  "id": "DSN-DG-220-002",
                  "result": "pass"
                },
                {
                  "id": "DSN-DG-220-003",
                  "result": "pass"
                },
                {
                  "id": "DSN-DG-510-001",
                  "result": "pass"
                },
                {
                  "id": "DSN-DG-510-002",
                  "result": "pass"
                },
                {
                  "id": "DSN-DG-510-003",
                  "result": "pass"
                },
                {
                  "id": "DSN-DG-510-004",
                  "result": "pass"
                },
                {
                  "id": "DSN-DG-510-005",
                  "result": "pass"
                },
                {
                  "id": "DSN-G-001",
                  "result": "pass"
                },
                {
                  "id": "DSN-G-002",
                  "result": "pass"
                },
                {
                  "id": "DSN-G-003",
                  "result": "pass"
                },
                {
                  "id": "DSN-G-004",
                  "result": "pass"
                },
                {
                  "id": "DSN-G-005",
                  "result": "pass"
                },
                {
                  "id": "DSN-G-006",
                  "result": "pass"
                },
                {
                  "id": "DSN-G-007",
                  "result": "pass"
                },
                {
                  "id": "DSN-G-008",
                  "result": "pass"
                },
                {
                  "id": "DSN-G-009",
                  "result": "pass"
                },
                {
                  "id": "DSN-G-010",
                  "result": "pass"
                }
              ]
            ],
            "summary_headers": [
              "Evaluated Revision",
              "Control Input Digest",
              "Evaluation Contract Set",
              "Check Set Result Digest",
              "Gate Result",
              "Exception References",
              "Evaluator",
              "Evaluated At"
            ],
            "summary_result": "pass"
          },
          "id_pattern": "DSN-14digits-NN",
          "materialized": true,
          "primary_sha256": "sha256:7470edac79c36380107ef8b57bfd9ac16fb4e3ccb36054c45ef691da92692f33",
          "reference": "DSN-20260904010000-01@1",
          "revision": 1,
          "revision_state": "frozen",
          "shape": {
            "front_matter_keys": [
              "contract",
              "phase",
              "id",
              "revision",
              "status",
              "context",
              "profile",
              "inputs"
            ],
            "headings": [
              {
                "level": 1,
                "text": "<artifact-title>"
              },
              {
                "level": 2,
                "text": "摘要 Summary"
              },
              {
                "level": 2,
                "text": "范围 Scope"
              },
              {
                "level": 2,
                "text": "设计基线与变更 Design Baseline and Change"
              },
              {
                "level": 2,
                "text": "需求追踪 Requirement Traceability"
              },
              {
                "level": 2,
                "text": "设计决策 Design Decisions"
              },
              {
                "level": 2,
                "text": "设计总纲 Design Index"
              },
              {
                "level": 3,
                "text": "复合 Domain 子领域适用性 Composite Domain Subdomain Applicability"
              },
              {
                "level": 2,
                "text": "产物集清单 Artifact Set Manifest"
              },
              {
                "level": 2,
                "text": "待确认项 Open Items"
              },
              {
                "level": 2,
                "text": "证据 Evidence"
              },
              {
                "level": 2,
                "text": "豁免 Exceptions"
              },
              {
                "level": 2,
                "text": "生命周期适用性 Lifecycle Applicability"
              },
              {
                "level": 2,
                "text": "门禁 Gate"
              }
            ],
            "manifest_keys": [
              "local_members"
            ],
            "manifest_members": [
              {
                "canonical_name": "domains/210-system-architecture.md",
                "media_type": "text/markdown",
                "member_id": "DOM-210"
              },
              {
                "canonical_name": "domains/220-components-modules.md",
                "media_type": "text/markdown",
                "member_id": "DOM-220"
              },
              {
                "canonical_name": "domains/510-verifiability-vfy-strategy.md",
                "media_type": "text/markdown",
                "member_id": "DOM-510"
              },
              {
                "canonical_name": "baseline/README.md",
                "media_type": "text/markdown",
                "member_id": "SUP-001"
              }
            ],
            "members": [
              {
                "canonical_name": "domains/210-system-architecture.md",
                "media_type": "text/markdown",
                "member_id": "DOM-210"
              },
              {
                "canonical_name": "domains/220-components-modules.md",
                "media_type": "text/markdown",
                "member_id": "DOM-220"
              },
              {
                "canonical_name": "domains/510-verifiability-vfy-strategy.md",
                "media_type": "text/markdown",
                "member_id": "DOM-510"
              },
              {
                "canonical_name": "baseline/README.md",
                "media_type": "text/markdown",
                "member_id": "SUP-001"
              }
            ],
            "tables": [
              [
                "Scope Item",
                "Value"
              ],
              [
                "Change Type",
                "Current Baseline References",
                "Target State Summary",
                "Impact Summary"
              ],
              [
                "Change ID",
                "Object or Boundary",
                "Change",
                "Baseline References",
                "Baseline State",
                "Target State",
                "Affected Domains"
              ],
              [
                "Source References",
                "Design Item or Member References",
                "Decision References",
                "VFY Point or Objective References",
                "N/A Reason"
              ],
              [
                "ID",
                "Requirement or Constraint References",
                "决策问题 Decision Question",
                "候选方案 Options",
                "选择结果 Decision",
                "选择依据 Rationale",
                "影响 Domain Affected Domains"
              ],
              [
                "分组 Group",
                "设计领域 Design Domain",
                "处置 Disposition",
                "完成状态 Completion",
                "责任角色 Responsible Role",
                "内容引用 Content Reference",
                "适用性依据引用 Applicability Basis References",
                "不适用或豁免说明 N/A or Waiver Reason"
              ],
              [
                "复合 Domain 分类码 Composite Domain Catalog Code",
                "子领域 Subdomain",
                "Disposition",
                "Applicability Basis References",
                "不适用、豁免或待确认说明 N/A, Waiver or Pending Reason",
                "Exception References"
              ],
              [
                "Member ID",
                "Type",
                "Domain",
                "Domain Spec Reference or Digest",
                "Path or Reference",
                "Media Type",
                "Purpose",
                "SHA-256 Digest",
                "Empty Reason"
              ],
              [
                "ID",
                "所需输入或待确认决策 Needed Input or Decision",
                "预期来源 Expected Source",
                "被阻塞项 Blocked References",
                "状态 State",
                "解决结果或证据 Resolution or Evidence"
              ],
              [
                "ID",
                "Type",
                "Supports References",
                "Source or Producer",
                "Reference",
                "Integrity or Digest",
                "Produced At",
                "Sensitivity or Access",
                "Empty Reason"
              ],
              [
                "ID",
                "State",
                "Origin Exception Reference",
                "作用域或被跳过义务 Scope or Skipped Obligation",
                "原因 Reason",
                "已知风险 Known Risk",
                "补偿措施 Compensating Control",
                "批准记录 Approver, Role and Time",
                "复查条件 Revisit Condition",
                "下游限制 Downstream Obligation",
                "解决或替代引用 Resolution or Superseding References"
              ],
              [
                "Phase",
                "Disposition",
                "Host",
                "判断依据 Basis"
              ],
              [
                "Check ID",
                "检查项 Check",
                "结果 Result",
                "证据或说明 Evidence or Notes"
              ],
              [
                "Revision",
                "Control Input Digest",
                "Evaluation Contract Set",
                "Check Set Result Digest",
                "Result",
                "Mode",
                "Confirmer",
                "Role",
                "Authority Reference",
                "Accepted Exception References",
                "Confirmed At"
              ],
              [
                "Evaluated Revision",
                "Control Input Digest",
                "Evaluation Contract Set",
                "Check Set Result Digest",
                "Gate Result",
                "Exception References",
                "Evaluator",
                "Evaluated At"
              ]
            ]
          }
        },
        "IMP": {
          "artifact_status": "ready",
          "base_revision": null,
          "gate": {
            "check_tables": [
              [
                {
                  "id": "CORE-G-001",
                  "result": "pass"
                },
                {
                  "id": "CORE-G-002",
                  "result": "pass"
                },
                {
                  "id": "CORE-G-003",
                  "result": "pass"
                },
                {
                  "id": "CORE-G-004",
                  "result": "pass"
                },
                {
                  "id": "CORE-G-005",
                  "result": "pass"
                },
                {
                  "id": "CORE-G-006",
                  "result": "pass"
                },
                {
                  "id": "CORE-G-007",
                  "result": "pass"
                },
                {
                  "id": "CORE-G-008",
                  "result": "pass"
                },
                {
                  "id": "CORE-G-009",
                  "result": "pass"
                },
                {
                  "id": "IMP-G-001",
                  "result": "pass"
                },
                {
                  "id": "IMP-G-002",
                  "result": "pass"
                },
                {
                  "id": "IMP-G-003",
                  "result": "pass"
                },
                {
                  "id": "IMP-G-004",
                  "result": "pass"
                },
                {
                  "id": "IMP-G-005",
                  "result": "pass"
                },
                {
                  "id": "IMP-G-006",
                  "result": "pass"
                }
              ]
            ],
            "summary_headers": [
              "Evaluated Revision",
              "Control Input Digest",
              "Evaluation Contract Set",
              "Check Set Result Digest",
              "Gate Result",
              "Exception References",
              "Evaluator",
              "Evaluated At"
            ],
            "summary_result": "pass"
          },
          "id_pattern": "IMP-14digits-NN",
          "materialized": true,
          "primary_sha256": "sha256:4baf037ec7914dbd843c3c326938db0021e3661fc284f038621d1875f11caf21",
          "reference": "IMP-20260904010000-01@1",
          "revision": 1,
          "revision_state": "frozen",
          "shape": {
            "front_matter_keys": [
              "contract",
              "phase",
              "id",
              "revision",
              "status",
              "context",
              "profile",
              "inputs"
            ],
            "headings": [
              {
                "level": 1,
                "text": "<artifact-title>"
              },
              {
                "level": 2,
                "text": "摘要 Summary"
              },
              {
                "level": 2,
                "text": "范围 Scope"
              },
              {
                "level": 2,
                "text": "实施控制 Implementation Control"
              },
              {
                "level": 3,
                "text": "实施绑定 Implementation Binding"
              },
              {
                "level": 3,
                "text": "输入就绪检查 Input Readiness Check Set"
              },
              {
                "level": 2,
                "text": "实施方法合约 Implementation Method Contract"
              },
              {
                "level": 3,
                "text": "实施考量矩阵 Implementation Consideration Matrix"
              },
              {
                "level": 3,
                "text": "实施步骤 Implementation Approach"
              },
              {
                "level": 4,
                "text": "STEP-001 Publish the exact README integration marker"
              },
              {
                "level": 5,
                "text": "EFF-001 Effects & Consistency"
              },
              {
                "level": 2,
                "text": "实施结果 Implementation Result"
              },
              {
                "level": 2,
                "text": "实施检查 Implementation Checks"
              },
              {
                "level": 2,
                "text": "待确认项 Open Items"
              },
              {
                "level": 2,
                "text": "证据 Evidence"
              },
              {
                "level": 2,
                "text": "Supporting Artifact Manifest"
              },
              {
                "level": 2,
                "text": "豁免 Exceptions"
              },
              {
                "level": 2,
                "text": "生命周期适用性 Lifecycle Applicability"
              },
              {
                "level": 2,
                "text": "门禁 Gate"
              },
              {
                "level": 3,
                "text": "Final Confirmation"
              },
              {
                "level": 3,
                "text": "Artifact Gate Summary"
              }
            ],
            "manifest_keys": [
              "contract",
              "local_members"
            ],
            "manifest_members": [
              {
                "canonical_name": "snapshots/base-res-001.json",
                "media_type": "application/json",
                "member_id": "BASE-RES-001"
              },
              {
                "canonical_name": "evidence/change-res-001.json",
                "media_type": "application/json",
                "member_id": "CHANGE-RES-001"
              },
              {
                "canonical_name": "evidence/evd-chk-001.json",
                "media_type": "application/json",
                "member_id": "EVD-CHK-001"
              },
              {
                "canonical_name": "evidence/evd-pre.json",
                "media_type": "application/json",
                "member_id": "EVD-PRE"
              },
              {
                "canonical_name": "evidence/imp-state.json",
                "media_type": "application/json",
                "member_id": "IMP-STATE"
              },
              {
                "canonical_name": "snapshots/result-res-001.json",
                "media_type": "application/json",
                "member_id": "RESULT-RES-001"
              }
            ],
            "members": [
              {
                "canonical_name": "snapshots/base-res-001.json",
                "media_type": "application/json",
                "member_id": "BASE-RES-001"
              },
              {
                "canonical_name": "evidence/change-res-001.json",
                "media_type": "application/json",
                "member_id": "CHANGE-RES-001"
              },
              {
                "canonical_name": "evidence/evd-chk-001.json",
                "media_type": "application/json",
                "member_id": "EVD-CHK-001"
              },
              {
                "canonical_name": "evidence/evd-pre.json",
                "media_type": "application/json",
                "member_id": "EVD-PRE"
              },
              {
                "canonical_name": "evidence/imp-state.json",
                "media_type": "application/json",
                "member_id": "IMP-STATE"
              },
              {
                "canonical_name": "snapshots/result-res-001.json",
                "media_type": "application/json",
                "member_id": "RESULT-RES-001"
              }
            ],
            "tables": [
              [
                "Relationship",
                "Reference"
              ],
              [
                "IMP Binding Reference",
                "Binding Lineage Key",
                "Attempt",
                "Owner",
                "Rework References"
              ],
              [
                "Check ID",
                "检查项 Check",
                "Result",
                "Evidence or Notes"
              ],
              [
                "实施考量项 Implementation Consideration",
                "Disposition",
                "触发依据或 N/A 原因",
                "Approach Step 引用",
                "Exception 引用"
              ],
              [
                "ID",
                "Resource",
                "Baseline Reference",
                "Change Reference",
                "Result Reference",
                "Changed Scope",
                "Approach Step References"
              ],
              [
                "ID",
                "检查或方法 Check or Method",
                "范围 Scope",
                "结果 Result",
                "依据 Basis"
              ],
              [
                "ID",
                "所需输入或待确认决策 Needed Input or Decision",
                "预期来源 Expected Source",
                "被阻塞项 Blocked References",
                "状态 State",
                "解决结果或证据 Resolution or Evidence"
              ],
              [
                "ID",
                "Type",
                "Supports References",
                "Source or Producer",
                "Reference",
                "Integrity or Digest",
                "Produced At",
                "Sensitivity or Access",
                "Empty Reason"
              ],
              [
                "Member ID",
                "Canonical Name",
                "Media Type",
                "Purpose",
                "SHA-256 Digest"
              ],
              [
                "ID",
                "State",
                "Origin Exception Reference",
                "作用域或被跳过义务 Scope or Skipped Obligation",
                "原因 Reason",
                "已知风险 Known Risk",
                "补偿措施 Compensating Control",
                "批准记录 Approver, Role and Time",
                "复查条件 Revisit Condition",
                "下游限制 Downstream Obligation",
                "解决或替代引用 Resolution or Superseding References"
              ],
              [
                "Phase",
                "Disposition",
                "Host",
                "判断依据 Basis"
              ],
              [
                "Check ID",
                "检查项 Check",
                "结果 Result",
                "证据或说明 Evidence or Notes"
              ],
              [
                "Revision",
                "Control Input Digest",
                "Evaluation Contract Set",
                "Check Set Result Digest",
                "Result",
                "Mode",
                "Confirmer",
                "Role",
                "Authority Reference",
                "Accepted Exception References",
                "Confirmed At"
              ],
              [
                "Evaluated Revision",
                "Control Input Digest",
                "Evaluation Contract Set",
                "Check Set Result Digest",
                "Gate Result",
                "Exception References",
                "Evaluator",
                "Evaluated At"
              ]
            ]
          }
        },
        "PLN": {
          "artifact_status": "ready",
          "base_revision": null,
          "gate": {
            "check_tables": [
              [
                {
                  "id": "CORE-G-001",
                  "result": "pass"
                },
                {
                  "id": "CORE-G-002",
                  "result": "pass"
                },
                {
                  "id": "CORE-G-003",
                  "result": "pass"
                },
                {
                  "id": "CORE-G-004",
                  "result": "pass"
                },
                {
                  "id": "CORE-G-005",
                  "result": "pass"
                },
                {
                  "id": "CORE-G-006",
                  "result": "pass"
                },
                {
                  "id": "CORE-G-007",
                  "result": "pass"
                },
                {
                  "id": "CORE-G-008",
                  "result": "pass"
                },
                {
                  "id": "CORE-G-009",
                  "result": "pass"
                },
                {
                  "id": "PLN-G-001",
                  "result": "pass"
                },
                {
                  "id": "PLN-G-002",
                  "result": "pass"
                },
                {
                  "id": "PLN-G-003",
                  "result": "pass"
                },
                {
                  "id": "PLN-G-004",
                  "result": "pass"
                },
                {
                  "id": "PLN-G-005",
                  "result": "pass"
                },
                {
                  "id": "PLN-G-006",
                  "result": "pass"
                },
                {
                  "id": "PLN-G-007",
                  "result": "pass"
                }
              ]
            ],
            "summary_headers": [
              "Evaluated Revision",
              "Control Input Digest",
              "Evaluation Contract Set",
              "Check Set Result Digest",
              "Gate Result",
              "Exception References",
              "Evaluator",
              "Evaluated At"
            ],
            "summary_result": "pass"
          },
          "id_pattern": "PLN-14digits-NN",
          "materialized": true,
          "primary_sha256": "sha256:65648f65d65e943d813df1f6534d65098c39b05bd0754bea96b7efbfed66b4eb",
          "reference": "PLN-20260904010000-01@1",
          "revision": 1,
          "revision_state": "frozen",
          "shape": {
            "front_matter_keys": [
              "contract",
              "phase",
              "id",
              "revision",
              "status",
              "context",
              "profile",
              "inputs"
            ],
            "headings": [
              {
                "level": 1,
                "text": "<artifact-title>"
              },
              {
                "level": 2,
                "text": "摘要 Summary"
              },
              {
                "level": 2,
                "text": "范围 Scope"
              },
              {
                "level": 2,
                "text": "交付范围 Delivery Scope"
              },
              {
                "level": 2,
                "text": "聚合适用性 Aggregated Applicability"
              },
              {
                "level": 2,
                "text": "义务覆盖 Obligations"
              },
              {
                "level": 2,
                "text": "工作项 Work Items"
              },
              {
                "level": 2,
                "text": "待确认项 Open Items"
              },
              {
                "level": 2,
                "text": "证据 Evidence"
              },
              {
                "level": 2,
                "text": "Supporting Artifact Manifest"
              },
              {
                "level": 2,
                "text": "豁免 Exceptions"
              },
              {
                "level": 2,
                "text": "生命周期适用性 Lifecycle Applicability"
              },
              {
                "level": 2,
                "text": "门禁 Gate"
              },
              {
                "level": 3,
                "text": "Final Confirmation"
              },
              {
                "level": 3,
                "text": "Artifact Gate Summary"
              }
            ],
            "manifest_keys": [
              "contract",
              "local_members"
            ],
            "manifest_members": [],
            "members": [],
            "tables": [
              [
                "Field",
                "Value"
              ],
              [
                "Scope Token",
                "Source References",
                "Outcome"
              ],
              [
                "Phase",
                "Disposition",
                "Host",
                "判断依据 Basis"
              ],
              [
                "Obligation Reference",
                "Covered By Work Items"
              ],
              [
                "ID",
                "目标 Phase Target Phase",
                "结果 Outcome",
                "执行范围 Execution Scope",
                "来源引用 Source References",
                "约束引用 Constraint References",
                "依赖 Depends On",
                "完成条件 Completion Criteria",
                "预期证据 Expected Evidence",
                "责任角色 Responsible Role"
              ],
              [
                "ID",
                "所需输入或待确认决策 Needed Input or Decision",
                "预期来源 Expected Source",
                "被阻塞项 Blocked References",
                "状态 State",
                "解决结果或证据 Resolution or Evidence"
              ],
              [
                "ID",
                "Type",
                "Supports References",
                "Source or Producer",
                "Reference",
                "Integrity or Digest",
                "Produced At",
                "Sensitivity or Access",
                "Empty Reason"
              ],
              [
                "Member ID",
                "Canonical Name",
                "Media Type",
                "Purpose",
                "SHA-256 Digest"
              ],
              [
                "ID",
                "State",
                "Origin Exception Reference",
                "作用域或被跳过义务 Scope or Skipped Obligation",
                "原因 Reason",
                "已知风险 Known Risk",
                "补偿措施 Compensating Control",
                "批准记录 Approver, Role and Time",
                "复查条件 Revisit Condition",
                "下游限制 Downstream Obligation",
                "解决或替代引用 Resolution or Superseding References"
              ],
              [
                "Phase",
                "Disposition",
                "Host",
                "判断依据 Basis"
              ],
              [
                "Check ID",
                "检查项 Check",
                "结果 Result",
                "证据或说明 Evidence or Notes"
              ],
              [
                "Revision",
                "Control Input Digest",
                "Evaluation Contract Set",
                "Check Set Result Digest",
                "Result",
                "Mode",
                "Confirmer",
                "Role",
                "Authority Reference",
                "Accepted Exception References",
                "Confirmed At"
              ],
              [
                "Evaluated Revision",
                "Control Input Digest",
                "Evaluation Contract Set",
                "Check Set Result Digest",
                "Gate Result",
                "Exception References",
                "Evaluator",
                "Evaluated At"
              ]
            ]
          }
        },
        "REQ": {
          "artifact_status": "ready",
          "base_revision": null,
          "gate": {
            "check_tables": [
              [
                {
                  "id": "CORE-G-001",
                  "result": "pass"
                },
                {
                  "id": "CORE-G-002",
                  "result": "pass"
                },
                {
                  "id": "CORE-G-003",
                  "result": "pass"
                },
                {
                  "id": "CORE-G-004",
                  "result": "pass"
                },
                {
                  "id": "CORE-G-005",
                  "result": "pass"
                },
                {
                  "id": "CORE-G-006",
                  "result": "pass"
                },
                {
                  "id": "CORE-G-007",
                  "result": "pass"
                },
                {
                  "id": "CORE-G-008",
                  "result": "pass"
                },
                {
                  "id": "CORE-G-009",
                  "result": "pass"
                }
              ],
              [
                {
                  "id": "REQ-G-001",
                  "result": "pass"
                },
                {
                  "id": "REQ-G-002",
                  "result": "pass"
                },
                {
                  "id": "REQ-G-003",
                  "result": "pass"
                },
                {
                  "id": "REQ-G-004",
                  "result": "pass"
                },
                {
                  "id": "REQ-G-005",
                  "result": "pass"
                },
                {
                  "id": "REQ-G-006",
                  "result": "pass"
                },
                {
                  "id": "REQ-G-007",
                  "result": "pass"
                },
                {
                  "id": "REQ-G-008",
                  "result": "pass"
                }
              ]
            ],
            "summary_headers": [
              "Evaluated Revision",
              "Control Input Digest",
              "Evaluation Contract Set",
              "Check Set Result Digest",
              "Gate Result",
              "Exception References",
              "Evaluator",
              "Evaluated At"
            ],
            "summary_result": "pass"
          },
          "id_pattern": "REQ-14digits-NN",
          "materialized": true,
          "primary_sha256": "sha256:d652d03d07978e51a459e05d68bf8695e4880dbd1b7e646ea86b08b52f7e9883",
          "reference": "REQ-20260904010000-01@1",
          "revision": 1,
          "revision_state": "frozen",
          "shape": {
            "front_matter_keys": [
              "contract",
              "phase",
              "id",
              "revision",
              "status",
              "context",
              "profile",
              "inputs"
            ],
            "headings": [
              {
                "level": 1,
                "text": "<artifact-title>"
              },
              {
                "level": 2,
                "text": "摘要 Summary"
              },
              {
                "level": 2,
                "text": "原始输入 Source Input"
              },
              {
                "level": 2,
                "text": "目标与成功条件 Goal and Success"
              },
              {
                "level": 2,
                "text": "范围 Scope"
              },
              {
                "level": 3,
                "text": "包含 In Scope"
              },
              {
                "level": 3,
                "text": "不包含 Out of Scope"
              },
              {
                "level": 2,
                "text": "影响对象 Affected Parties"
              },
              {
                "level": 2,
                "text": "需求项 Requirements"
              },
              {
                "level": 2,
                "text": "验收条件 Acceptance Criteria"
              },
              {
                "level": 2,
                "text": "依赖 Dependencies"
              },
              {
                "level": 2,
                "text": "生命周期配置 Lifecycle Profile"
              },
              {
                "level": 2,
                "text": "待确认项 Open Items"
              },
              {
                "level": 2,
                "text": "证据 Evidence"
              },
              {
                "level": 2,
                "text": "支撑产物清单 Supporting Artifact Manifest"
              },
              {
                "level": 2,
                "text": "豁免 Exceptions"
              },
              {
                "level": 2,
                "text": "生命周期适用性 Lifecycle Applicability"
              },
              {
                "level": 2,
                "text": "门禁 Gate"
              },
              {
                "level": 3,
                "text": "Core Checks"
              },
              {
                "level": 3,
                "text": "REQ Checks"
              },
              {
                "level": 3,
                "text": "Final Confirmation"
              },
              {
                "level": 3,
                "text": "Artifact Gate Summary"
              }
            ],
            "manifest_keys": [
              "local_members"
            ],
            "manifest_members": [],
            "members": [],
            "tables": [
              [
                "ID",
                "Type",
                "Content or Immutable Reference",
                "Evidence Reference"
              ],
              [
                "ID",
                "当前问题 Current Problem",
                "目标结果与预期用途 Goal, Intended Outcome and Use",
                "成功条件 Success Condition"
              ],
              [
                "ID",
                "对象 Affected Party",
                "Stakeholder Need or Impact"
              ],
              [
                "ID",
                "类型 Type",
                "来源或父项引用 Source or Parent References",
                "需求描述 Requirement Statement"
              ],
              [
                "ID",
                "关联需求 Requirement References",
                "条件 Condition",
                "预期结果 Expected Result"
              ],
              [
                "ID",
                "依赖项 Dependency",
                "要求状态 Required State",
                "当前状态 Current State",
                "状态检查引用 State Check Reference"
              ],
              [
                "Selected Profile",
                "Basis"
              ],
              [
                "ID",
                "所需输入或待确认决策 Needed Input or Decision",
                "预期来源 Expected Source",
                "被阻塞项 Blocked References",
                "状态 State",
                "解决结果或证据 Resolution or Evidence"
              ],
              [
                "ID",
                "Type",
                "Supports References",
                "Source or Producer",
                "Reference",
                "Integrity or Digest",
                "Produced At",
                "Sensitivity or Access",
                "Empty Reason"
              ],
              [
                "Member ID",
                "Type",
                "Path or Reference",
                "Media Type",
                "Purpose",
                "SHA-256 Digest",
                "Empty Reason"
              ],
              [
                "ID",
                "State",
                "Origin Exception Reference",
                "作用域或被跳过义务 Scope or Skipped Obligation",
                "原因 Reason",
                "已知风险 Known Risk",
                "补偿措施 Compensating Control",
                "批准记录 Approver, Role and Time",
                "复查条件 Revisit Condition",
                "下游限制 Downstream Obligation",
                "解决或替代引用 Resolution or Superseding References"
              ],
              [
                "Phase",
                "Disposition",
                "Host",
                "判断依据 Basis"
              ],
              [
                "Check ID",
                "检查项 Check",
                "结果 Result",
                "证据或说明 Evidence or Notes"
              ],
              [
                "Check ID",
                "检查项 Check",
                "结果 Result",
                "证据或说明 Evidence or Notes"
              ],
              [
                "Revision",
                "Control Input Digest",
                "Evaluation Contract Set",
                "Check Set Result Digest",
                "Result",
                "Mode",
                "Confirmer",
                "Role",
                "Authority Reference",
                "Accepted Exception References",
                "Confirmed At"
              ],
              [
                "Evaluated Revision",
                "Control Input Digest",
                "Evaluation Contract Set",
                "Check Set Result Digest",
                "Gate Result",
                "Exception References",
                "Evaluator",
                "Evaluated At"
              ]
            ]
          }
        },
        "VFY": {
          "artifact_status": "ready",
          "base_revision": null,
          "gate": {
            "check_tables": [
              [
                {
                  "id": "CORE-G-001",
                  "result": "pass"
                },
                {
                  "id": "CORE-G-002",
                  "result": "pass"
                },
                {
                  "id": "CORE-G-003",
                  "result": "pass"
                },
                {
                  "id": "CORE-G-004",
                  "result": "pass"
                },
                {
                  "id": "CORE-G-005",
                  "result": "pass"
                },
                {
                  "id": "CORE-G-006",
                  "result": "pass"
                },
                {
                  "id": "CORE-G-007",
                  "result": "pass"
                },
                {
                  "id": "CORE-G-008",
                  "result": "pass"
                },
                {
                  "id": "CORE-G-009",
                  "result": "pass"
                },
                {
                  "id": "VFY-G-001",
                  "result": "pass"
                },
                {
                  "id": "VFY-G-002",
                  "result": "pass"
                },
                {
                  "id": "VFY-G-003",
                  "result": "pass"
                },
                {
                  "id": "VFY-G-004",
                  "result": "pass"
                },
                {
                  "id": "VFY-G-005",
                  "result": "pass"
                },
                {
                  "id": "VFY-G-006",
                  "result": "pass"
                },
                {
                  "id": "VFY-G-007",
                  "result": "pass"
                },
                {
                  "id": "VFY-G-008",
                  "result": "pass"
                }
              ]
            ],
            "summary_headers": [
              "Evaluated Revision",
              "Control Input Digest",
              "Evaluation Contract Set",
              "Check Set Result Digest",
              "Gate Result",
              "Exception References",
              "Evaluator",
              "Evaluated At"
            ],
            "summary_result": "pass"
          },
          "id_pattern": "VFY-14digits-NN",
          "materialized": true,
          "primary_sha256": "sha256:c531cae4edac6aa2fa435abf5e685b6b1fcd22b5283b11d4b514c751e5547344",
          "reference": "VFY-20260905015318-01@1",
          "revision": 1,
          "revision_state": "frozen",
          "shape": {
            "front_matter_keys": [
              "contract",
              "phase",
              "id",
              "revision",
              "status",
              "context",
              "profile",
              "inputs"
            ],
            "headings": [
              {
                "level": 1,
                "text": "<artifact-title>"
              },
              {
                "level": 2,
                "text": "摘要 Summary"
              },
              {
                "level": 2,
                "text": "范围 Scope"
              },
              {
                "level": 2,
                "text": "输入与结果集 Input and Result Set"
              },
              {
                "level": 2,
                "text": "追踪与覆盖 Traceability and Coverage"
              },
              {
                "level": 2,
                "text": "VFY 方法 VFY Methods"
              },
              {
                "level": 3,
                "text": "VFM-001 Inspect exact completed Result path"
              },
              {
                "level": 3,
                "text": "VFM-002 Analyze exact completed Result digest"
              },
              {
                "level": 2,
                "text": "方法结果 Method Results"
              },
              {
                "level": 2,
                "text": "VFY 结论 VFY Conclusions"
              },
              {
                "level": 2,
                "text": "失败与返回 Failures and Returns"
              },
              {
                "level": 2,
                "text": "待确认项 Open Items"
              },
              {
                "level": 2,
                "text": "证据 Evidence"
              },
              {
                "level": 2,
                "text": "Supporting Artifact Manifest"
              },
              {
                "level": 2,
                "text": "豁免 Exceptions"
              },
              {
                "level": 2,
                "text": "生命周期适用性 Lifecycle Applicability"
              },
              {
                "level": 2,
                "text": "门禁 Gate"
              },
              {
                "level": 3,
                "text": "Final Confirmation"
              },
              {
                "level": 3,
                "text": "Artifact Gate Summary"
              }
            ],
            "manifest_keys": [
              "contract",
              "local_members"
            ],
            "manifest_members": [
              {
                "canonical_name": "vfy-evidence-001.json",
                "media_type": "application/json",
                "member_id": "VFY-EVIDENCE-001"
              },
              {
                "canonical_name": "vfy-evidence-002.json",
                "media_type": "application/json",
                "member_id": "VFY-EVIDENCE-002"
              },
              {
                "canonical_name": "vfy-state.json",
                "media_type": "application/json",
                "member_id": "VFY-STATE"
              }
            ],
            "members": [
              {
                "canonical_name": "vfy-evidence-001.json",
                "media_type": "application/json",
                "member_id": "VFY-EVIDENCE-001"
              },
              {
                "canonical_name": "vfy-evidence-002.json",
                "media_type": "application/json",
                "member_id": "VFY-EVIDENCE-002"
              },
              {
                "canonical_name": "vfy-state.json",
                "media_type": "application/json",
                "member_id": "VFY-STATE"
              }
            ],
            "tables": [
              [
                "ID",
                "角色 Role",
                "引用 Reference",
                "纳入范围 Included Scope",
                "选择依据 Selection Basis"
              ],
              [
                "目标引用 Target Reference",
                "目标摘要 Target Summary",
                "Purpose",
                "Conclusion",
                "依据引用 Basis References",
                "Exception Reference"
              ],
              [
                "ID",
                "Purpose",
                "Target References",
                "Subject References",
                "义务引用 Obligation References",
                "Method Type",
                "Disposition",
                "依据或原因 Basis Reference or Reason"
              ],
              [
                "Method ID",
                "Result",
                "实际结果 Actual Result",
                "依据引用 Basis References",
                "Return References"
              ],
              [
                "ID",
                "Dimension",
                "Conclusion",
                "Target References",
                "Basis References",
                "Exception References"
              ],
              [
                "ID",
                "Return Phase",
                "IMP Binding Reference",
                "Target References",
                "Method References",
                "Subject References",
                "已观察缺口 Observed Gap",
                "必须达到的结果 Required Outcome",
                "Evidence References"
              ],
              [
                "ID",
                "所需输入或待确认决策 Needed Input or Decision",
                "预期来源 Expected Source",
                "被阻塞项 Blocked References",
                "状态 State",
                "解决结果或证据 Resolution or Evidence"
              ],
              [
                "ID",
                "Type",
                "Supports References",
                "Source or Producer",
                "Reference",
                "Integrity or Digest",
                "Produced At",
                "Sensitivity or Access",
                "Empty Reason"
              ],
              [
                "Member ID",
                "Canonical Name",
                "Media Type",
                "Purpose",
                "SHA-256 Digest"
              ],
              [
                "ID",
                "State",
                "Origin Exception Reference",
                "作用域或被跳过义务 Scope or Skipped Obligation",
                "原因 Reason",
                "已知风险 Known Risk",
                "补偿措施 Compensating Control",
                "批准记录 Approver, Role and Time",
                "复查条件 Revisit Condition",
                "下游限制 Downstream Obligation",
                "解决或替代引用 Resolution or Superseding References"
              ],
              [
                "Phase",
                "Disposition",
                "Host",
                "判断依据 Basis"
              ],
              [
                "Check ID",
                "检查项 Check",
                "结果 Result",
                "证据或说明 Evidence or Notes"
              ],
              [
                "Revision",
                "Control Input Digest",
                "Evaluation Contract Set",
                "Check Set Result Digest",
                "Result",
                "Mode",
                "Confirmer",
                "Role",
                "Authority Reference",
                "Accepted Exception References",
                "Confirmed At"
              ],
              [
                "Evaluated Revision",
                "Control Input Digest",
                "Evaluation Contract Set",
                "Check Set Result Digest",
                "Gate Result",
                "Exception References",
                "Evaluator",
                "Evaluated At"
              ]
            ]
          }
        }
      },
      "product_result": "pass",
      "references": {
        "CTX": "CTX-20260904010000-01@1",
        "DSN": "DSN-20260904010000-01@1",
        "IMP": "IMP-20260904010000-01@1",
        "PLN": "PLN-20260904010000-01@1",
        "REQ": "REQ-20260904010000-01@1",
        "VFY": "VFY-20260905015318-01@1"
      },
      "remote_writes": 0,
      "repository": "flipped-aurora/gin-vue-admin",
      "repository_after": {
        "file_count": 775,
        "file_mode_sha256": "sha256:a2e8bb7cc7043f41e655af607c92ddd7cb91d221d8f9c81d54f9e33d9254da44",
        "head": "a6882210a80bb27e3aa5dff0b4c21aa4afe8988a",
        "refs_sha256": "sha256:e4823cc5b8cb3dec2309e77ec6b7817230962cb87e29b26df666f6e0ea5e7eab",
        "sdlc_exists": false,
        "status_hex": "",
        "status_sha256": "sha256:e3b0c44298fc1c149afbf4c8996fb92427ae41e4649b934ca495991b7852b855",
        "tracked_untracked_sha256": "sha256:3fcb00081910a464a31acf82e6ae0533246e9e2f849bbe12e3b5cdbede47965b"
      },
      "repository_before": {
        "file_count": 775,
        "file_mode_sha256": "sha256:a2e8bb7cc7043f41e655af607c92ddd7cb91d221d8f9c81d54f9e33d9254da44",
        "head": "a6882210a80bb27e3aa5dff0b4c21aa4afe8988a",
        "refs_sha256": "sha256:e4823cc5b8cb3dec2309e77ec6b7817230962cb87e29b26df666f6e0ea5e7eab",
        "sdlc_exists": false,
        "status_hex": "",
        "status_sha256": "sha256:e3b0c44298fc1c149afbf4c8996fb92427ae41e4649b934ca495991b7852b855",
        "tracked_untracked_sha256": "sha256:3fcb00081910a464a31acf82e6ae0533246e9e2f849bbe12e3b5cdbede47965b"
      },
      "repository_during": {
        "file_count": 775,
        "file_mode_sha256": "sha256:a2e8bb7cc7043f41e655af607c92ddd7cb91d221d8f9c81d54f9e33d9254da44",
        "head": "a6882210a80bb27e3aa5dff0b4c21aa4afe8988a",
        "refs_sha256": "sha256:e4823cc5b8cb3dec2309e77ec6b7817230962cb87e29b26df666f6e0ea5e7eab",
        "sdlc_exists": true,
        "status_hex": "204d206169446f632f6d656d6f72792f627573696e6573732f6163746976652f524541444d452e6d6400",
        "status_sha256": "sha256:96027255feea6a892cd441c03b4c0b7d08bb44618368ae8c532e6b55c3ee44e4",
        "tracked_untracked_sha256": "sha256:e340a1ac6071c921930dc42d92410686c2019846d50dae09d952daa82aef3708"
      },
      "rls_applicability": "n/a",
      "rls_ready": false,
      "status": "PASS",
      "status_projection": {
        "artifact_gate": "pass",
        "artifact_reference": "VFY-20260905015318-01@1",
        "artifact_status": "ready",
        "early_stop": false,
        "next_action": "LIFECYCLE_COMPLETE",
        "next_phase": null,
        "product_result": "pass",
        "return_phase": null,
        "revision_state": "frozen",
        "rls_applicability": "n/a",
        "rls_ready": false,
        "unresolved_controls": [],
        "unresolved_returns": []
      },
      "upstream_candidate_digests": {
        "CTX": "sha256:46a11daed9e3b70bb09f0dead40cb39f62a068d449d38c8681eb03be9d9b66c5",
        "DSN": "sha256:c603af554a1db738f15203799c806b45ce023d6d18d2eb8092d07e06c6de9564",
        "PLN": "sha256:ba3256dde83fb8b48e05c3600a2324334d74cd379e06c1f45b2d7d33c4990e21",
        "REQ": "sha256:dd2445380132f97142ca3ed3452426f7654681a8aeeabd6faa93b347d2ea6cb3"
      },
      "vfy_subject_set": [
        {
          "attempt": "1",
          "baseline_reference": "IMP-20260904010000-01@1/BASE-RES-001",
          "binding_lineage": "PLN-20260904010000-01#WI-001",
          "claim_state": "completed",
          "cumulative_changed_scope": [
            "resource:repo",
            "path:repo/README.md"
          ],
          "current_valid": true,
          "dependency_chain_valid": true,
          "dependency_result_references": [],
          "imp_revision_reference": "IMP-20260904010000-01@1",
          "imp_revision_state": "frozen",
          "reference": "IMP-20260904010000-01@1/RESULT-RES-001",
          "resource_id": "repo",
          "result_digest": "sha256:492a0ea5a16900a2d4928363254aaec1dca94aa5700d1a91d1cf3dda326c44b6"
        }
      ]
    }
  ],
  "remote_writes": 0,
  "source_sha": "5ea3ba9aa7288021c4d99b14cff76ec0fc405841",
  "status": "PASS"
}

STDERR
source_sha = 5ea3ba9aa7288021c4d99b14cff76ec0fc405841
base_sha = 638e27221b13d74208b54f78530cf338f67879af
{"attempts": [{"attempt": 1, "delay_before_seconds": 0, "duration_ms": 21, "exit_code": 0, "finished_at": "2026-09-05T01:53:18Z", "started_at": "2026-09-05T01:53:18Z", "stderr_log": "attest-logs/independent_review-attempt-1.stderr.log", "stderr_sha256": "sha256:e3b0c44298fc1c149afbf4c8996fb92427ae41e4649b934ca495991b7852b855", "stdout_log": "attest-logs/independent_review-attempt-1.stdout.log", "stdout_sha256": "sha256:1e58b201f6ca2eab9ad29de08086a2b8a38b5ec843a3df3a0a89442934134af8", "transient_network_failure": false}], "base_sha": "638e27221b13d74208b54f78530cf338f67879af", "command": ["/opt/homebrew/opt/python@3.14/bin/python3.14", "-c", "from pathlib import Path\nimport sys\n\npath = Path(sys.argv[1])\nsource, base = sys.argv[2:4]\nif not path.is_file():\n    raise SystemExit(f\"missing independent review: {path}\")\ntext = path.read_text(encoding=\"utf-8\")\nrequired = (\n    \"VFY_DESIGN_REVIEW = PASS\",\n    f\"Implementation Subject SHA = {source}\",\n    f\"Design Head SHA = {base}\",\n    \"Blocker = 0\",\n    \"Major = 0\",\n)\nmissing = [item for item in required if item not in text]\nif missing:\n    raise SystemExit(\"independent review is incomplete: \" + \", \".join(missing))\nprint(\"INDEPENDENT_REVIEW=PASS Blocker=0 Major=0\")", "/private/tmp/vfy-web007-validation/5ea3ba9/vfy-design-review.md", "5ea3ba9aa7288021c4d99b14cff76ec0fc405841", "638e27221b13d74208b54f78530cf338f67879af"], "cwd": ".", "duration_ms": 21, "exit_code": 0, "finished_at": "2026-09-05T01:53:18Z", "name": "independent_review", "source_sha": "5ea3ba9aa7288021c4d99b14cff76ec0fc405841", "started_at": "2026-09-05T01:53:18Z", "status": "PASS", "stderr_log": "attest-logs/independent_review-attempt-1.stderr.log", "stderr_sha256": "sha256:e3b0c44298fc1c149afbf4c8996fb92427ae41e4649b934ca495991b7852b855", "stdout_log": "attest-logs/independent_review-attempt-1.stdout.log", "stdout_sha256": "sha256:1e58b201f6ca2eab9ad29de08086a2b8a38b5ec843a3df3a0a89442934134af8"}
STDOUT
INDEPENDENT_REVIEW=PASS Blocker=0 Major=0

STDERR
