RLS_DELIVERY_QUICK = FAIL
[2026-09-05T16:12:59.850475+00:00] fixture/spring-probe: create real CTX
[2026-09-05T16:12:59.879077+00:00] fixture/spring-probe: create real REQ
[2026-09-05T16:12:59.884891+00:00] fixture/spring-probe: create real DSN
[2026-09-05T16:12:59.891867+00:00] fixture/spring-probe: create real PLN and select WI-001
[2026-09-05T16:12:59.899385+00:00] fixture/spring-probe: acquire Claim, execute README edit and complete IMP
[2026-09-05T16:13:00.154883+00:00] fixture/spring-probe: read-only IMP check and lifecycle projection
[2026-09-05T16:13:00.264027+00:00] fixture/spring-probe: cleanup restored exact initial Git state
[2026-09-05T16:13:00.290821+00:00] fixture/go-vue-probe: create real CTX
[2026-09-05T16:13:00.319615+00:00] fixture/go-vue-probe: create real REQ
[2026-09-05T16:13:00.325515+00:00] fixture/go-vue-probe: create real DSN
[2026-09-05T16:13:00.332570+00:00] fixture/go-vue-probe: create real PLN and select WI-001
[2026-09-05T16:13:00.340587+00:00] fixture/go-vue-probe: acquire Claim, execute README edit and complete IMP
[2026-09-05T16:13:00.593812+00:00] fixture/go-vue-probe: read-only IMP check and lifecycle projection
[2026-09-05T16:13:00.698163+00:00] fixture/go-vue-probe: cleanup restored exact initial Git state
[2026-09-05T16:13:01Z] CTX: execute external_imp._create_context
[2026-09-05T16:13:01Z] REQ: execute external_imp._create_requirement
[2026-09-05T16:13:01Z] DSN: execute external_imp._create_design
[2026-09-05T16:13:01Z] PLN: execute external_imp._create_plan
[2026-09-05T16:13:01Z] IMP: execute external_imp._complete_imp
[2026-09-05T16:13:01Z] VFY: execute VfyHandler.create+run
[2026-09-05T16:13:01Z] fixture/springgear: cleanup restored exact initial state
[2026-09-05T16:13:01Z] CTX: execute external_imp._create_context
[2026-09-05T16:13:01Z] REQ: execute external_imp._create_requirement
[2026-09-05T16:13:01Z] DSN: execute external_imp._create_design
[2026-09-05T16:13:01Z] PLN: execute external_imp._create_plan
[2026-09-05T16:13:01Z] IMP: execute external_imp._complete_imp
[2026-09-05T16:13:01Z] VFY: execute VfyHandler.create+run
[2026-09-05T16:13:02Z] fixture/gin-vue-admin: cleanup restored exact initial state
test_catalog_lists_artifacts_and_revisions_read_only (tests.artifact_store.test_catalog.ArtifactCatalogTests.test_catalog_lists_artifacts_and_revisions_read_only) ... ok
test_catalog_requires_read_only_store (tests.artifact_store.test_catalog.ArtifactCatalogTests.test_catalog_requires_read_only_store) ... ok
test_concurrent_reserve_returns_one_lineage (tests.artifact_store.test_context_lineage.ContextLineageTests.test_concurrent_reserve_returns_one_lineage) ... ok
test_different_boundaries_receive_different_ids (tests.artifact_store.test_context_lineage.ContextLineageTests.test_different_boundaries_receive_different_ids) ... ok
test_invalid_boundary_key_is_rejected (tests.artifact_store.test_context_lineage.ContextLineageTests.test_invalid_boundary_key_is_rejected) ... ok
test_read_only_find_does_not_create_extension_table (tests.artifact_store.test_context_lineage.ContextLineageTests.test_read_only_find_does_not_create_extension_table) ... ok
test_read_only_reserve_is_rejected (tests.artifact_store.test_context_lineage.ContextLineageTests.test_read_only_reserve_is_rejected) ... ok
test_reserve_is_idempotent (tests.artifact_store.test_context_lineage.ContextLineageTests.test_reserve_is_idempotent) ... ok
test_01_initialize_first_create_uses_fixed_runtime_layout (tests.artifact_store.test_sqlite_store.ArtifactStoreTestCase.test_01_initialize_first_create_uses_fixed_runtime_layout) ... ok
test_02_initialize_is_idempotent (tests.artifact_store.test_sqlite_store.ArtifactStoreTestCase.test_02_initialize_is_idempotent) ... ok
test_03_read_only_missing_runtime_creates_nothing (tests.artifact_store.test_sqlite_store.ArtifactStoreTestCase.test_03_read_only_missing_runtime_creates_nothing) ... ok
test_04_read_only_missing_database_creates_nothing (tests.artifact_store.test_sqlite_store.ArtifactStoreTestCase.test_04_read_only_missing_database_creates_nothing) ... ok
test_05_schema_version_mismatch_fails (tests.artifact_store.test_sqlite_store.ArtifactStoreTestCase.test_05_schema_version_mismatch_fails) ... ok
test_06_missing_or_damaged_schema_fails_without_repair (tests.artifact_store.test_sqlite_store.ArtifactStoreTestCase.test_06_missing_or_damaged_schema_fails_without_repair) ... ok
test_07_artifact_id_is_unique_and_same_second_sequence_increments (tests.artifact_store.test_sqlite_store.ArtifactStoreTestCase.test_07_artifact_id_is_unique_and_same_second_sequence_increments) ... ok
test_08_all_supported_prefixes_allocate (tests.artifact_store.test_sqlite_store.ArtifactStoreTestCase.test_08_all_supported_prefixes_allocate) ... ok
test_09_revision_is_monotonic_and_never_reused (tests.artifact_store.test_sqlite_store.ArtifactStoreTestCase.test_09_revision_is_monotonic_and_never_reused) ... ok
test_10_only_one_open_revision_per_artifact (tests.artifact_store.test_sqlite_store.ArtifactStoreTestCase.test_10_only_one_open_revision_per_artifact) ... ok
test_11_control_reservation_cannot_read_resolve_or_freeze (tests.artifact_store.test_sqlite_store.ArtifactStoreTestCase.test_11_control_reservation_cannot_read_resolve_or_freeze) ... ok
test_12_first_complete_payload_materializes_atomically (tests.artifact_store.test_sqlite_store.ArtifactStoreTestCase.test_12_first_complete_payload_materializes_atomically) ... ok
test_13_materialized_open_revision_rewrites_in_place (tests.artifact_store.test_sqlite_store.ArtifactStoreTestCase.test_13_materialized_open_revision_rewrites_in_place) ... ok
test_14_missing_member_fails (tests.artifact_store.test_sqlite_store.ArtifactStoreTestCase.test_14_missing_member_fails) ... ok
test_15_unregistered_extra_member_fails (tests.artifact_store.test_sqlite_store.ArtifactStoreTestCase.test_15_unregistered_extra_member_fails) ... ok
test_16_duplicate_member_id_and_name_fail (tests.artifact_store.test_sqlite_store.ArtifactStoreTestCase.test_16_duplicate_member_id_and_name_fail) ... ok
test_17_primary_and_member_digest_mismatch_fail (tests.artifact_store.test_sqlite_store.ArtifactStoreTestCase.test_17_primary_and_member_digest_mismatch_fail) ... ok
test_18_manifest_member_metadata_must_match (tests.artifact_store.test_sqlite_store.ArtifactStoreTestCase.test_18_manifest_member_metadata_must_match) ... ok
test_19_frozen_revision_is_immutable (tests.artifact_store.test_sqlite_store.ArtifactStoreTestCase.test_19_frozen_revision_is_immutable) ... ok
test_20_control_reservation_can_be_abandoned (tests.artifact_store.test_sqlite_store.ArtifactStoreTestCase.test_20_control_reservation_can_be_abandoned) ... ok
test_21_materialized_open_can_be_abandoned_but_not_authority (tests.artifact_store.test_sqlite_store.ArtifactStoreTestCase.test_21_materialized_open_can_be_abandoned_but_not_authority) ... ok
test_22_exact_reference_has_no_latest_or_other_revision_fallback (tests.artifact_store.test_sqlite_store.ArtifactStoreTestCase.test_22_exact_reference_has_no_latest_or_other_revision_fallback) ... ok
test_23_freeze_and_resolve_fail_closed_without_verifier (tests.artifact_store.test_sqlite_store.ArtifactStoreTestCase.test_23_freeze_and_resolve_fail_closed_without_verifier) ... ok
test_24_stale_and_rejected_verifiers_fail (tests.artifact_store.test_sqlite_store.ArtifactStoreTestCase.test_24_stale_and_rejected_verifiers_fail) ... ok
test_25_passing_verifier_completes_freeze_and_resolve (tests.artifact_store.test_sqlite_store.ArtifactStoreTestCase.test_25_passing_verifier_completes_freeze_and_resolve) ... ok
test_26_transaction_exception_leaves_no_partial_payload (tests.artifact_store.test_sqlite_store.ArtifactStoreTestCase.test_26_transaction_exception_leaves_no_partial_payload) ... ok
test_27_cli_uses_explicit_project_root_from_different_cwd (tests.artifact_store.test_sqlite_store.ArtifactStoreTestCase.test_27_cli_uses_explicit_project_root_from_different_cwd) ... ok
test_28_initialize_does_not_modify_root_gitignore (tests.artifact_store.test_sqlite_store.ArtifactStoreTestCase.test_28_initialize_does_not_modify_root_gitignore) ... ok
test_29_runtime_has_no_third_party_or_network_install_code (tests.artifact_store.test_sqlite_store.ArtifactStoreTestCase.test_29_runtime_has_no_third_party_or_network_install_code) ... ok
test_30_external_imp_exact_id_and_revision_are_idempotent_or_conflict (tests.artifact_store.test_sqlite_store.ArtifactStoreTestCase.test_30_external_imp_exact_id_and_revision_are_idempotent_or_conflict) ... ok
test_31_generation_conflict_prevents_last_write_wins (tests.artifact_store.test_sqlite_store.ArtifactStoreTestCase.test_31_generation_conflict_prevents_last_write_wins) ... ok
test_32_read_only_open_creates_no_sidecars_and_rejects_writes (tests.artifact_store.test_sqlite_store.ArtifactStoreTestCase.test_32_read_only_open_creates_no_sidecars_and_rejects_writes) ... ok
test_33_tracked_runtime_content_fails_closed (tests.artifact_store.test_sqlite_store.ArtifactStoreTestCase.test_33_tracked_runtime_content_fails_closed) ... ok
test_34_cli_freeze_without_verifier_returns_stable_json_error (tests.artifact_store.test_sqlite_store.ArtifactStoreTestCase.test_34_cli_freeze_without_verifier_returns_stable_json_error) ... ok
test_complete_synthetic_binding_is_parseable_not_real_certification (tests.conformance.test_skill_conformance.NativeReceiptBindingTests.test_complete_synthetic_binding_is_parseable_not_real_certification) ... ok
test_raw_log_tamper_is_rejected (tests.conformance.test_skill_conformance.NativeReceiptBindingTests.test_raw_log_tamper_is_rejected) ... ok
test_self_review_and_missing_native_dimension_are_rejected (tests.conformance.test_skill_conformance.NativeReceiptBindingTests.test_self_review_and_missing_native_dimension_are_rejected) ... ok
test_stale_runtime_with_recomputed_digest_cannot_claim_old_source (tests.conformance.test_skill_conformance.NativeReceiptBindingTests.test_stale_runtime_with_recomputed_digest_cannot_claim_old_source) ... ok
test_changed_historical_report_digest_fails (tests.conformance.test_skill_conformance.SkillConformanceTests.test_changed_historical_report_digest_fails) ... ok
test_eight_skills_and_forty_native_cells_are_present (tests.conformance.test_skill_conformance.SkillConformanceTests.test_eight_skills_and_forty_native_cells_are_present) ... ok
test_fingerprint_is_specific_to_skill_and_surface (tests.conformance.test_skill_conformance.SkillConformanceTests.test_fingerprint_is_specific_to_skill_and_surface) ... ok
test_historical_ctx_report_cannot_certify_current_req (tests.conformance.test_skill_conformance.SkillConformanceTests.test_historical_ctx_report_cannot_certify_current_req) ... ok
test_human_table_cannot_drift_or_duplicate_machine_cells (tests.conformance.test_skill_conformance.SkillConformanceTests.test_human_table_cannot_drift_or_duplicate_machine_cells) ... ok
test_missing_and_duplicate_skill_fail (tests.conformance.test_skill_conformance.SkillConformanceTests.test_missing_and_duplicate_skill_fail) ... ok
test_missing_and_duplicate_surface_fail (tests.conformance.test_skill_conformance.SkillConformanceTests.test_missing_and_duplicate_surface_fail) ... ok
test_receipt_paths_cannot_escape_or_follow_symlinks (tests.conformance.test_skill_conformance.SkillConformanceTests.test_receipt_paths_cannot_escape_or_follow_symlinks) ... ok
test_required_native_target_remains_unverified (tests.conformance.test_skill_conformance.SkillConformanceTests.test_required_native_target_remains_unverified) ... ok
test_static_python_receipt_is_not_native_behavior (tests.conformance.test_skill_conformance.SkillConformanceTests.test_static_python_receipt_is_not_native_behavior) ... ok
test_unreviewed_receipt_cannot_hide_in_not_run_cell (tests.conformance.test_skill_conformance.SkillConformanceTests.test_unreviewed_receipt_cannot_hide_in_not_run_cell) ... ok
test_verified_without_receipt_fails (tests.conformance.test_skill_conformance.SkillConformanceTests.test_verified_without_receipt_fails) ... ok
test_wrong_client_or_skill_receipt_fails_before_logs (tests.conformance.test_skill_conformance.SkillConformanceTests.test_wrong_client_or_skill_receipt_fails_before_logs) ... ok
test_abandon_cas_rejects_owner_attempt_artifact_and_revision_mismatch (tests.late_foundations.test_claim_critical_cases.ClaimCriticalCases.test_abandon_cas_rejects_owner_attempt_artifact_and_revision_mismatch) ... ok
test_abandon_records_actor_and_terminal_retry_preserves_actor_and_reason (tests.late_foundations.test_claim_critical_cases.ClaimCriticalCases.test_abandon_records_actor_and_terminal_retry_preserves_actor_and_reason) ... ok
test_active_binding_input_and_rework_mismatch_preserves_claim (tests.late_foundations.test_claim_critical_cases.ClaimCriticalCases.test_active_binding_input_and_rework_mismatch_preserves_claim) ... ok
test_completed_acquire_and_complete_retry_return_same_record (tests.late_foundations.test_claim_critical_cases.ClaimCriticalCases.test_completed_acquire_and_complete_retry_return_same_record) ... ok
test_concurrent_different_lineages_cannot_share_active_resource (tests.late_foundations.test_claim_critical_cases.ClaimCriticalCases.test_concurrent_different_lineages_cannot_share_active_resource) ... ok
test_concurrent_same_lineage_allocates_one_identity_and_attempt (tests.late_foundations.test_claim_critical_cases.ClaimCriticalCases.test_concurrent_same_lineage_allocates_one_identity_and_attempt) ... ok
test_concurrent_same_lineage_leaves_one_current_active_row (tests.late_foundations.test_claim_critical_cases.ClaimCriticalCases.test_concurrent_same_lineage_leaves_one_current_active_row) ... ok
test_frozen_abandon_rejects_a_forged_completion_failure_reason (tests.late_foundations.test_claim_critical_cases.ClaimCriticalCases.test_frozen_abandon_rejects_a_forged_completion_failure_reason) ... ok
test_historical_completed_attempt_does_not_replace_current_active_attempt (tests.late_foundations.test_claim_critical_cases.ClaimCriticalCases.test_historical_completed_attempt_does_not_replace_current_active_attempt) ... ok
test_abandoned_claim_requires_explicit_retry (tests.late_foundations.test_claim_provider.ClaimProviderTests.test_abandoned_claim_requires_explicit_retry) ... ok
test_abandoned_nonempty_rework_sequence_still_requires_explicit_retry (tests.late_foundations.test_claim_provider.ClaimProviderTests.test_abandoned_nonempty_rework_sequence_still_requires_explicit_retry) ... ok
test_abandoned_retry_may_assign_a_new_stable_owner (tests.late_foundations.test_claim_provider.ClaimProviderTests.test_abandoned_retry_may_assign_a_new_stable_owner) ... ok
test_acquire_is_idempotent_for_same_active_request (tests.late_foundations.test_claim_provider.ClaimProviderTests.test_acquire_is_idempotent_for_same_active_request) ... ok
test_active_mismatch_and_resource_conflict_fail_closed (tests.late_foundations.test_claim_provider.ClaimProviderTests.test_active_mismatch_and_resource_conflict_fail_closed) ... ok
test_blank_or_noncanonical_stored_identity_fields_fail_closed (tests.late_foundations.test_claim_provider.ClaimProviderTests.test_blank_or_noncanonical_stored_identity_fields_fail_closed) ... ok
test_claim_tables_are_namespaced_in_the_shared_artifact_store (tests.late_foundations.test_claim_provider.ClaimProviderTests.test_claim_tables_are_namespaced_in_the_shared_artifact_store) ... ok
test_complete_rechecks_frozen_final_confirmation_authority (tests.late_foundations.test_claim_provider.ClaimProviderTests.test_complete_rechecks_frozen_final_confirmation_authority) ... ok
test_complete_recomputes_the_immutable_resource_chain (tests.late_foundations.test_claim_provider.ClaimProviderTests.test_complete_recomputes_the_immutable_resource_chain) ... ok
test_complete_recursively_rechecks_dependency_chain (tests.late_foundations.test_claim_provider.ClaimProviderTests.test_complete_recursively_rechecks_dependency_chain) ... ok
test_complete_rejects_a_generically_frozen_mismatched_imp_payload (tests.late_foundations.test_claim_provider.ClaimProviderTests.test_complete_rejects_a_generically_frozen_mismatched_imp_payload) ... ok
test_complete_requires_current_completed_dependencies (tests.late_foundations.test_claim_provider.ClaimProviderTests.test_complete_requires_current_completed_dependencies) ... ok
test_completed_claim_can_start_new_rework_attempt (tests.late_foundations.test_claim_provider.ClaimProviderTests.test_completed_claim_can_start_new_rework_attempt) ... ok
test_completed_rework_sequence_is_idempotent (tests.late_foundations.test_claim_provider.ClaimProviderTests.test_completed_rework_sequence_is_idempotent) ... ok
test_invalid_or_reversed_stored_timestamps_fail_closed (tests.late_foundations.test_claim_provider.ClaimProviderTests.test_invalid_or_reversed_stored_timestamps_fail_closed) ... ok
test_invalid_stored_state_fails_closed_before_resource_reallocation (tests.late_foundations.test_claim_provider.ClaimProviderTests.test_invalid_stored_state_fails_closed_before_resource_reallocation) ... ok
test_noncanonical_stored_rework_fails_closed (tests.late_foundations.test_claim_provider.ClaimProviderTests.test_noncanonical_stored_rework_fails_closed) ... ok
test_read_only_connection_cannot_write_even_with_query_only_disabled (tests.late_foundations.test_claim_provider.ClaimProviderTests.test_read_only_connection_cannot_write_even_with_query_only_disabled) ... ok
test_rework_reference_order_is_one_canonical_set (tests.late_foundations.test_claim_provider.ClaimProviderTests.test_rework_reference_order_is_one_canonical_set) ... ok
test_terminal_transition_requires_matching_artifact_control (tests.late_foundations.test_claim_provider.ClaimProviderTests.test_terminal_transition_requires_matching_artifact_control) ... ok
test_database_change_during_query_fails_closed (tests.late_foundations.test_claim_read_only.ClaimReadOnlyTests.test_database_change_during_query_fails_closed) ... ok
test_existing_journal_sidecars_are_rejected_without_touching_them (tests.late_foundations.test_claim_read_only.ClaimReadOnlyTests.test_existing_journal_sidecars_are_rejected_without_touching_them) ... ok
test_invalid_schema_is_rejected_without_repair (tests.late_foundations.test_claim_read_only.ClaimReadOnlyTests.test_invalid_schema_is_rejected_without_repair) ... ok
test_missing_store_never_creates_database_or_parent (tests.late_foundations.test_claim_read_only.ClaimReadOnlyTests.test_missing_store_never_creates_database_or_parent) ... ok
test_queries_do_not_initialize_schema_or_execute_write_sql (tests.late_foundations.test_claim_read_only.ClaimReadOnlyTests.test_queries_do_not_initialize_schema_or_execute_write_sql) ... ok
test_wal_database_is_rejected_without_creating_wal_or_shm (tests.late_foundations.test_claim_read_only.ClaimReadOnlyTests.test_wal_database_is_rejected_without_creating_wal_or_shm) ... ok
test_command_evidence_and_secret_rejection (tests.late_foundations.test_execution_effects.ExecutionAndEffectsTests.test_command_evidence_and_secret_rejection) ... ok
test_execution_foundation_does_not_expose_release_effect_authority (tests.late_foundations.test_execution_effects.ExecutionAndEffectsTests.test_execution_foundation_does_not_expose_release_effect_authority) ... ok
test_manual_evidence_is_structured (tests.late_foundations.test_execution_effects.ExecutionAndEffectsTests.test_manual_evidence_is_structured) ... ok
test_changed_foundation_bytes_fail_without_regenerating_lock (tests.late_foundations.test_imp_source_lock.ImpSourceLockTests.test_changed_foundation_bytes_fail_without_regenerating_lock) ... ok
test_deterministic_constructor_and_read_only_validation (tests.late_foundations.test_imp_source_lock.ImpSourceLockTests.test_deterministic_constructor_and_read_only_validation) ... ok
test_every_missing_source_fails_closed (tests.late_foundations.test_imp_source_lock.ImpSourceLockTests.test_every_missing_source_fails_closed) ... ok
test_extra_missing_duplicate_unsorted_and_sha_drift_fail_closed (tests.late_foundations.test_imp_source_lock.ImpSourceLockTests.test_extra_missing_duplicate_unsorted_and_sha_drift_fail_closed) ... ok
test_imp_foundations_are_documented_and_do_not_change_pln (tests.late_foundations.test_imp_source_lock.ImpSourceLockTests.test_imp_foundations_are_documented_and_do_not_change_pln) ... ok
test_missing_or_drifted_bundled_spec_fails_closed (tests.late_foundations.test_imp_source_lock.ImpSourceLockTests.test_missing_or_drifted_bundled_spec_fails_closed) ... ok
test_registry_order_and_duplicate_contract_ids_fail_closed (tests.late_foundations.test_imp_source_lock.ImpSourceLockTests.test_registry_order_and_duplicate_contract_ids_fail_closed) ... ok
test_cleanup_failure_is_reported_instead_of_silently_hidden (tests.late_foundations.test_phasekit_cleanup.PhaseKitCleanupTests.test_cleanup_failure_is_reported_instead_of_silently_hidden) ... ok
test_normal_build_failure_closes_the_new_revision (tests.late_foundations.test_phasekit_cleanup.PhaseKitCleanupTests.test_normal_build_failure_closes_the_new_revision) ... ok
test_out_of_scope_and_runtime_paths_are_rejected (tests.late_foundations.test_resource.ResourceTests.test_out_of_scope_and_runtime_paths_are_rejected) ... ok
test_scoped_write_and_restore (tests.late_foundations.test_resource.ResourceTests.test_scoped_write_and_restore) ... ok
test_snapshot_excludes_git_and_runtime_and_is_deterministic (tests.late_foundations.test_resource.ResourceTests.test_snapshot_excludes_git_and_runtime_and_is_deterministic) ... ok
test_full_snapshot_digest_and_bytes_survive_live_binary_changes (tests.late_foundations.test_resource_contract.ResourceContractTests.test_full_snapshot_digest_and_bytes_survive_live_binary_changes) ... ok
test_missing_resource_capture_does_not_create_the_root (tests.late_foundations.test_resource_contract.ResourceContractTests.test_missing_resource_capture_does_not_create_the_root) ... ok
test_path_scope_without_resource_token_cannot_authorize_a_write (tests.late_foundations.test_resource_contract.ResourceContractTests.test_path_scope_without_resource_token_cannot_authorize_a_write) ... ok
test_nested_development_resources_are_rejected (tests.late_foundations.test_runtime_independence_guard.RuntimeIndependenceGuardTests.test_nested_development_resources_are_rejected) ... ok
test_static_scan_rejects_development_paths_network_install_and_git_commands (tests.late_foundations.test_runtime_independence_guard.RuntimeIndependenceGuardTests.test_static_scan_rejects_development_paths_network_install_and_git_commands) ... ok
test_suppressed_network_attempt_cannot_be_reported_as_pass (tests.late_foundations.test_runtime_independence_guard.RuntimeIndependenceGuardTests.test_suppressed_network_attempt_cannot_be_reported_as_pass) ... ok
test_suppressed_read_only_write_attempt_cannot_be_reported_as_pass (tests.late_foundations.test_runtime_independence_guard.RuntimeIndependenceGuardTests.test_suppressed_read_only_write_attempt_cannot_be_reported_as_pass) ... ok
test_delegated_imp_authority_must_bind_persisted_claim_owner (tests.runtime.test_authority.FrozenAuthorityTests.test_delegated_imp_authority_must_bind_persisted_claim_owner) ... ok
test_missing_authority_file_is_rejected (tests.runtime.test_authority.FrozenAuthorityTests.test_missing_authority_file_is_rejected) ... ok
test_ready_with_exception_requires_matching_sets (tests.runtime.test_authority.FrozenAuthorityTests.test_ready_with_exception_requires_matching_sets) ... ok
test_status_gate_mismatch_is_rejected (tests.runtime.test_authority.FrozenAuthorityTests.test_status_gate_mismatch_is_rejected) ... ok
test_tampered_content_invalidates_control_digest (tests.runtime.test_authority.FrozenAuthorityTests.test_tampered_content_invalidates_control_digest) ... ok
test_valid_delegated_authority (tests.runtime.test_authority.FrozenAuthorityTests.test_valid_delegated_authority) ... ok
test_valid_human_authority (tests.runtime.test_authority.FrozenAuthorityTests.test_valid_human_authority) ... ok
test_check_digest_excludes_core_g_009 (tests.runtime.test_canonical.CanonicalArtifactTests.test_check_digest_excludes_core_g_009) ... ok
test_control_digest_ignores_status_and_gate (tests.runtime.test_canonical.CanonicalArtifactTests.test_control_digest_ignores_status_and_gate) ... ok
test_crlf_and_bom_are_rejected (tests.runtime.test_canonical.CanonicalArtifactTests.test_crlf_and_bom_are_rejected) ... ok
test_parse_front_matter_and_tables (tests.runtime.test_canonical.CanonicalArtifactTests.test_parse_front_matter_and_tables) ... ok
test_pending_check_is_not_digestible (tests.runtime.test_canonical.CanonicalArtifactTests.test_pending_check_is_not_digestible) ... ok
test_reference_must_name_an_exact_item (tests.runtime.test_control_inputs.ControlInputResolverTests.test_reference_must_name_an_exact_item) ... ok
test_resolve_rls_confirmation_issue (tests.runtime.test_control_inputs.ControlInputResolverTests.test_resolve_rls_confirmation_issue) ... ok
test_resolve_rls_release_item_issue (tests.runtime.test_control_inputs.ControlInputResolverTests.test_resolve_rls_release_item_issue) ... ok
test_resolve_vfy_return_for_req (tests.runtime.test_control_inputs.ControlInputResolverTests.test_resolve_vfy_return_for_req) ... ok
test_rls_follow_up_mismatch_fails (tests.runtime.test_control_inputs.ControlInputResolverTests.test_rls_follow_up_mismatch_fails) ... ok
test_vfy_return_phase_mismatch_fails (tests.runtime.test_control_inputs.ControlInputResolverTests.test_vfy_return_phase_mismatch_fails) ... ok
test_ctx_control_and_check_digest_match_producer (tests.runtime.test_ctx_authority_compat.CtxAuthorityCompatibilityTests.test_ctx_control_and_check_digest_match_producer) ... ok
test_error_result_matches_contract (tests.runtime.test_envelopes.EnvelopeTests.test_error_result_matches_contract) ... ok
test_extra_top_level_field_is_rejected (tests.runtime.test_envelopes.EnvelopeTests.test_extra_top_level_field_is_rejected) ... ok
test_relative_project_root_is_rejected (tests.runtime.test_envelopes.EnvelopeTests.test_relative_project_root_is_rejected) ... ok
test_success_with_errors_is_rejected (tests.runtime.test_envelopes.EnvelopeTests.test_success_with_errors_is_rejected) ... ok
test_valid_invocation_is_normalized (tests.runtime.test_envelopes.EnvelopeTests.test_valid_invocation_is_normalized) ... ok
test_all_supported_operation_forms (tests.runtime.test_skill_args.SkillArgumentTests.test_all_supported_operation_forms) ... ok
test_cli_emits_one_json_document (tests.runtime.test_skill_args.SkillArgumentTests.test_cli_emits_one_json_document) ... ok
test_common_options_and_free_text (tests.runtime.test_skill_args.SkillArgumentTests.test_common_options_and_free_text) ... ok
test_conflicting_operations_fail (tests.runtime.test_skill_args.SkillArgumentTests.test_conflicting_operations_fail) ... ok
test_default_is_auto (tests.runtime.test_skill_args.SkillArgumentTests.test_default_is_auto) ... ok
test_help_and_topic (tests.runtime.test_skill_args.SkillArgumentTests.test_help_and_topic) ... ok
test_meta_command_is_side_effect_free_shape (tests.runtime.test_skill_args.SkillArgumentTests.test_meta_command_is_side_effect_free_shape) ... ok
test_same_duplicate_warns_and_conflict_fails (tests.runtime.test_skill_args.SkillArgumentTests.test_same_duplicate_warns_and_conflict_fails) ... ok
test_unknown_and_quote_errors_fail (tests.runtime.test_skill_args.SkillArgumentTests.test_unknown_and_quote_errors_fail) ... ok
test_conflict_between_command_and_operation (tests.runtime.test_skill_command_aliases.SkillCommandAliasTests.test_conflict_between_command_and_operation) ... ok
test_general_command_forms (tests.runtime.test_skill_command_aliases.SkillCommandAliasTests.test_general_command_forms) ... ok
test_meta_command_through_general_command (tests.runtime.test_skill_command_aliases.SkillCommandAliasTests.test_meta_command_through_general_command) ... ok
test_digest_drift_fails (tests.runtime.test_source_lock.SourceLockTests.test_digest_drift_fails) ... ok
test_registry_and_lock_are_deterministic (tests.runtime.test_source_lock.SourceLockTests.test_registry_and_lock_are_deterministic) ... ok
test_registry_requires_sorted_ids (tests.runtime.test_source_lock.SourceLockTests.test_registry_requires_sorted_ids) ... ok
test_source_lock_rejects_extra_field (tests.runtime.test_source_lock.SourceLockTests.test_source_lock_rejects_extra_field) ... ok
test_legacy_work_item_removed (tests.runtime_contracts.test_runtime_contracts.RuntimeContractTests.test_legacy_work_item_removed) ... ok
test_shared_directory_is_not_a_skill (tests.runtime_contracts.test_runtime_contracts.RuntimeContractTests.test_shared_directory_is_not_a_skill) ... ok
test_shared_schemas_parse (tests.runtime_contracts.test_runtime_contracts.RuntimeContractTests.test_shared_schemas_parse) ... ok
test_validator_passes (tests.runtime_contracts.test_runtime_contracts.RuntimeContractTests.test_validator_passes) ... ok
test_catalog_has_fixed_sixteen_domain_order (tests.skill_dsn.test_domains.DsnDomainContractTests.test_catalog_has_fixed_sixteen_domain_order) ... ok
test_composite_required_dominates_na (tests.skill_dsn.test_domains.DsnDomainContractTests.test_composite_required_dominates_na) ... ok
test_composite_rows_have_fixed_five_row_order (tests.skill_dsn.test_domains.DsnDomainContractTests.test_composite_rows_have_fixed_five_row_order) ... ok
test_dom_510_cannot_be_na_or_waived (tests.skill_dsn.test_domains.DsnDomainContractTests.test_dom_510_cannot_be_na_or_waived) ... ok
test_missing_domains_are_explicit_pending_rows (tests.skill_dsn.test_domains.DsnDomainContractTests.test_missing_domains_are_explicit_pending_rows) ... ok
test_incomplete_required_domain_remains_open (tests.skill_dsn.test_integrity.DsnIntegrityTests.test_incomplete_required_domain_remains_open) ... ok
test_stale_final_confirmation_does_not_freeze (tests.skill_dsn.test_integrity.DsnIntegrityTests.test_stale_final_confirmation_does_not_freeze) ... ok
test_verifier_rejects_missing_required_member (tests.skill_dsn.test_integrity.DsnIntegrityTests.test_verifier_rejects_missing_required_member) ... ok
test_verifier_rejects_status_mismatch (tests.skill_dsn.test_integrity.DsnIntegrityTests.test_verifier_rejects_status_mismatch) ... ok
test_duplicate_input_is_deduplicated_with_warning (tests.skill_dsn.test_interface.DsnInterfaceTests.test_duplicate_input_is_deduplicated_with_warning) ... ok
test_free_text_is_preserved_after_separator (tests.skill_dsn.test_interface.DsnInterfaceTests.test_free_text_is_preserved_after_separator) ... ok
test_input_requires_exact_token_value (tests.skill_dsn.test_interface.DsnInterfaceTests.test_input_requires_exact_token_value) ... ok
test_meta_command_rejects_execution_input (tests.skill_dsn.test_interface.DsnInterfaceTests.test_meta_command_rejects_execution_input) ... ok
test_repeatable_input_forms_preserve_first_order (tests.skill_dsn.test_interface.DsnInterfaceTests.test_repeatable_input_forms_preserve_first_order) ... ok
test_invalid_dsn_applicability_does_not_guess_next_phase (tests.skill_dsn.test_lifecycle.DsnLifecycleTests.test_invalid_dsn_applicability_does_not_guess_next_phase) ... ok
test_open_dsn_stays_on_current_phase (tests.skill_dsn.test_lifecycle.DsnLifecycleTests.test_open_dsn_stays_on_current_phase) ... ok
test_pln_skipped_and_imp_required_routes_directly_to_imp (tests.skill_dsn.test_lifecycle.DsnLifecycleTests.test_pln_skipped_and_imp_required_routes_directly_to_imp) ... ok
test_ready_dsn_creates_req_to_dsn_edge_and_routes_to_pln (tests.skill_dsn.test_lifecycle.DsnLifecycleTests.test_ready_dsn_creates_req_to_dsn_edge_and_routes_to_pln) ... ok
test_boundary_is_required_before_allocation (tests.skill_dsn.test_runtime.DsnRuntimeTests.test_boundary_is_required_before_allocation) ... ok
test_check_is_strictly_read_only (tests.skill_dsn.test_runtime.DsnRuntimeTests.test_check_is_strictly_read_only) ... ok
test_complete_create_freezes_ready_artifact_set (tests.skill_dsn.test_runtime.DsnRuntimeTests.test_complete_create_freezes_ready_artifact_set) ... ok
test_frozen_change_creates_next_revision (tests.skill_dsn.test_runtime.DsnRuntimeTests.test_frozen_change_creates_next_revision) ... ok
test_frozen_no_change_does_not_allocate_revision (tests.skill_dsn.test_runtime.DsnRuntimeTests.test_frozen_no_change_does_not_allocate_revision) ... ok
test_matrix_has_fixed_sixteen_rows (tests.skill_dsn.test_runtime.DsnRuntimeTests.test_matrix_has_fixed_sixteen_rows) ... ok
test_missing_final_confirmation_persists_waiting_input (tests.skill_dsn.test_runtime.DsnRuntimeTests.test_missing_final_confirmation_persists_waiting_input) ... ok
test_multiple_requirements_from_same_context_are_supported (tests.skill_dsn.test_runtime.DsnRuntimeTests.test_multiple_requirements_from_same_context_are_supported) ... ok
test_na_or_waived_scope_does_not_allocate_empty_dsn (tests.skill_dsn.test_runtime.DsnRuntimeTests.test_na_or_waived_scope_does_not_allocate_empty_dsn) ... ok
test_only_required_domains_create_members (tests.skill_dsn.test_runtime.DsnRuntimeTests.test_only_required_domains_create_members) ... ok
test_open_revision_is_revised_in_place (tests.skill_dsn.test_runtime.DsnRuntimeTests.test_open_revision_is_revised_in_place) ... ok
test_pending_req_applicability_blocks_before_allocation (tests.skill_dsn.test_runtime.DsnRuntimeTests.test_pending_req_applicability_blocks_before_allocation) ... ok
test_required_scope_dominates_na_scope (tests.skill_dsn.test_runtime.DsnRuntimeTests.test_required_scope_dominates_na_scope) ... ok
test_requirements_from_different_contexts_fail_before_allocation (tests.skill_dsn.test_runtime.DsnRuntimeTests.test_requirements_from_different_contexts_fail_before_allocation) ... ok
test_secret_supporting_member_fails_and_abandons_reservation (tests.skill_dsn.test_runtime.DsnRuntimeTests.test_secret_supporting_member_fails_and_abandons_reservation) ... ok
test_active_claim_rejects_a_different_exact_binding_revision (tests.skill_imp.test_binding.BindingTests.test_active_claim_rejects_a_different_exact_binding_revision) ... ok
test_artifact_uses_the_real_pln_context_and_full_lineage (tests.skill_imp.test_binding.BindingTests.test_artifact_uses_the_real_pln_context_and_full_lineage) ... ok
test_binding_must_match_the_requested_imp_reference (tests.skill_imp.test_binding.BindingTests.test_binding_must_match_the_requested_imp_reference) ... ok
test_complete_dsn_direct_binding_requires_pln_not_required (tests.skill_imp.test_binding.BindingTests.test_complete_dsn_direct_binding_requires_pln_not_required) ... ok
test_complete_req_direct_binding_uses_its_real_context (tests.skill_imp.test_binding.BindingTests.test_complete_req_direct_binding_uses_its_real_context) ... ok
test_direct_dependency_fails_closed_when_current_state_cannot_be_verified (tests.skill_imp.test_binding.BindingTests.test_direct_dependency_fails_closed_when_current_state_cannot_be_verified) ... ok
test_direct_dependency_uses_exact_readback_instead_of_cached_current_state (tests.skill_imp.test_binding.BindingTests.test_direct_dependency_uses_exact_readback_instead_of_cached_current_state) ... ok
test_direct_pln_waiver_carries_the_real_exception (tests.skill_imp.test_binding.BindingTests.test_direct_pln_waiver_carries_the_real_exception) ... ok
test_direct_req_dsn_waiver_requires_an_approved_exception (tests.skill_imp.test_binding.BindingTests.test_direct_req_dsn_waiver_requires_an_approved_exception) ... ok
test_inconsistent_upstream_context_fails_closed (tests.skill_imp.test_binding.BindingTests.test_inconsistent_upstream_context_fails_closed) ... ok
test_lifecycle_applicability_preserves_upstream_fact_without_pending_pass (tests.skill_imp.test_binding.BindingTests.test_lifecycle_applicability_preserves_upstream_fact_without_pending_pass) ... ok
test_missing_pln_context_fails_closed_before_claim (tests.skill_imp.test_binding.BindingTests.test_missing_pln_context_fails_closed_before_claim) ... ok
test_missing_wi_missing_revision_and_inexact_binding_fail_closed (tests.skill_imp.test_binding.BindingTests.test_missing_wi_missing_revision_and_inexact_binding_fail_closed) ... ok
test_multiple_work_items_do_not_auto_select_first (tests.skill_imp.test_binding.BindingTests.test_multiple_work_items_do_not_auto_select_first) ... ok
test_pln_reference_cannot_impersonate_context (tests.skill_imp.test_binding.BindingTests.test_pln_reference_cannot_impersonate_context) ... ok
test_target_phase_must_be_imp (tests.skill_imp.test_binding.BindingTests.test_target_phase_must_be_imp) ... ok
test_caller_supplied_snapshot_cannot_fabricate_candidate_baseline (tests.skill_imp.test_candidate_material.CandidateMaterialTests.test_caller_supplied_snapshot_cannot_fabricate_candidate_baseline) ... ok
test_candidate_baseline_must_be_the_current_immutable_head (tests.skill_imp.test_candidate_material.CandidateMaterialTests.test_candidate_baseline_must_be_the_current_immutable_head) ... ok
test_candidate_cannot_hide_a_new_unversioned_directory (tests.skill_imp.test_candidate_material.CandidateMaterialTests.test_candidate_cannot_hide_a_new_unversioned_directory) ... ok
test_candidate_cannot_remove_a_tracked_parent_before_claim (tests.skill_imp.test_candidate_material.CandidateMaterialTests.test_candidate_cannot_remove_a_tracked_parent_before_claim) ... ok
test_candidate_current_state_must_match_the_immutable_evidence (tests.skill_imp.test_candidate_material.CandidateMaterialTests.test_candidate_current_state_must_match_the_immutable_evidence) ... ok
test_candidate_delta_outside_path_scope_is_rejected_before_claim (tests.skill_imp.test_candidate_material.CandidateMaterialTests.test_candidate_delta_outside_path_scope_is_rejected_before_claim) ... ok
test_candidate_directory_mode_delta_is_not_a_vcs_proven_change (tests.skill_imp.test_candidate_material.CandidateMaterialTests.test_candidate_directory_mode_delta_is_not_a_vcs_proven_change) ... ok
test_candidate_is_persisted_then_replayed_from_declared_baseline (tests.skill_imp.test_candidate_material.CandidateMaterialTests.test_candidate_is_persisted_then_replayed_from_declared_baseline) ... ok
test_candidate_resource_root_must_exist_in_immutable_head (tests.skill_imp.test_candidate_material.CandidateMaterialTests.test_candidate_resource_root_must_exist_in_immutable_head) ... ok
test_method_must_reproduce_the_declared_candidate_result (tests.skill_imp.test_candidate_material.CandidateMaterialTests.test_method_must_reproduce_the_declared_candidate_result) ... ok
test_preexisting_patch_without_candidate_evidence_cannot_be_backdated (tests.skill_imp.test_candidate_material.CandidateMaterialTests.test_preexisting_patch_without_candidate_evidence_cannot_be_backdated) ... ok
test_auto_uses_the_unique_exact_work_item (tests.skill_imp.test_cli.CliTests.test_auto_uses_the_unique_exact_work_item) ... ok
test_binding_long_and_short_enter_the_same_formal_runtime (tests.skill_imp.test_cli.CliTests.test_binding_long_and_short_enter_the_same_formal_runtime) ... ok
test_environment_owner_is_stable_across_runtime_calls (tests.skill_imp.test_cli.CliTests.test_environment_owner_is_stable_across_runtime_calls) ... ok
test_explicit_owner_has_priority_over_environment (tests.skill_imp.test_cli.CliTests.test_explicit_owner_has_priority_over_environment) ... ok
test_formal_subprocess_entry_modifies_only_the_declared_product (tests.skill_imp.test_cli.CliTests.test_formal_subprocess_entry_modifies_only_the_declared_product) ... ok
test_missing_owner_requires_action_without_claim_allocation (tests.skill_imp.test_cli.CliTests.test_missing_owner_requires_action_without_claim_allocation) ... ok
test_repeatable_input_aliases_preserve_first_occurrence_order (tests.skill_imp.test_cli.CliTests.test_repeatable_input_aliases_preserve_first_occurrence_order) ... ok
test_formal_entry_meta_ignores_stdin_and_has_zero_project_writes (tests.skill_imp.test_cli.MetaTests.test_formal_entry_meta_ignores_stdin_and_has_zero_project_writes) ... ok
test_meta_commands_do_not_scan_resolve_owner_or_access_stores (tests.skill_imp.test_cli.MetaTests.test_meta_commands_do_not_scan_resolve_owner_or_access_stores) ... ok
test_owner_conflicting_candidates_require_action_and_explicit_wins (tests.skill_imp.test_cli.MetaTests.test_owner_conflicting_candidates_require_action_and_explicit_wins) ... ok
test_owner_uses_the_core_identity_token_alphabet (tests.skill_imp.test_cli.MetaTests.test_owner_uses_the_core_identity_token_alphabet) ... ok
test_shared_extensions_honor_equals_conflicts_and_free_text_boundary (tests.skill_imp.test_cli.MetaTests.test_shared_extensions_honor_equals_conflicts_and_free_text_boundary) ... ok
test_candidate_local_closure_still_rejects_a_missing_retained_snapshot (tests.skill_imp.test_control_recovery.ControlRecoveryTests.test_candidate_local_closure_still_rejects_a_missing_retained_snapshot) ... ok
test_cross_lineage_recovery_reference_is_rejected (tests.skill_imp.test_control_recovery.ControlRecoveryTests.test_cross_lineage_recovery_reference_is_rejected) ... ok
test_empty_or_ambiguous_recovery_reference_does_not_open_frozen (tests.skill_imp.test_control_recovery.ControlRecoveryTests.test_empty_or_ambiguous_recovery_reference_does_not_open_frozen) ... ok
test_frozen_no_change_control_recovery_uses_new_authority (tests.skill_imp.test_control_recovery.ControlRecoveryTests.test_frozen_no_change_control_recovery_uses_new_authority) ... ok
test_new_current_attempt_invalidates_successor_and_rechecks_dependency_chain (tests.skill_imp.test_control_recovery.ControlRecoveryTests.test_new_current_attempt_invalidates_successor_and_rechecks_dependency_chain) ... ok
test_new_owner_receives_new_current_claim_not_old_authority (tests.skill_imp.test_control_recovery.ControlRecoveryTests.test_new_owner_receives_new_current_claim_not_old_authority) ... ok
test_ordinary_revise_cannot_bypass_frozen (tests.skill_imp.test_control_recovery.ControlRecoveryTests.test_ordinary_revise_cannot_bypass_frozen) ... ok
test_post_checklist_readback_must_match_candidate_before_no_change_result (tests.skill_imp.test_control_recovery.ControlRecoveryTests.test_post_checklist_readback_must_match_candidate_before_no_change_result) ... ok
test_recovery_cannot_change_method_or_product (tests.skill_imp.test_control_recovery.ControlRecoveryTests.test_recovery_cannot_change_method_or_product) ... ok
test_recovery_check_is_strictly_read_only (tests.skill_imp.test_control_recovery.ControlRecoveryTests.test_recovery_check_is_strictly_read_only) ... ok
test_recovery_rejects_product_drift_before_claim (tests.skill_imp.test_control_recovery.ControlRecoveryTests.test_recovery_rejects_product_drift_before_claim) ... ok
test_same_recovery_sequence_is_idempotent_and_keeps_current_attempt (tests.skill_imp.test_control_recovery.ControlRecoveryTests.test_same_recovery_sequence_is_idempotent_and_keeps_current_attempt) ... ok
test_stale_reference_from_another_recovery_sequence_is_rejected (tests.skill_imp.test_control_recovery.ControlRecoveryTests.test_stale_reference_from_another_recovery_sequence_is_rejected) ... ok
test_successor_recovery_uses_local_candidate_when_old_baseline_is_unreadable (tests.skill_imp.test_control_recovery.ControlRecoveryTests.test_successor_recovery_uses_local_candidate_when_old_baseline_is_unreadable) ... ok
test_unresolved_product_return_disqualifies_no_change_recovery (tests.skill_imp.test_control_recovery.ControlRecoveryTests.test_unresolved_product_return_disqualifies_no_change_recovery) ... ok
test_valid_frozen_result_cannot_start_spurious_recovery (tests.skill_imp.test_control_recovery.ControlRecoveryTests.test_valid_frozen_result_cannot_start_spurious_recovery) ... ok
test_wrong_artifact_reference_is_rejected (tests.skill_imp.test_control_recovery.ControlRecoveryTests.test_wrong_artifact_reference_is_rejected) ... ok
test_absent_unmodified_claim_resource_fails_before_any_product_write (tests.skill_imp.test_critical_gaps.CriticalGapTests.test_absent_unmodified_claim_resource_fails_before_any_product_write) ... ok
test_applicable_checks_cannot_be_omitted_or_marked_na (tests.skill_imp.test_critical_gaps.CriticalGapTests.test_applicable_checks_cannot_be_omitted_or_marked_na) ... ok
test_applicable_local_checks_save_real_execution_evidence (tests.skill_imp.test_critical_gaps.CriticalGapTests.test_applicable_local_checks_save_real_execution_evidence) ... ok
test_candidate_patch_without_execution_cannot_be_claimed_as_result (tests.skill_imp.test_critical_gaps.CriticalGapTests.test_candidate_patch_without_execution_cannot_be_claimed_as_result) ... ok
test_clean_git_baseline_is_a_complete_immutable_snapshot (tests.skill_imp.test_critical_gaps.CriticalGapTests.test_clean_git_baseline_is_a_complete_immutable_snapshot) ... ok
test_imp_build_failure_after_allocation_abandons_exact_reservation (tests.skill_imp.test_critical_gaps.CriticalGapTests.test_imp_build_failure_after_allocation_abandons_exact_reservation) ... ok
test_method_block_identity_survives_active_revision_and_rework (tests.skill_imp.test_critical_gaps.CriticalGapTests.test_method_block_identity_survives_active_revision_and_rework) ... ok
test_missing_business_design_and_plan_decisions_return_to_the_owner (tests.skill_imp.test_critical_gaps.CriticalGapTests.test_missing_business_design_and_plan_decisions_return_to_the_owner) ... ok
test_missing_design_decision_returns_to_design (tests.skill_imp.test_critical_gaps.CriticalGapTests.test_missing_design_decision_returns_to_design) ... ok
test_mutable_and_path_only_result_references_are_rejected (tests.skill_imp.test_critical_gaps.CriticalGapTests.test_mutable_and_path_only_result_references_are_rejected) ... ok
test_new_resource_retains_absence_evidence_and_complete_result (tests.skill_imp.test_critical_gaps.CriticalGapTests.test_new_resource_retains_absence_evidence_and_complete_result) ... ok
test_patch_without_full_result_and_tampered_result_content_fail_check (tests.skill_imp.test_critical_gaps.CriticalGapTests.test_patch_without_full_result_and_tampered_result_content_fail_check) ... ok
test_project_check_rejects_shell_install_and_wrapper_commands (tests.skill_imp.test_critical_gaps.CriticalGapTests.test_project_check_rejects_shell_install_and_wrapper_commands) ... ok
test_python_project_check_denies_network_processes_and_snapshot_external_writes (tests.skill_imp.test_critical_gaps.CriticalGapTests.test_python_project_check_denies_network_processes_and_snapshot_external_writes) ... ok
test_required_or_pending_pln_cannot_use_direct_binding (tests.skill_imp.test_critical_gaps.CriticalGapTests.test_required_or_pending_pln_cannot_use_direct_binding) ... ok
test_resource_mapping_and_method_scope_expansion_fail_before_claim (tests.skill_imp.test_critical_gaps.CriticalGapTests.test_resource_mapping_and_method_scope_expansion_fail_before_claim) ... ok
test_return_imp_issue_without_unique_imp_lineage_returns_to_plan (tests.skill_imp.test_critical_gaps.CriticalGapTests.test_return_imp_issue_without_unique_imp_lineage_returns_to_plan) ... ok
test_secret_in_method_or_baseline_never_enters_artifact_or_evidence (tests.skill_imp.test_critical_gaps.CriticalGapTests.test_secret_in_method_or_baseline_never_enters_artifact_or_evidence) ... ok
test_step_block_and_check_ids_cannot_be_renamed_during_rework (tests.skill_imp.test_critical_gaps.CriticalGapTests.test_step_block_and_check_ids_cannot_be_renamed_during_rework) ... ok
test_successor_inputs_must_include_the_current_predecessor_result (tests.skill_imp.test_critical_gaps.CriticalGapTests.test_successor_inputs_must_include_the_current_predecessor_result) ... ok
test_frozen_complete_retry_abandons_on_permanent_dependency_failure (tests.skill_imp.test_dependencies.DependencyTests.test_frozen_complete_retry_abandons_on_permanent_dependency_failure) ... ok
test_missing_predecessor_prevents_acquisition (tests.skill_imp.test_dependencies.DependencyTests.test_missing_predecessor_prevents_acquisition) ... ok
test_same_resource_successor_inherits_baseline_and_can_resume_to_complete (tests.skill_imp.test_dependencies.DependencyTests.test_same_resource_successor_inherits_baseline_and_can_resume_to_complete) ... ok
test_successor_rejects_workspace_that_does_not_match_predecessor_result (tests.skill_imp.test_dependencies.DependencyTests.test_successor_rejects_workspace_that_does_not_match_predecessor_result) ... ok
test_abandoned_claim_requires_explicit_retry_or_rework (tests.skill_imp.test_lifecycle.ImpLifecycleTests.test_abandoned_claim_requires_explicit_retry_or_rework) ... ok
test_abandoned_history_does_not_block_completed_retry (tests.skill_imp.test_lifecycle.ImpLifecycleTests.test_abandoned_history_does_not_block_completed_retry) ... ok
test_active_open_claim_shows_owner_attempt_and_imp_frontier (tests.skill_imp.test_lifecycle.ImpLifecycleTests.test_active_open_claim_shows_owner_attempt_and_imp_frontier) ... ok
test_claim_before_materialization_is_not_an_artifact (tests.skill_imp.test_lifecycle.ImpLifecycleTests.test_claim_before_materialization_is_not_an_artifact) ... ok
test_claim_change_during_query_fails_closed (tests.skill_imp.test_lifecycle.ImpLifecycleTests.test_claim_change_during_query_fails_closed) ... ok
test_claim_identity_mismatch_is_not_completed (tests.skill_imp.test_lifecycle.ImpLifecycleTests.test_claim_identity_mismatch_is_not_completed) ... ok
test_completed_claim_cannot_authorize_open_revision (tests.skill_imp.test_lifecycle.ImpLifecycleTests.test_completed_claim_cannot_authorize_open_revision) ... ok
test_completed_claim_with_missing_exact_revision_does_not_fall_back (tests.skill_imp.test_lifecycle.ImpLifecycleTests.test_completed_claim_with_missing_exact_revision_does_not_fall_back) ... ok
test_corrupt_claim_store_fails_closed_without_repair (tests.skill_imp.test_lifecycle.ImpLifecycleTests.test_corrupt_claim_store_fails_closed_without_repair) ... ok
test_direct_req_binding_has_current_claim_and_vfy_input (tests.skill_imp.test_lifecycle.ImpLifecycleTests.test_direct_req_binding_has_current_claim_and_vfy_input) ... ok
test_existing_downstream_artifact_keeps_its_lifecycle_frontier (tests.skill_imp.test_lifecycle.ImpLifecycleTests.test_existing_downstream_artifact_keeps_its_lifecycle_frontier) ... ok
test_failed_local_gate_is_a_visible_blocker (tests.skill_imp.test_lifecycle.ImpLifecycleTests.test_failed_local_gate_is_a_visible_blocker) ... ok
test_frozen_completed_result_is_ready_and_installed_vfy_is_explicit (tests.skill_imp.test_lifecycle.ImpLifecycleTests.test_frozen_completed_result_is_ready_and_installed_vfy_is_explicit) ... ok
test_frozen_with_active_claim_cannot_enter_vfy (tests.skill_imp.test_lifecycle.ImpLifecycleTests.test_frozen_with_active_claim_cannot_enter_vfy) ... ok
test_independent_resources_keep_both_terminal_vfy_inputs (tests.skill_imp.test_lifecycle.ImpLifecycleTests.test_independent_resources_keep_both_terminal_vfy_inputs) ... ok
test_missing_claim_store_does_not_make_frozen_imp_usable (tests.skill_imp.test_lifecycle.ImpLifecycleTests.test_missing_claim_store_does_not_make_frozen_imp_usable) ... ok
test_missing_immutable_result_member_is_not_completed (tests.skill_imp.test_lifecycle.ImpLifecycleTests.test_missing_immutable_result_member_is_not_completed) ... ok
test_new_plan_revision_does_not_rebind_an_active_claim (tests.skill_imp.test_lifecycle.ImpLifecycleTests.test_new_plan_revision_does_not_rebind_an_active_claim) ... ok
test_new_predecessor_attempt_invalidates_all_transitive_successors (tests.skill_imp.test_lifecycle.ImpLifecycleTests.test_new_predecessor_attempt_invalidates_all_transitive_successors) ... ok
test_occupied_resource_is_not_offered_as_a_start_candidate (tests.skill_imp.test_lifecycle.ImpLifecycleTests.test_occupied_resource_is_not_offered_as_a_start_candidate) ... ok
test_plan_without_claim_store_stays_read_only (tests.skill_imp.test_lifecycle.ImpLifecycleTests.test_plan_without_claim_store_stays_read_only) ... ok
test_predecessor_completion_enables_next_imp_work_item_before_vfy (tests.skill_imp.test_lifecycle.ImpLifecycleTests.test_predecessor_completion_enables_next_imp_work_item_before_vfy) ... ok
test_query_does_not_call_write_apis_or_change_bytes_or_mtime (tests.skill_imp.test_lifecycle.ImpLifecycleTests.test_query_does_not_call_write_apis_or_change_bytes_or_mtime) ... ok
test_query_reuse_reads_current_claim_after_completion (tests.skill_imp.test_lifecycle.ImpLifecycleTests.test_query_reuse_reads_current_claim_after_completion) ... ok
test_rework_excludes_old_completed_revision_and_return_from_frontier (tests.skill_imp.test_lifecycle.ImpLifecycleTests.test_rework_excludes_old_completed_revision_and_return_from_frontier) ... ok
test_same_resource_chain_uses_only_current_completed_terminal (tests.skill_imp.test_lifecycle.ImpLifecycleTests.test_same_resource_chain_uses_only_current_completed_terminal) ... ok
test_unordered_completed_results_for_one_resource_are_ambiguous (tests.skill_imp.test_lifecycle.ImpLifecycleTests.test_unordered_completed_results_for_one_resource_are_ambiguous) ... ok
test_vfy_selects_terminal_result_per_resource_in_multi_resource_artifact (tests.skill_imp.test_lifecycle.ImpLifecycleTests.test_vfy_selects_terminal_result_per_resource_in_multi_resource_artifact) ... ok
test_external_effect_or_arbitrary_command_check_is_never_executed (tests.skill_imp.test_method.MethodTests.test_external_effect_or_arbitrary_command_check_is_never_executed) ... ok
test_failed_local_check_cannot_freeze_or_claim_vfy_ready (tests.skill_imp.test_method.MethodTests.test_failed_local_check_cannot_freeze_or_claim_vfy_ready) ... ok
test_file_decomposed_step_returns_to_plan (tests.skill_imp.test_method.MethodTests.test_file_decomposed_step_returns_to_plan) ... ok
test_fixed_consideration_order_and_stable_block_ids_are_persisted (tests.skill_imp.test_method.MethodTests.test_fixed_consideration_order_and_stable_block_ids_are_persisted) ... ok
test_mixed_transaction_or_failure_boundaries_require_split_steps (tests.skill_imp.test_method.MethodTests.test_mixed_transaction_or_failure_boundaries_require_split_steps) ... ok
test_na_consideration_requires_an_objective_basis (tests.skill_imp.test_method.MethodTests.test_na_consideration_requires_an_objective_basis) ... ok
test_new_public_abstraction_without_dsn_decision_returns_upstream (tests.skill_imp.test_method.MethodTests.test_new_public_abstraction_without_dsn_decision_returns_upstream) ... ok
test_pending_consideration_cannot_reach_the_gate (tests.skill_imp.test_method.MethodTests.test_pending_consideration_cannot_reach_the_gate) ... ok
test_project_check_id_cannot_change_its_bounded_command_role (tests.skill_imp.test_method.MethodTests.test_project_check_id_cannot_change_its_bounded_command_role) ... ok
test_required_na_waived_and_pending_dispositions_are_enforced (tests.skill_imp.test_method.MethodTests.test_required_na_waived_and_pending_dispositions_are_enforced) ... ok
test_step_file_decomposition_and_mixed_failure_boundaries_are_rejected (tests.skill_imp.test_method.MethodTests.test_step_file_decomposition_and_mixed_failure_boundaries_are_rejected) ... ok
test_waived_consideration_requires_an_approved_exception (tests.skill_imp.test_method.MethodTests.test_waived_consideration_requires_an_approved_exception) ... ok
test_acquire_and_complete_payload_readback_precede_first_product_write (tests.skill_imp.test_resources.ResourceTests.test_acquire_and_complete_payload_readback_precede_first_product_write) ... ok
test_confirm_stops_before_acquire_then_accepts_only_the_exact_preview (tests.skill_imp.test_resources.ResourceTests.test_confirm_stops_before_acquire_then_accepts_only_the_exact_preview) ... ok
test_dirty_workspace_baseline_contains_staged_unstaged_and_untracked_user_bytes (tests.skill_imp.test_resources.ResourceTests.test_dirty_workspace_baseline_contains_staged_unstaged_and_untracked_user_bytes) ... ok
test_entire_operation_batch_is_validated_before_any_scope_write (tests.skill_imp.test_resources.ResourceTests.test_entire_operation_batch_is_validated_before_any_scope_write) ... ok
test_existing_user_changes_in_target_are_not_overwritten (tests.skill_imp.test_resources.ResourceTests.test_existing_user_changes_in_target_are_not_overwritten) ... ok
test_full_immutable_result_remains_readable_after_live_workspace_changes (tests.skill_imp.test_resources.ResourceTests.test_full_immutable_result_remains_readable_after_live_workspace_changes) ... ok
test_multiple_resources_include_unchanged_row_without_losing_user_content (tests.skill_imp.test_resources.ResourceTests.test_multiple_resources_include_unchanged_row_without_losing_user_content) ... ok
test_no_git_commit_push_or_ref_side_effects (tests.skill_imp.test_resources.ResourceTests.test_no_git_commit_push_or_ref_side_effects) ... ok
test_one_resource_many_files_still_has_one_result_row (tests.skill_imp.test_resources.ResourceTests.test_one_resource_many_files_still_has_one_result_row) ... ok
test_pre_execution_checklist_semantic_tamper_is_rejected (tests.skill_imp.test_resources.ResourceTests.test_pre_execution_checklist_semantic_tamper_is_rejected) ... ok
test_result_ids_are_never_reused_after_a_resource_leaves_scope (tests.skill_imp.test_resources.ResourceTests.test_result_ids_are_never_reused_after_a_resource_leaves_scope) ... ok
test_stale_product_confirmation_does_not_authorize_a_changed_method (tests.skill_imp.test_resources.ResourceTests.test_stale_product_confirmation_does_not_authorize_a_changed_method) ... ok
test_symlink_escape_is_rejected_without_reading_or_writing_external_product (tests.skill_imp.test_resources.ResourceTests.test_symlink_escape_is_rejected_without_reading_or_writing_external_product) ... ok
test_tampered_context_is_rejected_on_readback_with_no_repair (tests.skill_imp.test_resources.ResourceTests.test_tampered_context_is_rejected_on_readback_with_no_repair) ... ok
test_unchanged_resource_uses_baseline_as_result_and_none_changed_scope (tests.skill_imp.test_resources.ResourceTests.test_unchanged_resource_uses_baseline_as_result_and_none_changed_scope) ... ok
test_write_policy_deny_has_no_project_writes (tests.skill_imp.test_resources.ResourceTests.test_write_policy_deny_has_no_project_writes) ... ok
test_abandoned_same_return_sequence_cannot_allocate_without_retry (tests.skill_imp.test_rework.ReworkTests.test_abandoned_same_return_sequence_cannot_allocate_without_retry) ... ok
test_explicit_abandoned_retry_may_transfer_current_claim_authority (tests.skill_imp.test_rework.ReworkTests.test_explicit_abandoned_retry_may_transfer_current_claim_authority) ... ok
test_explicit_abandoned_retry_preserves_artifact_and_creates_next_attempt (tests.skill_imp.test_rework.ReworkTests.test_explicit_abandoned_retry_preserves_artifact_and_creates_next_attempt) ... ok
test_frozen_return_starts_one_sequence_and_resumes_against_original_subject (tests.skill_imp.test_rework.ReworkTests.test_frozen_return_starts_one_sequence_and_resumes_against_original_subject) ... ok
test_return_evidence_item_resolves_its_immutable_member_and_digest (tests.skill_imp.test_rework.ReworkTests.test_return_evidence_item_resolves_its_immutable_member_and_digest) ... ok
test_return_with_a_different_binding_or_context_cannot_start_an_attempt (tests.skill_imp.test_rework.ReworkTests.test_return_with_a_different_binding_or_context_cannot_start_an_attempt) ... ok
test_abandon_revision_then_claim_with_matching_reason (tests.skill_imp.test_state_machine.StateMachineTests.test_abandon_revision_then_claim_with_matching_reason) ... ok
test_abandon_validates_owner_attempt_and_revision_before_any_write (tests.skill_imp.test_state_machine.StateMachineTests.test_abandon_validates_owner_attempt_and_revision_before_any_write) ... ok
test_active_open_revise_stays_on_the_same_revision (tests.skill_imp.test_state_machine.StateMachineTests.test_active_open_revise_stays_on_the_same_revision) ... ok
test_active_owner_and_input_mismatch_are_rejected (tests.skill_imp.test_state_machine.StateMachineTests.test_active_owner_and_input_mismatch_are_rejected) ... ok
test_active_revision_cannot_insert_before_the_executed_prefix (tests.skill_imp.test_state_machine.StateMachineTests.test_active_revision_cannot_insert_before_the_executed_prefix) ... ok
test_active_revision_cannot_remove_an_already_executed_operation (tests.skill_imp.test_state_machine.StateMachineTests.test_active_revision_cannot_remove_an_already_executed_operation) ... ok
test_check_is_absolutely_read_only_and_never_executes_checks (tests.skill_imp.test_state_machine.StateMachineTests.test_check_is_absolutely_read_only_and_never_executes_checks) ... ok
test_claim_termination_failure_keeps_active_and_can_resume_abandon (tests.skill_imp.test_state_machine.StateMachineTests.test_claim_termination_failure_keeps_active_and_can_resume_abandon) ... ok
test_complete_transient_failure_retries_without_rewriting_frozen_artifact (tests.skill_imp.test_state_machine.StateMachineTests.test_complete_transient_failure_retries_without_rewriting_frozen_artifact) ... ok
test_completed_binding_change_without_complete_rework_set_is_rejected (tests.skill_imp.test_state_machine.StateMachineTests.test_completed_binding_change_without_complete_rework_set_is_rejected) ... ok
test_completed_handler_retry_requires_the_current_owner (tests.skill_imp.test_state_machine.StateMachineTests.test_completed_handler_retry_requires_the_current_owner) ... ok
test_completed_without_rework_does_not_allocate_another_attempt (tests.skill_imp.test_state_machine.StateMachineTests.test_completed_without_rework_does_not_allocate_another_attempt) ... ok
test_delegated_confirmation_requires_exact_independent_authority (tests.skill_imp.test_state_machine.StateMachineTests.test_delegated_confirmation_requires_exact_independent_authority) ... ok
test_different_lineage_resource_conflict_fails_closed (tests.skill_imp.test_state_machine.StateMachineTests.test_different_lineage_resource_conflict_fails_closed) ... ok
test_freeze_always_precedes_claim_complete (tests.skill_imp.test_state_machine.StateMachineTests.test_freeze_always_precedes_claim_complete) ... ok
test_missing_and_stale_final_confirmation_keep_open (tests.skill_imp.test_state_machine.StateMachineTests.test_missing_and_stale_final_confirmation_keep_open) ... ok
test_ordinary_abandon_cannot_cancel_frozen_history (tests.skill_imp.test_state_machine.StateMachineTests.test_ordinary_abandon_cannot_cancel_frozen_history) ... ok
test_rework_revision_cannot_repurpose_stable_method_identities (tests.skill_imp.test_state_machine.StateMachineTests.test_rework_revision_cannot_repurpose_stable_method_identities) ... ok
test_same_active_request_is_idempotent_without_empty_revision (tests.skill_imp.test_state_machine.StateMachineTests.test_same_active_request_is_idempotent_without_empty_revision) ... ok
test_stale_final_confirmation_does_not_freeze (tests.skill_imp.test_state_machine.StateMachineTests.test_stale_final_confirmation_does_not_freeze) ... ok
test_updated_exact_binding_with_rework_creates_stable_artifact_new_attempt (tests.skill_imp.test_state_machine.StateMachineTests.test_updated_exact_binding_with_rework_creates_stable_artifact_new_attempt) ... ok
test_duplicate_work_item_semantics_are_rejected (tests.skill_pln.test_contract_matrix.PlnContractMatrixTests.test_duplicate_work_item_semantics_are_rejected) ... ok
test_generic_completion_or_evidence_is_not_sufficient (tests.skill_pln.test_contract_matrix.PlnContractMatrixTests.test_generic_completion_or_evidence_is_not_sufficient) ... ok
test_missing_responsible_role_remains_action_required (tests.skill_pln.test_contract_matrix.PlnContractMatrixTests.test_missing_responsible_role_remains_action_required) ... ok
test_non_required_phase_cannot_have_pseudo_work_item (tests.skill_pln.test_contract_matrix.PlnContractMatrixTests.test_non_required_phase_cannot_have_pseudo_work_item) ... ok
test_path_token_must_belong_to_declared_resource (tests.skill_pln.test_contract_matrix.PlnContractMatrixTests.test_path_token_must_belong_to_declared_resource) ... ok
test_required_rls_work_item_has_exactly_one_environment (tests.skill_pln.test_contract_matrix.PlnContractMatrixTests.test_required_rls_work_item_has_exactly_one_environment) ... ok
test_unconfirmed_obligation_and_scope_expansion_fail (tests.skill_pln.test_contract_matrix.PlnContractMatrixTests.test_unconfirmed_obligation_and_scope_expansion_fail) ... ok
test_unknown_authority_fields_are_rejected (tests.skill_pln.test_contract_matrix.PlnContractMatrixTests.test_unknown_authority_fields_are_rejected) ... ok
test_vfy_is_always_required_and_needs_work_item (tests.skill_pln.test_contract_matrix.PlnContractMatrixTests.test_vfy_is_always_required_and_needs_work_item) ... ok
test_parallel_earliest_work_items_are_all_projected (tests.skill_pln.test_lifecycle.PlnLifecycleTests.test_parallel_earliest_work_items_are_all_projected) ... ok
test_ready_plan_projects_exact_imp_binding (tests.skill_pln.test_lifecycle.PlnLifecycleTests.test_ready_plan_projects_exact_imp_binding) ... ok
test_candidate_cannot_override_upstream_pln_applicability (tests.skill_pln.test_runtime.PlnRuntimeTests.test_candidate_cannot_override_upstream_pln_applicability) ... ok
test_check_is_read_only (tests.skill_pln.test_runtime.PlnRuntimeTests.test_check_is_read_only) ... ok
test_create_freezes_complete_plan (tests.skill_pln.test_runtime.PlnRuntimeTests.test_create_freezes_complete_plan) ... ok
test_dependency_cycle_and_later_phase_fail (tests.skill_pln.test_runtime.PlnRuntimeTests.test_dependency_cycle_and_later_phase_fail) ... ok
test_missing_confirmation_persists_open_revision (tests.skill_pln.test_runtime.PlnRuntimeTests.test_missing_confirmation_persists_open_revision) ... ok
test_non_required_and_pending_do_not_allocate (tests.skill_pln.test_runtime.PlnRuntimeTests.test_non_required_and_pending_do_not_allocate) ... ok
test_open_revise_frozen_no_change_and_change (tests.skill_pln.test_runtime.PlnRuntimeTests.test_open_revise_frozen_no_change_and_change) ... ok
test_same_resource_work_items_require_dependency_chain (tests.skill_pln.test_runtime.PlnRuntimeTests.test_same_resource_work_items_require_dependency_chain) ... ok
test_acceptance_criteria_gap_fails_req_g_006 (tests.skill_req.test_eval_completion.RequirementCriticalEvalCompletionTests.test_acceptance_criteria_gap_fails_req_g_006) ... ok
test_context_is_not_duplicated_in_front_inputs (tests.skill_req.test_eval_completion.RequirementCriticalEvalCompletionTests.test_context_is_not_duplicated_in_front_inputs) ... ok
test_failed_build_abandons_allocated_revision (tests.skill_req.test_eval_completion.RequirementCriticalEvalCompletionTests.test_failed_build_abandons_allocated_revision) ... ok
test_frozen_effective_revise_allocates_next_revision (tests.skill_req.test_eval_completion.RequirementCriticalEvalCompletionTests.test_frozen_effective_revise_allocates_next_revision) ... ok
test_frozen_no_change_does_not_allocate_new_revision (tests.skill_req.test_eval_completion.RequirementCriticalEvalCompletionTests.test_frozen_no_change_does_not_allocate_new_revision) ... ok
test_non_frozen_ctx_fails_without_fallback_or_req_allocation (tests.skill_req.test_eval_completion.RequirementCriticalEvalCompletionTests.test_non_frozen_ctx_fails_without_fallback_or_req_allocation) ... ok
test_semantic_check_rejects_context_in_inputs (tests.skill_req.test_eval_completion.RequirementCriticalEvalCompletionTests.test_semantic_check_rejects_context_in_inputs) ... ok
test_semantic_check_rejects_unrooted_requirement (tests.skill_req.test_eval_completion.RequirementCriticalEvalCompletionTests.test_semantic_check_rejects_unrooted_requirement) ... ok
test_stale_final_confirmation_persists_core_g_009_failure (tests.skill_req.test_eval_completion.RequirementCriticalEvalCompletionTests.test_stale_final_confirmation_persists_core_g_009_failure) ... ok
test_context_is_not_duplicated_in_front_inputs (skill_req.test_review_fixes.ReviewFixTests.test_context_is_not_duplicated_in_front_inputs) ... ok
test_failed_build_abandons_allocated_revision (skill_req.test_review_fixes.ReviewFixTests.test_failed_build_abandons_allocated_revision) ... ok
test_frozen_no_change_does_not_allocate_new_revision (skill_req.test_review_fixes.ReviewFixTests.test_frozen_no_change_does_not_allocate_new_revision) ... ok
test_semantic_check_rejects_context_in_inputs (skill_req.test_review_fixes.ReviewFixTests.test_semantic_check_rejects_context_in_inputs) ... ok
test_semantic_check_rejects_unrooted_requirement (skill_req.test_review_fixes.ReviewFixTests.test_semantic_check_rejects_unrooted_requirement) ... ok
test_context_is_not_duplicated_in_front_inputs (tests.skill_req.test_review_fixes.ReviewFixTests.test_context_is_not_duplicated_in_front_inputs) ... ok
test_failed_build_abandons_allocated_revision (tests.skill_req.test_review_fixes.ReviewFixTests.test_failed_build_abandons_allocated_revision) ... ok
test_frozen_no_change_does_not_allocate_new_revision (tests.skill_req.test_review_fixes.ReviewFixTests.test_frozen_no_change_does_not_allocate_new_revision) ... ok
test_semantic_check_rejects_context_in_inputs (tests.skill_req.test_review_fixes.ReviewFixTests.test_semantic_check_rejects_context_in_inputs) ... ok
test_semantic_check_rejects_unrooted_requirement (tests.skill_req.test_review_fixes.ReviewFixTests.test_semantic_check_rejects_unrooted_requirement) ... ok
test_check_missing_store_does_not_create_runtime (tests.skill_req.test_runtime.RequirementRuntimeTests.test_check_missing_store_does_not_create_runtime) ... ok
test_complete_create_freezes_ready_requirement (tests.skill_req.test_runtime.RequirementRuntimeTests.test_complete_create_freezes_ready_requirement) ... ok
test_cycle_fails_requirement_gate (tests.skill_req.test_runtime.RequirementRuntimeTests.test_cycle_fails_requirement_gate) ... ok
test_frozen_check_is_read_only_and_complete (tests.skill_req.test_runtime.RequirementRuntimeTests.test_frozen_check_is_read_only_and_complete) ... ok
test_missing_content_persists_waiting_input (tests.skill_req.test_runtime.RequirementRuntimeTests.test_missing_content_persists_waiting_input) ... ok
test_missing_write_authorization_creates_no_req (tests.skill_req.test_runtime.RequirementRuntimeTests.test_missing_write_authorization_creates_no_req) ... ok
test_open_revision_is_revised_in_place (tests.skill_req.test_runtime.RequirementRuntimeTests.test_open_revision_is_revised_in_place) ... ok
test_authorization_contains_complete_contract_digests (tests.skill_rls.test_authorization_binding.RlsAuthorizationCompleteBindingTests.test_authorization_contains_complete_contract_digests) ... ok
test_confirmation_contract_drift_invalidates_current_authorization (tests.skill_rls.test_authorization_binding.RlsAuthorizationCompleteBindingTests.test_confirmation_contract_drift_invalidates_current_authorization) ... ok
test_every_release_contract_field_is_digest_bound (tests.skill_rls.test_authorization_binding.RlsAuthorizationCompleteBindingTests.test_every_release_contract_field_is_digest_bound) ... ok
test_historical_authorization_still_detects_contract_drift (tests.skill_rls.test_authorization_binding.RlsAuthorizationCompleteBindingTests.test_historical_authorization_still_detects_contract_drift) ... ok
test_historical_authorization_survives_only_legal_outcome_fields (tests.skill_rls.test_authorization_binding.RlsAuthorizationCompleteBindingTests.test_historical_authorization_survives_only_legal_outcome_fields) ... ok
test_invalid_validity_window_is_rejected_at_issue_time (tests.skill_rls.test_authorization_binding.RlsAuthorizationCompleteBindingTests.test_invalid_validity_window_is_rejected_at_issue_time) ... ok
test_item_result_transition_invalidates_reuse_of_old_authorization (tests.skill_rls.test_authorization_binding.RlsAuthorizationCompleteBindingTests.test_item_result_transition_invalidates_reuse_of_old_authorization) ... ok
test_selected_rli_source_or_prerequisite_drift_invalidates (tests.skill_rls.test_authorization_binding.RlsAuthorizationCompleteBindingTests.test_selected_rli_source_or_prerequisite_drift_invalidates) ... ok
test_terminal_rli_cannot_receive_new_authorization (tests.skill_rls.test_authorization_binding.RlsAuthorizationCompleteBindingTests.test_terminal_rli_cannot_receive_new_authorization) ... ok
test_unselected_rli_drift_also_invalidates_current_authorization (tests.skill_rls.test_authorization_binding.RlsAuthorizationCompleteBindingTests.test_unselected_rli_drift_also_invalidates_current_authorization) ... ok
test_cancel_evidence_becomes_exact_supporting_member (tests.skill_rls.test_canonical_contract.RlsCanonicalContractTests.test_cancel_evidence_becomes_exact_supporting_member) ... ok
test_duplicate_evidence_reference_is_rejected (tests.skill_rls.test_canonical_contract.RlsCanonicalContractTests.test_duplicate_evidence_reference_is_rejected) ... ok
test_primary_is_deterministic_and_has_all_fixed_sections (tests.skill_rls.test_canonical_contract.RlsCanonicalContractTests.test_primary_is_deterministic_and_has_all_fixed_sections) ... ok
test_primary_tamper_is_rejected_even_when_state_is_unchanged (tests.skill_rls.test_canonical_contract.RlsCanonicalContractTests.test_primary_tamper_is_rejected_even_when_state_is_unchanged) ... ok
test_rehashed_but_wrong_embedded_evidence_is_rejected (tests.skill_rls.test_canonical_contract.RlsCanonicalContractTests.test_rehashed_but_wrong_embedded_evidence_is_rejected) ... ok
test_state_member_is_first_and_round_trips (tests.skill_rls.test_canonical_contract.RlsCanonicalContractTests.test_state_member_is_first_and_round_trips) ... ok
test_historical_e001_interface (tests.skill_rls.test_critical_cases_001_030.RlsCriticalCases001030.test_historical_e001_interface) ... ok
test_historical_e002_interface (tests.skill_rls.test_critical_cases_001_030.RlsCriticalCases001030.test_historical_e002_interface) ... ok
test_historical_e003_interface (tests.skill_rls.test_critical_cases_001_030.RlsCriticalCases001030.test_historical_e003_interface) ... ok
test_historical_e004_interface (tests.skill_rls.test_critical_cases_001_030.RlsCriticalCases001030.test_historical_e004_interface) ... ok
test_historical_e005_interface (tests.skill_rls.test_critical_cases_001_030.RlsCriticalCases001030.test_historical_e005_interface) ... ok
test_historical_e006_interface (tests.skill_rls.test_critical_cases_001_030.RlsCriticalCases001030.test_historical_e006_interface) ... ok
test_historical_e007_interface (tests.skill_rls.test_critical_cases_001_030.RlsCriticalCases001030.test_historical_e007_interface) ... ok
test_historical_e008_interface (tests.skill_rls.test_critical_cases_001_030.RlsCriticalCases001030.test_historical_e008_interface) ... ok
test_historical_e009_interface (tests.skill_rls.test_critical_cases_001_030.RlsCriticalCases001030.test_historical_e009_interface) ... ok
test_historical_e010_applicability (tests.skill_rls.test_critical_cases_001_030.RlsCriticalCases001030.test_historical_e010_applicability) ... ok
test_historical_e011_applicability (tests.skill_rls.test_critical_cases_001_030.RlsCriticalCases001030.test_historical_e011_applicability) ... ok
test_historical_e012_applicability (tests.skill_rls.test_critical_cases_001_030.RlsCriticalCases001030.test_historical_e012_applicability) ... ok
test_historical_e013_applicability (tests.skill_rls.test_critical_cases_001_030.RlsCriticalCases001030.test_historical_e013_applicability) ... ok
test_historical_e014_applicability (tests.skill_rls.test_critical_cases_001_030.RlsCriticalCases001030.test_historical_e014_applicability) ... ok
test_historical_e015_applicability (tests.skill_rls.test_critical_cases_001_030.RlsCriticalCases001030.test_historical_e015_applicability) ... ok
test_historical_e016_applicability (tests.skill_rls.test_critical_cases_001_030.RlsCriticalCases001030.test_historical_e016_applicability) ... ok
test_historical_e017_applicability (tests.skill_rls.test_critical_cases_001_030.RlsCriticalCases001030.test_historical_e017_applicability) ... ok
test_historical_e018_applicability (tests.skill_rls.test_critical_cases_001_030.RlsCriticalCases001030.test_historical_e018_applicability) ... ok
test_historical_e019_applicability (tests.skill_rls.test_critical_cases_001_030.RlsCriticalCases001030.test_historical_e019_applicability) ... ok
test_historical_e020_applicability (tests.skill_rls.test_critical_cases_001_030.RlsCriticalCases001030.test_historical_e020_applicability) ... ok
test_historical_e021_applicability (tests.skill_rls.test_critical_cases_001_030.RlsCriticalCases001030.test_historical_e021_applicability) ... ok
test_historical_e022_applicability (tests.skill_rls.test_critical_cases_001_030.RlsCriticalCases001030.test_historical_e022_applicability) ... ok
test_historical_e023_applicability (tests.skill_rls.test_critical_cases_001_030.RlsCriticalCases001030.test_historical_e023_applicability) ... ok
test_historical_e024_applicability (tests.skill_rls.test_critical_cases_001_030.RlsCriticalCases001030.test_historical_e024_applicability) ... ok
test_historical_e025_contract (tests.skill_rls.test_critical_cases_001_030.RlsCriticalCases001030.test_historical_e025_contract) ... ok
test_historical_e026_contract (tests.skill_rls.test_critical_cases_001_030.RlsCriticalCases001030.test_historical_e026_contract) ... ok
test_historical_e027_contract (tests.skill_rls.test_critical_cases_001_030.RlsCriticalCases001030.test_historical_e027_contract) ... ok
test_historical_e028_contract (tests.skill_rls.test_critical_cases_001_030.RlsCriticalCases001030.test_historical_e028_contract) ... ok
test_historical_e029_contract (tests.skill_rls.test_critical_cases_001_030.RlsCriticalCases001030.test_historical_e029_contract) ... ok
test_historical_e030_contract (tests.skill_rls.test_critical_cases_001_030.RlsCriticalCases001030.test_historical_e030_contract) ... ok
test_historical_e031_contract (tests.skill_rls.test_critical_cases_031_060.RlsCriticalCases031060.test_historical_e031_contract) ... ok
test_historical_e032_authorization (tests.skill_rls.test_critical_cases_031_060.RlsCriticalCases031060.test_historical_e032_authorization) ... ok
test_historical_e033_authorization (tests.skill_rls.test_critical_cases_031_060.RlsCriticalCases031060.test_historical_e033_authorization) ... ok
test_historical_e034_authorization (tests.skill_rls.test_critical_cases_031_060.RlsCriticalCases031060.test_historical_e034_authorization) ... ok
test_historical_e035_authorization (tests.skill_rls.test_critical_cases_031_060.RlsCriticalCases031060.test_historical_e035_authorization) ... ok
test_historical_e036_authorization (tests.skill_rls.test_critical_cases_031_060.RlsCriticalCases031060.test_historical_e036_authorization) ... ok
test_historical_e037_authorization (tests.skill_rls.test_critical_cases_031_060.RlsCriticalCases031060.test_historical_e037_authorization) ... ok
test_historical_e038_authorization (tests.skill_rls.test_critical_cases_031_060.RlsCriticalCases031060.test_historical_e038_authorization) ... ok
test_historical_e039_authorization (tests.skill_rls.test_critical_cases_031_060.RlsCriticalCases031060.test_historical_e039_authorization) ... ok
test_historical_e040_authorization (tests.skill_rls.test_critical_cases_031_060.RlsCriticalCases031060.test_historical_e040_authorization) ... ok
test_historical_e041_releaseitem (tests.skill_rls.test_critical_cases_031_060.RlsCriticalCases031060.test_historical_e041_releaseitem) ... ok
test_historical_e042_releaseitem (tests.skill_rls.test_critical_cases_031_060.RlsCriticalCases031060.test_historical_e042_releaseitem) ... ok
test_historical_e043_releaseitem (tests.skill_rls.test_critical_cases_031_060.RlsCriticalCases031060.test_historical_e043_releaseitem) ... ok
test_historical_e044_releaseitem (tests.skill_rls.test_critical_cases_031_060.RlsCriticalCases031060.test_historical_e044_releaseitem) ... ok
test_historical_e045_releaseitem (tests.skill_rls.test_critical_cases_031_060.RlsCriticalCases031060.test_historical_e045_releaseitem) ... ok
test_historical_e046_releaseitem (tests.skill_rls.test_critical_cases_031_060.RlsCriticalCases031060.test_historical_e046_releaseitem) ... ok
test_historical_e047_releaseitem (tests.skill_rls.test_critical_cases_031_060.RlsCriticalCases031060.test_historical_e047_releaseitem) ... ok
test_historical_e048_releaseitem (tests.skill_rls.test_critical_cases_031_060.RlsCriticalCases031060.test_historical_e048_releaseitem) ... ok
test_historical_e049_releaseitem (tests.skill_rls.test_critical_cases_031_060.RlsCriticalCases031060.test_historical_e049_releaseitem) ... ok
test_historical_e050_releaseitem (tests.skill_rls.test_critical_cases_031_060.RlsCriticalCases031060.test_historical_e050_releaseitem) ... ok
test_historical_e051_confirmation (tests.skill_rls.test_critical_cases_031_060.RlsCriticalCases031060.test_historical_e051_confirmation) ... ok
test_historical_e052_confirmation (tests.skill_rls.test_critical_cases_031_060.RlsCriticalCases031060.test_historical_e052_confirmation) ... ok
test_historical_e053_confirmation (tests.skill_rls.test_critical_cases_031_060.RlsCriticalCases031060.test_historical_e053_confirmation) ... ok
test_historical_e054_confirmation (tests.skill_rls.test_critical_cases_031_060.RlsCriticalCases031060.test_historical_e054_confirmation) ... ok
test_historical_e055_confirmation (tests.skill_rls.test_critical_cases_031_060.RlsCriticalCases031060.test_historical_e055_confirmation) ... ok
test_historical_e056_confirmation (tests.skill_rls.test_critical_cases_031_060.RlsCriticalCases031060.test_historical_e056_confirmation) ... ok
test_historical_e057_confirmation (tests.skill_rls.test_critical_cases_031_060.RlsCriticalCases031060.test_historical_e057_confirmation) ... ok
test_historical_e058_confirmation (tests.skill_rls.test_critical_cases_031_060.RlsCriticalCases031060.test_historical_e058_confirmation) ... ok
test_historical_e059_confirmation (tests.skill_rls.test_critical_cases_031_060.RlsCriticalCases031060.test_historical_e059_confirmation) ... ok
test_historical_e060_confirmation (tests.skill_rls.test_critical_cases_031_060.RlsCriticalCases031060.test_historical_e060_confirmation) ... ok
test_historical_e061_conclusion (tests.skill_rls.test_critical_cases_061_087.RlsCriticalCases061087.test_historical_e061_conclusion) ... ok
test_historical_e062_conclusion (tests.skill_rls.test_critical_cases_061_087.RlsCriticalCases061087.test_historical_e062_conclusion) ... ok
test_historical_e063_conclusion (tests.skill_rls.test_critical_cases_061_087.RlsCriticalCases061087.test_historical_e063_conclusion) ... ok
test_historical_e064_conclusion (tests.skill_rls.test_critical_cases_061_087.RlsCriticalCases061087.test_historical_e064_conclusion) ... ok
test_historical_e065_conclusion (tests.skill_rls.test_critical_cases_061_087.RlsCriticalCases061087.test_historical_e065_conclusion) ... ok
test_historical_e066_conclusion (tests.skill_rls.test_critical_cases_061_087.RlsCriticalCases061087.test_historical_e066_conclusion) ... ok
test_historical_e067_conclusion (tests.skill_rls.test_critical_cases_061_087.RlsCriticalCases061087.test_historical_e067_conclusion) ... ok
test_historical_e068_conclusion (tests.skill_rls.test_critical_cases_061_087.RlsCriticalCases061087.test_historical_e068_conclusion) ... ok
test_historical_e069_conclusion (tests.skill_rls.test_critical_cases_061_087.RlsCriticalCases061087.test_historical_e069_conclusion) ... ok
test_historical_e070_conclusion (tests.skill_rls.test_critical_cases_061_087.RlsCriticalCases061087.test_historical_e070_conclusion) ... ok
test_historical_e071_conclusion (tests.skill_rls.test_critical_cases_061_087.RlsCriticalCases061087.test_historical_e071_conclusion) ... ok
test_historical_e072_revision (tests.skill_rls.test_critical_cases_061_087.RlsCriticalCases061087.test_historical_e072_revision) ... ok
test_historical_e073_revision (tests.skill_rls.test_critical_cases_061_087.RlsCriticalCases061087.test_historical_e073_revision) ... ok
test_historical_e074_revision (tests.skill_rls.test_critical_cases_061_087.RlsCriticalCases061087.test_historical_e074_revision) ... ok
test_historical_e075_revision (tests.skill_rls.test_critical_cases_061_087.RlsCriticalCases061087.test_historical_e075_revision) ... ok
test_historical_e076_revision (tests.skill_rls.test_critical_cases_061_087.RlsCriticalCases061087.test_historical_e076_revision) ... ok
test_historical_e077_revision (tests.skill_rls.test_critical_cases_061_087.RlsCriticalCases061087.test_historical_e077_revision) ... ok
test_historical_e078_revision (tests.skill_rls.test_critical_cases_061_087.RlsCriticalCases061087.test_historical_e078_revision) ... ok
test_historical_e079_revision (tests.skill_rls.test_critical_cases_061_087.RlsCriticalCases061087.test_historical_e079_revision) ... ok
test_historical_e080_revision (tests.skill_rls.test_critical_cases_061_087.RlsCriticalCases061087.test_historical_e080_revision) ... ok
test_historical_e081_lifecycle (tests.skill_rls.test_critical_cases_061_087.RlsCriticalCases061087.test_historical_e081_lifecycle) ... ok
test_historical_e082_lifecycle (tests.skill_rls.test_critical_cases_061_087.RlsCriticalCases061087.test_historical_e082_lifecycle) ... ok
test_historical_e083_lifecycle (tests.skill_rls.test_critical_cases_061_087.RlsCriticalCases061087.test_historical_e083_lifecycle) ... ok
test_historical_e084_lifecycle (tests.skill_rls.test_critical_cases_061_087.RlsCriticalCases061087.test_historical_e084_lifecycle) ... ok
test_historical_e085_lifecycle (tests.skill_rls.test_critical_cases_061_087.RlsCriticalCases061087.test_historical_e085_lifecycle) ... ok
test_historical_e086_lifecycle (tests.skill_rls.test_critical_cases_061_087.RlsCriticalCases061087.test_historical_e086_lifecycle) ... ok
test_historical_e087_lifecycle (tests.skill_rls.test_critical_cases_061_087.RlsCriticalCases061087.test_historical_e087_lifecycle) ... ok
test_rls_e001_final (tests.skill_rls.test_critical_cases_final.RlsFinalCriticalCases.test_rls_e001_final) ... ok
test_rls_e002_final (tests.skill_rls.test_critical_cases_final.RlsFinalCriticalCases.test_rls_e002_final) ... ok
test_rls_e003_final (tests.skill_rls.test_critical_cases_final.RlsFinalCriticalCases.test_rls_e003_final) ... ok
test_rls_e004_final (tests.skill_rls.test_critical_cases_final.RlsFinalCriticalCases.test_rls_e004_final) ... ok
test_rls_e005_final (tests.skill_rls.test_critical_cases_final.RlsFinalCriticalCases.test_rls_e005_final) ... ok
test_rls_e006_final (tests.skill_rls.test_critical_cases_final.RlsFinalCriticalCases.test_rls_e006_final) ... ok
test_rls_e007_final (tests.skill_rls.test_critical_cases_final.RlsFinalCriticalCases.test_rls_e007_final) ... ok
test_rls_e008_final (tests.skill_rls.test_critical_cases_final.RlsFinalCriticalCases.test_rls_e008_final) ... ok
test_rls_e009_final (tests.skill_rls.test_critical_cases_final.RlsFinalCriticalCases.test_rls_e009_final) ... ok
test_rls_e010_final (tests.skill_rls.test_critical_cases_final.RlsFinalCriticalCases.test_rls_e010_final) ... ok
test_rls_e011_final (tests.skill_rls.test_critical_cases_final.RlsFinalCriticalCases.test_rls_e011_final) ... ok
test_rls_e012_final (tests.skill_rls.test_critical_cases_final.RlsFinalCriticalCases.test_rls_e012_final) ... ok
test_rls_e013_final (tests.skill_rls.test_critical_cases_final.RlsFinalCriticalCases.test_rls_e013_final) ... ok
test_rls_e014_final (tests.skill_rls.test_critical_cases_final.RlsFinalCriticalCases.test_rls_e014_final) ... ok
test_rls_e015_final (tests.skill_rls.test_critical_cases_final.RlsFinalCriticalCases.test_rls_e015_final) ... ok
test_rls_e016_final (tests.skill_rls.test_critical_cases_final.RlsFinalCriticalCases.test_rls_e016_final) ... ok
test_rls_e017_final (tests.skill_rls.test_critical_cases_final.RlsFinalCriticalCases.test_rls_e017_final) ... ok
test_rls_e018_final (tests.skill_rls.test_critical_cases_final.RlsFinalCriticalCases.test_rls_e018_final) ... ok
test_rls_e019_final (tests.skill_rls.test_critical_cases_final.RlsFinalCriticalCases.test_rls_e019_final) ... ok
test_rls_e020_final (tests.skill_rls.test_critical_cases_final.RlsFinalCriticalCases.test_rls_e020_final) ... ok
test_rls_e021_final (tests.skill_rls.test_critical_cases_final.RlsFinalCriticalCases.test_rls_e021_final) ... ok
test_rls_e022_final (tests.skill_rls.test_critical_cases_final.RlsFinalCriticalCases.test_rls_e022_final) ... ok
test_rls_e023_final (tests.skill_rls.test_critical_cases_final.RlsFinalCriticalCases.test_rls_e023_final) ... ok
test_rls_e024_final (tests.skill_rls.test_critical_cases_final.RlsFinalCriticalCases.test_rls_e024_final) ... ok
test_rls_e025_final (tests.skill_rls.test_critical_cases_final.RlsFinalCriticalCases.test_rls_e025_final) ... ok
test_rls_e026_final (tests.skill_rls.test_critical_cases_final.RlsFinalCriticalCases.test_rls_e026_final) ... ok
test_rls_e027_final (tests.skill_rls.test_critical_cases_final.RlsFinalCriticalCases.test_rls_e027_final) ... ok
test_rls_e028_final (tests.skill_rls.test_critical_cases_final.RlsFinalCriticalCases.test_rls_e028_final) ... ok
test_rls_e029_final (tests.skill_rls.test_critical_cases_final.RlsFinalCriticalCases.test_rls_e029_final) ... ok
test_rls_e030_final (tests.skill_rls.test_critical_cases_final.RlsFinalCriticalCases.test_rls_e030_final) ... ok
test_rls_e031_final (tests.skill_rls.test_critical_cases_final.RlsFinalCriticalCases.test_rls_e031_final) ... ok
test_rls_e032_final (tests.skill_rls.test_critical_cases_final.RlsFinalCriticalCases.test_rls_e032_final) ... ok
test_rls_e033_final (tests.skill_rls.test_critical_cases_final.RlsFinalCriticalCases.test_rls_e033_final) ... ok
test_rls_e034_final (tests.skill_rls.test_critical_cases_final.RlsFinalCriticalCases.test_rls_e034_final) ... ok
test_rls_e035_final (tests.skill_rls.test_critical_cases_final.RlsFinalCriticalCases.test_rls_e035_final) ... ok
test_rls_e036_final (tests.skill_rls.test_critical_cases_final.RlsFinalCriticalCases.test_rls_e036_final) ... ok
test_rls_e037_final (tests.skill_rls.test_critical_cases_final.RlsFinalCriticalCases.test_rls_e037_final) ... ok
test_rls_e038_final (tests.skill_rls.test_critical_cases_final.RlsFinalCriticalCases.test_rls_e038_final) ... ok
test_rls_e039_final (tests.skill_rls.test_critical_cases_final.RlsFinalCriticalCases.test_rls_e039_final) ... ok
test_rls_e040_final (tests.skill_rls.test_critical_cases_final.RlsFinalCriticalCases.test_rls_e040_final) ... ok
test_rls_e041_final (tests.skill_rls.test_critical_cases_final.RlsFinalCriticalCases.test_rls_e041_final) ... ok
test_rls_e042_final (tests.skill_rls.test_critical_cases_final.RlsFinalCriticalCases.test_rls_e042_final) ... ok
test_rls_e043_final (tests.skill_rls.test_critical_cases_final.RlsFinalCriticalCases.test_rls_e043_final) ... ok
test_rls_e044_final (tests.skill_rls.test_critical_cases_final.RlsFinalCriticalCases.test_rls_e044_final) ... ok
test_rls_e045_final (tests.skill_rls.test_critical_cases_final.RlsFinalCriticalCases.test_rls_e045_final) ... ok
test_rls_e046_final (tests.skill_rls.test_critical_cases_final.RlsFinalCriticalCases.test_rls_e046_final) ... ok
test_rls_e047_final (tests.skill_rls.test_critical_cases_final.RlsFinalCriticalCases.test_rls_e047_final) ... ok
test_rls_e048_final (tests.skill_rls.test_critical_cases_final.RlsFinalCriticalCases.test_rls_e048_final) ... ok
test_rls_e049_final (tests.skill_rls.test_critical_cases_final.RlsFinalCriticalCases.test_rls_e049_final) ... ok
test_rls_e050_final (tests.skill_rls.test_critical_cases_final.RlsFinalCriticalCases.test_rls_e050_final) ... ok
test_rls_e051_final (tests.skill_rls.test_critical_cases_final.RlsFinalCriticalCases.test_rls_e051_final) ... ok
test_rls_e052_final (tests.skill_rls.test_critical_cases_final.RlsFinalCriticalCases.test_rls_e052_final) ... ok
test_rls_e053_final (tests.skill_rls.test_critical_cases_final.RlsFinalCriticalCases.test_rls_e053_final) ... ok
test_rls_e054_final (tests.skill_rls.test_critical_cases_final.RlsFinalCriticalCases.test_rls_e054_final) ... ok
test_rls_e055_final (tests.skill_rls.test_critical_cases_final.RlsFinalCriticalCases.test_rls_e055_final) ... ok
test_rls_e056_final (tests.skill_rls.test_critical_cases_final.RlsFinalCriticalCases.test_rls_e056_final) ... ok
test_rls_e057_final (tests.skill_rls.test_critical_cases_final.RlsFinalCriticalCases.test_rls_e057_final) ... ok
test_rls_e058_final (tests.skill_rls.test_critical_cases_final.RlsFinalCriticalCases.test_rls_e058_final) ... ok
test_rls_e059_final (tests.skill_rls.test_critical_cases_final.RlsFinalCriticalCases.test_rls_e059_final) ... ok
test_rls_e060_final (tests.skill_rls.test_critical_cases_final.RlsFinalCriticalCases.test_rls_e060_final) ... ok
test_rls_e061_final (tests.skill_rls.test_critical_cases_final.RlsFinalCriticalCases.test_rls_e061_final) ... ok
test_rls_e062_final (tests.skill_rls.test_critical_cases_final.RlsFinalCriticalCases.test_rls_e062_final) ... ok
test_rls_e063_final (tests.skill_rls.test_critical_cases_final.RlsFinalCriticalCases.test_rls_e063_final) ... ok
test_rls_e064_final (tests.skill_rls.test_critical_cases_final.RlsFinalCriticalCases.test_rls_e064_final) ... ok
test_rls_e065_final (tests.skill_rls.test_critical_cases_final.RlsFinalCriticalCases.test_rls_e065_final) ... ok
test_rls_e066_final (tests.skill_rls.test_critical_cases_final.RlsFinalCriticalCases.test_rls_e066_final) ... ok
test_rls_e067_final (tests.skill_rls.test_critical_cases_final.RlsFinalCriticalCases.test_rls_e067_final) ... ok
test_rls_e068_final (tests.skill_rls.test_critical_cases_final.RlsFinalCriticalCases.test_rls_e068_final) ... ok
test_rls_e069_final (tests.skill_rls.test_critical_cases_final.RlsFinalCriticalCases.test_rls_e069_final) ... ok
test_rls_e070_final (tests.skill_rls.test_critical_cases_final.RlsFinalCriticalCases.test_rls_e070_final) ... ok
test_rls_e071_final (tests.skill_rls.test_critical_cases_final.RlsFinalCriticalCases.test_rls_e071_final) ... ok
test_rls_e072_final (tests.skill_rls.test_critical_cases_final.RlsFinalCriticalCases.test_rls_e072_final) ... ok
test_rls_e073_final (tests.skill_rls.test_critical_cases_final.RlsFinalCriticalCases.test_rls_e073_final) ... ok
test_rls_e074_final (tests.skill_rls.test_critical_cases_final.RlsFinalCriticalCases.test_rls_e074_final) ... ok
test_rls_e075_final (tests.skill_rls.test_critical_cases_final.RlsFinalCriticalCases.test_rls_e075_final) ... ok
test_rls_e076_final (tests.skill_rls.test_critical_cases_final.RlsFinalCriticalCases.test_rls_e076_final) ... ok
test_rls_e077_final (tests.skill_rls.test_critical_cases_final.RlsFinalCriticalCases.test_rls_e077_final) ... ok
test_rls_e078_final (tests.skill_rls.test_critical_cases_final.RlsFinalCriticalCases.test_rls_e078_final) ... ok
test_rls_e079_final (tests.skill_rls.test_critical_cases_final.RlsFinalCriticalCases.test_rls_e079_final) ... ok
test_rls_e080_final (tests.skill_rls.test_critical_cases_final.RlsFinalCriticalCases.test_rls_e080_final) ... ok
test_rls_e081_final (tests.skill_rls.test_critical_cases_final.RlsFinalCriticalCases.test_rls_e081_final) ... ok
test_rls_e082_final (tests.skill_rls.test_critical_cases_final.RlsFinalCriticalCases.test_rls_e082_final) ... ok
test_rls_e083_final (tests.skill_rls.test_critical_cases_final.RlsFinalCriticalCases.test_rls_e083_final) ... ok
test_rls_e084_final (tests.skill_rls.test_critical_cases_final.RlsFinalCriticalCases.test_rls_e084_final) ... ok
test_rls_e085_final (tests.skill_rls.test_critical_cases_final.RlsFinalCriticalCases.test_rls_e085_final) ... ok
test_rls_e086_final (tests.skill_rls.test_critical_cases_final.RlsFinalCriticalCases.test_rls_e086_final) ... ok
test_rls_e087_final (tests.skill_rls.test_critical_cases_final.RlsFinalCriticalCases.test_rls_e087_final) ... ok
test_carried_exception_resolves_only_with_all_target_results_and_evidence (tests.skill_rls.test_current_exceptions.CurrentRlsExceptionTests.test_carried_exception_resolves_only_with_all_target_results_and_evidence) ... ok
test_carried_method_target_or_exception_source_cannot_be_removed (tests.skill_rls.test_current_exceptions.CurrentRlsExceptionTests.test_carried_method_target_or_exception_source_cannot_be_removed) ... ok
test_failure_before_effect_keeps_carried_exception_with_accurate_failed_gate (tests.skill_rls.test_current_exceptions.CurrentRlsExceptionTests.test_failure_before_effect_keeps_carried_exception_with_accurate_failed_gate) ... ok
test_rewaived_obligation_requires_current_host_risk_grant_and_human_confirmation (tests.skill_rls.test_current_exceptions.CurrentRlsExceptionTests.test_rewaived_obligation_requires_current_host_risk_grant_and_human_confirmation) ... ok
test_changed_original_expected_is_rejected (tests.skill_rls.test_delivery_guards.DeliveryGuardTests.test_changed_original_expected_is_rejected) ... ok
test_external_snapshot_detects_bytes_and_modes_without_index_changes (tests.skill_rls.test_delivery_guards.DeliveryGuardTests.test_external_snapshot_detects_bytes_and_modes_without_index_changes) ... ok
test_external_snapshot_hashes_symlink_itself_without_following_source (tests.skill_rls.test_delivery_guards.DeliveryGuardTests.test_external_snapshot_hashes_symlink_itself_without_following_source) ... ok
test_missing_primary_writes_failure_json (tests.skill_rls.test_delivery_guards.DeliveryGuardTests.test_missing_primary_writes_failure_json) ... ok
test_missing_process_records_real_exit_and_stream_digests (tests.skill_rls.test_delivery_guards.DeliveryGuardTests.test_missing_process_records_real_exit_and_stream_digests) ... ok
test_skipped_execution_is_never_a_fixed_eval_pass (tests.skill_rls.test_delivery_guards.DeliveryGuardTests.test_skipped_execution_is_never_a_fixed_eval_pass) ... ok
test_source_whitelist_has_no_wildcard_tools_or_vfy_mutations (tests.skill_rls.test_delivery_guards.DeliveryGuardTests.test_source_whitelist_has_no_wildcard_tools_or_vfy_mutations) ... ok
test_wrong_exact_source_still_outputs_failure_json (tests.skill_rls.test_delivery_guards.DeliveryGuardTests.test_wrong_exact_source_still_outputs_failure_json) ... ok
test_business_clock_cannot_extend_grant (tests.skill_rls.test_effect_safety.RlsEffectSafetyTests.test_business_clock_cannot_extend_grant) ... ok
test_consumed_grant_cannot_replay_even_on_fresh_object (tests.skill_rls.test_effect_safety.RlsEffectSafetyTests.test_consumed_grant_cannot_replay_even_on_fresh_object) ... ok
test_effect_then_cas_failure_preserves_recovery_observation (tests.skill_rls.test_effect_safety.RlsEffectSafetyTests.test_effect_then_cas_failure_preserves_recovery_observation) ... ok
test_evidence_reference_path_escape_is_rejected (tests.skill_rls.test_effect_safety.RlsEffectSafetyTests.test_evidence_reference_path_escape_is_rejected) ... ok
test_evidence_write_failure_retains_uncertain_target_effect (tests.skill_rls.test_effect_safety.RlsEffectSafetyTests.test_evidence_write_failure_retains_uncertain_target_effect) ... ok
test_expired_grant_rejected_before_any_new_target_effect (tests.skill_rls.test_effect_safety.RlsEffectSafetyTests.test_expired_grant_rejected_before_any_new_target_effect) ... ok
test_forged_json_has_no_host_grant_or_target_effect (tests.skill_rls.test_effect_safety.RlsEffectSafetyTests.test_forged_json_has_no_host_grant_or_target_effect) ... ok
test_immutable_evidence_rewrite_is_rejected (tests.skill_rls.test_effect_safety.RlsEffectSafetyTests.test_immutable_evidence_rewrite_is_rejected) ... ok
test_noop_cannot_fabricate_success_on_initial_target (tests.skill_rls.test_effect_safety.RlsEffectSafetyTests.test_noop_cannot_fabricate_success_on_initial_target) ... ok
test_second_exception_retains_first_effect_and_blocks_cancel (tests.skill_rls.test_effect_safety.RlsEffectSafetyTests.test_second_exception_retains_first_effect_and_blocks_cancel) ... ok
test_symlinked_evidence_directory_cannot_write_outside (tests.skill_rls.test_effect_safety.RlsEffectSafetyTests.test_symlinked_evidence_directory_cannot_write_outside) ... ok
test_symlinked_root_and_path_traversal_are_rejected (tests.skill_rls.test_effect_safety.RlsEffectSafetyTests.test_symlinked_root_and_path_traversal_are_rejected) ... ok
test_symlinked_state_cannot_read_or_modify_outside_file (tests.skill_rls.test_effect_safety.RlsEffectSafetyTests.test_symlinked_state_cannot_read_or_modify_outside_file) ... ok
test_target_drift_prevents_effect_and_grant_consumption (tests.skill_rls.test_effect_safety.RlsEffectSafetyTests.test_target_drift_prevents_effect_and_grant_consumption) ... ok
test_target_location_is_part_of_authorized_contract (tests.skill_rls.test_effect_safety.RlsEffectSafetyTests.test_target_location_is_part_of_authorized_contract) ... ok
test_cancel_event_binds_exact_artifact_target_and_rows (tests.skill_rls.test_evidence_binding.RlsEvidenceBindingTests.test_cancel_event_binds_exact_artifact_target_and_rows) ... ok
test_cancel_rejects_out_of_band_target_drift (tests.skill_rls.test_evidence_binding.RlsEvidenceBindingTests.test_cancel_rejects_out_of_band_target_drift) ... ok
test_rehashed_cancel_event_cannot_change_artifact_identity (tests.skill_rls.test_evidence_binding.RlsEvidenceBindingTests.test_rehashed_cancel_event_cannot_change_artifact_identity) ... ok
test_rehashed_cancel_event_cannot_change_target (tests.skill_rls.test_evidence_binding.RlsEvidenceBindingTests.test_rehashed_cancel_event_cannot_change_target) ... ok
test_rehashed_cancel_event_cannot_drop_one_rli_binding (tests.skill_rls.test_evidence_binding.RlsEvidenceBindingTests.test_rehashed_cancel_event_cannot_drop_one_rli_binding) ... ok
test_second_cancel_has_no_pending_rows_and_is_rejected (tests.skill_rls.test_evidence_binding.RlsEvidenceBindingTests.test_second_cancel_has_no_pending_rows_and_is_rejected) ... ok
test_unreferenced_evidence_is_rejected (tests.skill_rls.test_evidence_binding.RlsEvidenceBindingTests.test_unreferenced_evidence_is_rejected) ... ok
test_cancel_rejects_out_of_band_target_drift (tests.skill_rls.test_fake_target.SandboxTargetTests.test_cancel_rejects_out_of_band_target_drift) ... ok
test_cleanup_removes_only_dedicated_temp_target (tests.skill_rls.test_fake_target.SandboxTargetTests.test_cleanup_removes_only_dedicated_temp_target) ... ok
test_complete_effect_authorization_is_preserved_as_audit_history (tests.skill_rls.test_fake_target.SandboxTargetTests.test_complete_effect_authorization_is_preserved_as_audit_history) ... ok
test_evidence_is_content_addressed_and_readable (tests.skill_rls.test_fake_target.SandboxTargetTests.test_evidence_is_content_addressed_and_readable) ... ok
test_evidence_tamper_is_detected (tests.skill_rls.test_fake_target.SandboxTargetTests.test_evidence_tamper_is_detected) ... ok
test_execute_rejects_baseline_drift_before_new_effect_or_evidence (tests.skill_rls.test_fake_target.SandboxTargetTests.test_execute_rejects_baseline_drift_before_new_effect_or_evidence) ... ok
test_execute_rejects_drift_from_last_observed_rls_snapshot (tests.skill_rls.test_fake_target.SandboxTargetTests.test_execute_rejects_drift_from_last_observed_rls_snapshot) ... ok
test_failure_has_evidence_but_no_target_effect (tests.skill_rls.test_fake_target.SandboxTargetTests.test_failure_has_evidence_but_no_target_effect) ... ok
test_historical_execution_scenario_retains_health_with_version (tests.skill_rls.test_fake_target.SandboxTargetTests.test_historical_execution_scenario_retains_health_with_version) ... ok
test_initial_baseline_detects_partial_state_without_a_version (tests.skill_rls.test_fake_target.SandboxTargetTests.test_initial_baseline_detects_partial_state_without_a_version) ... ok
test_initial_baseline_is_read_only_and_does_not_materialize (tests.skill_rls.test_fake_target.SandboxTargetTests.test_initial_baseline_is_read_only_and_does_not_materialize) ... ok
test_no_op_preserves_target_state (tests.skill_rls.test_fake_target.SandboxTargetTests.test_no_op_preserves_target_state) ... ok
test_original_prose_fixture_remains_unsupported (tests.skill_rls.test_fake_target.SandboxTargetTests.test_original_prose_fixture_remains_unsupported) ... ok
test_partial_records_partial_effect (tests.skill_rls.test_fake_target.SandboxTargetTests.test_partial_records_partial_effect) ... ok
test_secret_is_rejected_before_human_confirmation_evidence_is_written (tests.skill_rls.test_fake_target.SandboxTargetTests.test_secret_is_rejected_before_human_confirmation_evidence_is_written) ... ok
test_success_writes_exact_version (tests.skill_rls.test_fake_target.SandboxTargetTests.test_success_writes_exact_version) ... ok
test_target_identity_mismatch_is_rejected_before_effect (tests.skill_rls.test_fake_target.SandboxTargetTests.test_target_identity_mismatch_is_rejected_before_effect) ... ok
test_applicability_cannot_self_report_n_a_or_pending (tests.skill_rls.test_final_boundaries.FinalVfyBoundaryTests.test_applicability_cannot_self_report_n_a_or_pending) ... ok
test_control_input_cannot_omit_authority_or_self_report_resolution (tests.skill_rls.test_final_boundaries.FinalVfyBoundaryTests.test_control_input_cannot_omit_authority_or_self_report_resolution) ... ok
test_current_imp_claim_result_digest_and_scope_are_recomputed (tests.skill_rls.test_final_boundaries.FinalVfyBoundaryTests.test_current_imp_claim_result_digest_and_scope_are_recomputed) ... ok
test_existing_auto_reads_current_rls_without_allocating_another_artifact (tests.skill_rls.test_final_boundaries.FinalVfyBoundaryTests.test_existing_auto_reads_current_rls_without_allocating_another_artifact) ... ok
test_expired_or_wrong_scope_exception_is_not_current_authority (tests.skill_rls.test_final_boundaries.FinalVfyBoundaryTests.test_expired_or_wrong_scope_exception_is_not_current_authority) ... ok
test_missing_actual_vfy_evidence_member_is_rejected (tests.skill_rls.test_final_boundaries.FinalVfyBoundaryTests.test_missing_actual_vfy_evidence_member_is_rejected) ... ok
test_new_target_location_with_same_id_cannot_silently_reuse (tests.skill_rls.test_final_boundaries.FinalVfyBoundaryTests.test_new_target_location_with_same_id_cannot_silently_reuse) ... ok
test_producer_full_state_digest_and_24_wire_fields_differential (tests.skill_rls.test_final_boundaries.FinalVfyBoundaryTests.test_producer_full_state_digest_and_24_wire_fields_differential) ... ok
test_real_frozen_early_stop_and_return_are_rejected (tests.skill_rls.test_final_boundaries.FinalVfyBoundaryTests.test_real_frozen_early_stop_and_return_are_rejected) ... ok
test_real_open_pending_vfy_cannot_be_release_authority (tests.skill_rls.test_final_boundaries.FinalVfyBoundaryTests.test_real_open_pending_vfy_cannot_be_release_authority) ... ok
test_abandoned_materialized_and_failed_first_write_reservation (tests.skill_rls.test_final_lifecycle.FinalRlsLifecycleTests.test_abandoned_materialized_and_failed_first_write_reservation) ... ok
test_frozen_projection_requires_valid_core_authority (tests.skill_rls.test_final_lifecycle.FinalRlsLifecycleTests.test_frozen_projection_requires_valid_core_authority) ... ok
test_frozen_return_dsn_reads_real_control_owner (tests.skill_rls.test_final_lifecycle.FinalRlsLifecycleTests.test_frozen_return_dsn_reads_real_control_owner) ... ok
test_frozen_return_pln_reads_real_control_owner (tests.skill_rls.test_final_lifecycle.FinalRlsLifecycleTests.test_frozen_return_pln_reads_real_control_owner) ... ok
test_open_waits_and_status_interface_preserve_vfy_and_do_not_write (tests.skill_rls.test_final_lifecycle.FinalRlsLifecycleTests.test_open_waits_and_status_interface_preserve_vfy_and_do_not_write) ... ok
test_retry_replaces_one_revision_and_new_target_requires_selection (tests.skill_rls.test_final_lifecycle.FinalRlsLifecycleTests.test_retry_replaces_one_revision_and_new_target_requires_selection) ... ok
test_authorization_history_cannot_be_rewritten (tests.skill_rls.test_final_store.RlsFinalStoreTests.test_authorization_history_cannot_be_rewritten) ... ok
test_cas_conflict_preserves_winning_revision (tests.skill_rls.test_final_store.RlsFinalStoreTests.test_cas_conflict_preserves_winning_revision) ... ok
test_context_profile_input_and_gate_tamper_cannot_freeze (tests.skill_rls.test_final_store.RlsFinalStoreTests.test_context_profile_input_and_gate_tamper_cannot_freeze) ... ok
test_freeze_cannot_ignore_domain_false (tests.skill_rls.test_final_store.RlsFinalStoreTests.test_freeze_cannot_ignore_domain_false) ... ok
test_frozen_revision_cannot_be_rewritten (tests.skill_rls.test_final_store.RlsFinalStoreTests.test_frozen_revision_cannot_be_rewritten) ... ok
test_primary_state_member_manifest_cross_checks (tests.skill_rls.test_final_store.RlsFinalStoreTests.test_primary_state_member_manifest_cross_checks) ... ok
test_rehashed_supporting_state_cannot_disagree_with_primary (tests.skill_rls.test_final_store.RlsFinalStoreTests.test_rehashed_supporting_state_cannot_disagree_with_primary) ... ok
test_stale_payload_binding_cannot_freeze (tests.skill_rls.test_final_store.RlsFinalStoreTests.test_stale_payload_binding_cannot_freeze) ... ok
test_build_payload_is_canonical_and_store_neutral (tests.skill_rls.test_persistence_contract.RlsPersistenceContractTests.test_build_payload_is_canonical_and_store_neutral) ... ok
test_create_and_exact_readback_use_shared_store (tests.skill_rls.test_persistence_contract.RlsPersistenceContractTests.test_create_and_exact_readback_use_shared_store) ... ok
test_readback_requires_exact_numeric_rls_reference (tests.skill_rls.test_persistence_contract.RlsPersistenceContractTests.test_readback_requires_exact_numeric_rls_reference) ... ok
test_stale_generation_cannot_overwrite_open_revision (tests.skill_rls.test_persistence_contract.RlsPersistenceContractTests.test_stale_generation_cannot_overwrite_open_revision) ... ok
test_terminal_state_requires_explicit_staging_mode (tests.skill_rls.test_persistence_contract.RlsPersistenceContractTests.test_terminal_state_requires_explicit_staging_mode) ... ok
test_development_docs_reference_is_rejected (tests.skill_rls.test_preweb_review.RlsPreWebReviewUnitTests.test_development_docs_reference_is_rejected) ... ok
test_final_candidate_field_set_carries_all_downstream_authority (tests.skill_rls.test_preweb_review.RlsPreWebReviewUnitTests.test_final_candidate_field_set_carries_all_downstream_authority) ... ok
test_network_import_is_rejected (tests.skill_rls.test_preweb_review.RlsPreWebReviewUnitTests.test_network_import_is_rejected) ... ok
test_provisional_review_cannot_claim_final_authority (tests.skill_rls.test_preweb_review.RlsPreWebReviewUnitTests.test_provisional_review_cannot_claim_final_authority) ... ok
test_release_capability_literal_is_rejected (tests.skill_rls.test_preweb_review.RlsPreWebReviewUnitTests.test_release_capability_literal_is_rejected) ... ok
test_safe_runtime_source_passes (tests.skill_rls.test_preweb_review.RlsPreWebReviewUnitTests.test_safe_runtime_source_passes) ... ok
test_static_review_never_claims_runtime_or_fixed_eval (tests.skill_rls.test_preweb_review.RlsPreWebReviewUnitTests.test_static_review_never_claims_runtime_or_fixed_eval) ... ok
test_subprocess_call_is_rejected (tests.skill_rls.test_preweb_review.RlsPreWebReviewUnitTests.test_subprocess_call_is_rejected) ... ok
test_changed_vfy_obligation_rebuilds_confirmation_contract (tests.skill_rls.test_revision_candidate_binding.RlsRevisionCandidateBindingTests.test_changed_vfy_obligation_rebuilds_confirmation_contract) ... ok
test_exact_same_candidate_is_no_change (tests.skill_rls.test_revision_candidate_binding.RlsRevisionCandidateBindingTests.test_exact_same_candidate_is_no_change) ... ok
test_explicit_retry_reacquires_baseline_and_authorization (tests.skill_rls.test_revision_candidate_binding.RlsRevisionCandidateBindingTests.test_explicit_retry_reacquires_baseline_and_authorization) ... ok
test_frozen_revision_turns_vfy_delta_into_new_revision (tests.skill_rls.test_revision_candidate_binding.RlsRevisionCandidateBindingTests.test_frozen_revision_turns_vfy_delta_into_new_revision) ... ok
test_open_revision_rejects_vfy_contract_delta (tests.skill_rls.test_revision_candidate_binding.RlsRevisionCandidateBindingTests.test_open_revision_rejects_vfy_contract_delta) ... ok
test_target_change_creates_distinct_artifact (tests.skill_rls.test_revision_candidate_binding.RlsRevisionCandidateBindingTests.test_target_change_creates_distinct_artifact) ... ok
test_all_meta_commands_are_zero_effect (tests.skill_rls.test_runtime.RlsRuntimeTests.test_all_meta_commands_are_zero_effect) ... ok
test_auto_progresses_existing_artifact_without_vfy_payload (tests.skill_rls.test_runtime.RlsRuntimeTests.test_auto_progresses_existing_artifact_without_vfy_payload) ... ok
test_check_runtime_is_read_only (tests.skill_rls.test_runtime.RlsRuntimeTests.test_check_runtime_is_read_only) ... ok
test_create_runtime_never_reports_real_target_effect (tests.skill_rls.test_runtime.RlsRuntimeTests.test_create_runtime_never_reports_real_target_effect) ... ok
test_execute_runtime_requires_authorization (tests.skill_rls.test_runtime.RlsRuntimeTests.test_execute_runtime_requires_authorization) ... ok
test_execute_runtime_with_authorization_is_sandbox_only (tests.skill_rls.test_runtime.RlsRuntimeTests.test_execute_runtime_with_authorization_is_sandbox_only) ... ok
test_interface_declares_required_commands (tests.skill_rls.test_runtime.RlsRuntimeTests.test_interface_declares_required_commands) ... ok
test_item_option_is_repeatable_in_stable_order (tests.skill_rls.test_runtime.RlsRuntimeTests.test_item_option_is_repeatable_in_stable_order) ... ok
test_n_a_runtime_returns_no_artifact (tests.skill_rls.test_runtime.RlsRuntimeTests.test_n_a_runtime_returns_no_artifact) ... ok
test_pending_applicability_is_action_required (tests.skill_rls.test_runtime.RlsRuntimeTests.test_pending_applicability_is_action_required) ... ok
test_reference_and_item_are_separate (tests.skill_rls.test_runtime.RlsRuntimeTests.test_reference_and_item_are_separate) ... ok
test_runtime_binds_input_option_to_adapted_vfy_revision (tests.skill_rls.test_runtime.RlsRuntimeTests.test_runtime_binds_input_option_to_adapted_vfy_revision) ... ok
test_runtime_rejects_mismatched_artifact_reference (tests.skill_rls.test_runtime.RlsRuntimeTests.test_runtime_rejects_mismatched_artifact_reference) ... ok
test_runtime_rejects_target_override_not_bound_by_authorization (tests.skill_rls.test_runtime.RlsRuntimeTests.test_runtime_rejects_target_override_not_bound_by_authorization) ... ok
test_unknown_option_fails_closed (tests.skill_rls.test_runtime.RlsRuntimeTests.test_unknown_option_fails_closed) ... ok
test_checklist_ignores_outcomes_but_binds_item_contract (tests.skill_rls.test_verifier_authorization_history.RlsVerifierAuthorizationHistoryTests.test_checklist_ignores_outcomes_but_binds_item_contract) ... ok
test_final_confirmation_digest_is_stable_across_freeze_transition (tests.skill_rls.test_verifier_authorization_history.RlsVerifierAuthorizationHistoryTests.test_final_confirmation_digest_is_stable_across_freeze_transition) ... ok
test_legal_execution_outcome_does_not_self_invalidate_history (tests.skill_rls.test_verifier_authorization_history.RlsVerifierAuthorizationHistoryTests.test_legal_execution_outcome_does_not_self_invalidate_history) ... ok
test_post_authorization_item_contract_drift_is_rejected (tests.skill_rls.test_verifier_authorization_history.RlsVerifierAuthorizationHistoryTests.test_post_authorization_item_contract_drift_is_rejected) ... ok
test_final_candidate_rejects_bad_source_digest (tests.skill_rls.test_vfy_adapter_shadow.RlsVfyFinalShapeShadowTests.test_final_candidate_rejects_bad_source_digest) ... ok
test_final_candidate_rejects_duplicate_evidence (tests.skill_rls.test_vfy_adapter_shadow.RlsVfyFinalShapeShadowTests.test_final_candidate_rejects_duplicate_evidence) ... ok
test_final_candidate_rejects_pending_applicability (tests.skill_rls.test_vfy_adapter_shadow.RlsVfyFinalShapeShadowTests.test_final_candidate_rejects_pending_applicability) ... ok
test_final_mode_rejects_provisional_fixture (tests.skill_rls.test_vfy_adapter_shadow.RlsVfyFinalShapeShadowTests.test_final_mode_rejects_provisional_fixture) ... ok
test_final_n_a_candidate_is_explicitly_not_rls_ready (tests.skill_rls.test_vfy_adapter_shadow.RlsVfyFinalShapeShadowTests.test_final_n_a_candidate_is_explicitly_not_rls_ready) ... ok
test_final_product_fail_accepts_current_exception_shape (tests.skill_rls.test_vfy_adapter_shadow.RlsVfyFinalShapeShadowTests.test_final_product_fail_accepts_current_exception_shape) ... ok
test_final_product_fail_rejects_legacy_exception_shape (tests.skill_rls.test_vfy_adapter_shadow.RlsVfyFinalShapeShadowTests.test_final_product_fail_rejects_legacy_exception_shape) ... ok
test_final_required_candidate_requires_rls_ready (tests.skill_rls.test_vfy_adapter_shadow.RlsVfyFinalShapeShadowTests.test_final_required_candidate_requires_rls_ready) ... ok
test_final_shape_accepts_allocation_suffix_longer_than_two_digits (tests.skill_rls.test_vfy_adapter_shadow.RlsVfyFinalShapeShadowTests.test_final_shape_accepts_allocation_suffix_longer_than_two_digits) ... ok
test_final_shape_is_accepted_without_legacy_supporting_flag (tests.skill_rls.test_vfy_adapter_shadow.RlsVfyFinalShapeShadowTests.test_final_shape_is_accepted_without_legacy_supporting_flag) ... ok
test_final_shape_rejects_legacy_extra_field (tests.skill_rls.test_vfy_adapter_shadow.RlsVfyFinalShapeShadowTests.test_final_shape_rejects_legacy_extra_field) ... ok
test_provisional_fixture_remains_supported_in_shadow_build (tests.skill_rls.test_vfy_adapter_shadow.RlsVfyFinalShapeShadowTests.test_provisional_fixture_remains_supported_in_shadow_build) ... ok
test_all_fields_are_checked_and_missing_field_fails (tests.skill_rls.test_web_repair_confirmation.RlsWebRepairConfirmationTests.test_all_fields_are_checked_and_missing_field_fails) ... ok
test_bare_human_dict_is_rejected_without_target_evidence (tests.skill_rls.test_web_repair_confirmation.RlsWebRepairConfirmationTests.test_bare_human_dict_is_rejected_without_target_evidence) ... ok
test_digest_correct_forged_result_is_rejected (tests.skill_rls.test_web_repair_confirmation.RlsWebRepairConfirmationTests.test_digest_correct_forged_result_is_rejected) ... ok
test_direct_human_target_call_has_no_untrusted_fast_path (tests.skill_rls.test_web_repair_confirmation.RlsWebRepairConfirmationTests.test_direct_human_target_call_has_no_untrusted_fast_path) ... ok
test_expected_and_evidence_wording_cannot_be_silently_replaced (tests.skill_rls.test_web_repair_confirmation.RlsWebRepairConfirmationTests.test_expected_and_evidence_wording_cannot_be_silently_replaced) ... ok
test_explicit_human_fail_stays_fail_when_version_matches (tests.skill_rls.test_web_repair_confirmation.RlsWebRepairConfirmationTests.test_explicit_human_fail_stays_fail_when_version_matches) ... ok
test_failure_injection_is_explicit_and_not_a_pass_override (tests.skill_rls.test_web_repair_confirmation.RlsWebRepairConfirmationTests.test_failure_injection_is_explicit_and_not_a_pass_override) ... ok
test_human_cannot_be_overridden_by_force_fail_or_used_for_automatic (tests.skill_rls.test_web_repair_confirmation.RlsWebRepairConfirmationTests.test_human_cannot_be_overridden_by_force_fail_or_used_for_automatic) ... ok
test_human_consumption_checks_actual_clock (tests.skill_rls.test_web_repair_confirmation.RlsWebRepairConfirmationTests.test_human_consumption_checks_actual_clock) ... ok
test_human_host_record_is_required_not_only_self_consistent_digest (tests.skill_rls.test_web_repair_confirmation.RlsWebRepairConfirmationTests.test_human_host_record_is_required_not_only_self_consistent_digest) ... ok
test_human_invalid_or_future_or_expired_time_rejected_before_write (tests.skill_rls.test_web_repair_confirmation.RlsWebRepairConfirmationTests.test_human_invalid_or_future_or_expired_time_rejected_before_write) ... ok
test_human_pass_requires_real_host_record_and_source (tests.skill_rls.test_web_repair_confirmation.RlsWebRepairConfirmationTests.test_human_pass_requires_real_host_record_and_source) ... ok
test_human_record_rejected_after_target_state_drift (tests.skill_rls.test_web_repair_confirmation.RlsWebRepairConfirmationTests.test_human_record_rejected_after_target_state_drift) ... ok
test_human_requires_explicit_host_attestation (tests.skill_rls.test_web_repair_confirmation.RlsWebRepairConfirmationTests.test_human_requires_explicit_host_attestation) ... ok
test_human_scenario_is_required_before_recording (tests.skill_rls.test_web_repair_confirmation.RlsWebRepairConfirmationTests.test_human_scenario_is_required_before_recording) ... ok
test_human_source_missing_or_tampered_is_rejected (tests.skill_rls.test_web_repair_confirmation.RlsWebRepairConfirmationTests.test_human_source_missing_or_tampered_is_rejected) ... ok
test_human_source_symlink_is_rejected (tests.skill_rls.test_web_repair_confirmation.RlsWebRepairConfirmationTests.test_human_source_symlink_is_rejected) ... ok
test_human_unknown_or_conflicting_fields_are_rejected (tests.skill_rls.test_web_repair_confirmation.RlsWebRepairConfirmationTests.test_human_unknown_or_conflicting_fields_are_rejected) ... ok
test_human_wrong_executor_rejected_before_host_write (tests.skill_rls.test_web_repair_confirmation.RlsWebRepairConfirmationTests.test_human_wrong_executor_rejected_before_host_write) ... ok
test_human_wrong_revision_scope_result_target_and_vfy_binding (tests.skill_rls.test_web_repair_confirmation.RlsWebRepairConfirmationTests.test_human_wrong_revision_scope_result_target_and_vfy_binding) ... ok
test_json_boolean_is_not_integer (tests.skill_rls.test_web_repair_confirmation.RlsWebRepairConfirmationTests.test_json_boolean_is_not_integer) ... ok
test_later_historical_read_does_not_expire_valid_evidence (tests.skill_rls.test_web_repair_confirmation.RlsWebRepairConfirmationTests.test_later_historical_read_does_not_expire_valid_evidence) ... ok
test_oversize_or_binary_human_source_rejected (tests.skill_rls.test_web_repair_confirmation.RlsWebRepairConfirmationTests.test_oversize_or_binary_human_source_rejected) ... ok
test_predicate_parser_rejects_duplicates_nested_paths_and_nonfinite (tests.skill_rls.test_web_repair_confirmation.RlsWebRepairConfirmationTests.test_predicate_parser_rejects_duplicates_nested_paths_and_nonfinite) ... ok
test_secret_rejected_before_human_source_or_record_write (tests.skill_rls.test_web_repair_confirmation.RlsWebRepairConfirmationTests.test_secret_rejected_before_human_source_or_record_write) ... ok
test_supported_health_mismatch_returns_real_fail (tests.skill_rls.test_web_repair_confirmation.RlsWebRepairConfirmationTests.test_supported_health_mismatch_returns_real_fail) ... ok
test_supported_version_pass_is_limited_to_version_contract (tests.skill_rls.test_web_repair_confirmation.RlsWebRepairConfirmationTests.test_supported_version_pass_is_limited_to_version_contract) ... ok
test_unknown_nonversion_expected_does_not_fall_back_to_version (tests.skill_rls.test_web_repair_confirmation.RlsWebRepairConfirmationTests.test_unknown_nonversion_expected_does_not_fall_back_to_version) ... ok
test_default_without_obligations_has_precise_version_only_contract (tests.skill_rls.test_web_repair_confirmation_batch.RlsWebRepairBatchTests.test_default_without_obligations_has_precise_version_only_contract) ... ok
test_distinct_human_records_cover_exact_batch_and_keep_failure (tests.skill_rls.test_web_repair_confirmation_batch.RlsWebRepairBatchTests.test_distinct_human_records_cover_exact_batch_and_keep_failure) ... ok
test_final_evidence_verifier_rejects_rehashed_false_pass (tests.skill_rls.test_web_repair_confirmation_batch.RlsWebRepairBatchTests.test_final_evidence_verifier_rejects_rehashed_false_pass) ... ok
test_first_observation_retained_if_second_evidence_io_fails (tests.skill_rls.test_web_repair_confirmation_batch.RlsWebRepairBatchTests.test_first_observation_retained_if_second_evidence_io_fails) ... ok
test_later_terminal_row_fails_before_first_evidence (tests.skill_rls.test_web_repair_confirmation_batch.RlsWebRepairBatchTests.test_later_terminal_row_fails_before_first_evidence) ... ok
test_later_unknown_contract_fails_before_any_evidence_or_callback (tests.skill_rls.test_web_repair_confirmation_batch.RlsWebRepairBatchTests.test_later_unknown_contract_fails_before_any_evidence_or_callback) ... ok
test_one_human_record_cannot_satisfy_multiple_rcfs (tests.skill_rls.test_web_repair_confirmation_batch.RlsWebRepairBatchTests.test_one_human_record_cannot_satisfy_multiple_rcfs) ... ok
test_pipeline_success_is_not_observation (tests.skill_rls.test_web_repair_confirmation_batch.RlsWebRepairBatchTests.test_pipeline_success_is_not_observation) ... ok
test_actual_argv_retained_for_execution_but_not_receipt (tests.skill_rls.test_web_repair_redaction.RlsWebRepairRedactionTests.test_actual_argv_retained_for_execution_but_not_receipt) ... ok
test_actual_subprocess_stdout_stderr (tests.skill_rls.test_web_repair_redaction.RlsWebRepairRedactionTests.test_actual_subprocess_stdout_stderr) ... ok
test_child_test_runner_redacts_before_its_own_json_write (tests.skill_rls.test_web_repair_redaction.RlsWebRepairRedactionTests.test_child_test_runner_redacts_before_its_own_json_write) ... ok
test_domain_effect_authorization_is_not_a_credential_header (tests.skill_rls.test_web_repair_redaction.RlsWebRepairRedactionTests.test_domain_effect_authorization_is_not_a_credential_header) ... ok
test_independence_outer_exception_is_redacted_before_disk_and_stderr (tests.skill_rls.test_web_repair_redaction.RlsWebRepairRedactionTests.test_independence_outer_exception_is_redacted_before_disk_and_stderr) ... ok
test_invalid_utf8_hashes_bind_archived_bytes (tests.skill_rls.test_web_repair_redaction.RlsWebRepairRedactionTests.test_invalid_utf8_hashes_bind_archived_bytes) ... ok
test_json_object_credential_is_redacted_without_breaking_json (tests.skill_rls.test_web_repair_redaction.RlsWebRepairRedactionTests.test_json_object_credential_is_redacted_without_breaking_json) ... ok
test_json_output_remains_parseable_and_hashes_stable (tests.skill_rls.test_web_repair_redaction.RlsWebRepairRedactionTests.test_json_output_remains_parseable_and_hashes_stable) ... ok
test_known_secret_environment_value_is_redacted (tests.skill_rls.test_web_repair_redaction.RlsWebRepairRedactionTests.test_known_secret_environment_value_is_redacted) ... ok
test_nested_json_and_argv_are_redacted (tests.skill_rls.test_web_repair_redaction.RlsWebRepairRedactionTests.test_nested_json_and_argv_are_redacted) ... ok
test_nonsecret_authority_digests_and_ordinary_output_preserved (tests.skill_rls.test_web_repair_redaction.RlsWebRepairRedactionTests.test_nonsecret_authority_digests_and_ordinary_output_preserved) ... ok
test_oserror_redacted (tests.skill_rls.test_web_repair_redaction.RlsWebRepairRedactionTests.test_oserror_redacted) ... ok
test_path_environment_secret_redaction_does_not_leak_nested_result (tests.skill_rls.test_web_repair_redaction.RlsWebRepairRedactionTests.test_path_environment_secret_redaction_does_not_leak_nested_result) ... ok
test_policy_is_idempotent_for_text_and_objects (tests.skill_rls.test_web_repair_redaction.RlsWebRepairRedactionTests.test_policy_is_idempotent_for_text_and_objects) ... ok
test_prefixed_credentials_private_key_and_headers (tests.skill_rls.test_web_repair_redaction.RlsWebRepairRedactionTests.test_prefixed_credentials_private_key_and_headers) ... ok
test_stdout_and_stderr_are_redacted_before_write (tests.skill_rls.test_web_repair_redaction.RlsWebRepairRedactionTests.test_stdout_and_stderr_are_redacted_before_write) ... ok
test_timeout_streams_and_partial_private_key (tests.skill_rls.test_web_repair_redaction.RlsWebRepairRedactionTests.test_timeout_streams_and_partial_private_key) ... ok
test_timeout_with_text_streams (tests.skill_rls.test_web_repair_redaction.RlsWebRepairRedactionTests.test_timeout_with_text_streams) ... ok
test_after_source_error_uses_both_captured_streams (tests.skill_rls.test_web_repair_redaction_propagation.SensitiveValuePropagationTests.test_after_source_error_uses_both_captured_streams) ... ok
test_all_process_writes_are_safe_not_postprocessed (tests.skill_rls.test_web_repair_redaction_propagation.SensitiveValuePropagationTests.test_all_process_writes_are_safe_not_postprocessed) ... ok
test_argument_generator_is_not_consumed_before_execution (tests.skill_rls.test_web_repair_redaction_propagation.SensitiveValuePropagationTests.test_argument_generator_is_not_consumed_before_execution) ... ok
test_argument_value_with_embedded_equals_and_spaces_is_preserved_for_execution (tests.skill_rls.test_web_repair_redaction_propagation.SensitiveValuePropagationTests.test_argument_value_with_embedded_equals_and_spaces_is_preserved_for_execution) ... ok
test_assignment_in_stderr_masks_unlabelled_stdout (tests.skill_rls.test_web_repair_redaction_propagation.SensitiveValuePropagationTests.test_assignment_in_stderr_masks_unlabelled_stdout) ... ok
test_audit_objects_and_sha_bindings_are_not_credentials (tests.skill_rls.test_web_repair_redaction_propagation.SensitiveValuePropagationTests.test_audit_objects_and_sha_bindings_are_not_credentials) ... ok
test_bearer_header_masks_bare_token_echo (tests.skill_rls.test_web_repair_redaction_propagation.SensitiveValuePropagationTests.test_bearer_header_masks_bare_token_echo) ... ok
test_before_source_error_is_scrubbed_with_invocation_arguments (tests.skill_rls.test_web_repair_redaction_propagation.SensitiveValuePropagationTests.test_before_source_error_is_scrubbed_with_invocation_arguments) ... ok
test_both_existing_streams_and_returned_receipt_remain_identical (tests.skill_rls.test_web_repair_redaction_propagation.SensitiveValuePropagationTests.test_both_existing_streams_and_returned_receipt_remain_identical) ... ok
test_case_insensitive_credential_argument_and_unlabelled_copy (tests.skill_rls.test_web_repair_redaction_propagation.SensitiveValuePropagationTests.test_case_insensitive_credential_argument_and_unlabelled_copy) ... ok
test_child_receives_original_argv_and_environment (tests.skill_rls.test_web_repair_redaction_propagation.SensitiveValuePropagationTests.test_child_receives_original_argv_and_environment) ... ok
test_context_discovered_in_source_metadata_applies_to_streams (tests.skill_rls.test_web_repair_redaction_propagation.SensitiveValuePropagationTests.test_context_discovered_in_source_metadata_applies_to_streams) ... ok
test_context_is_not_shared_between_calls (tests.skill_rls.test_web_repair_redaction_propagation.SensitiveValuePropagationTests.test_context_is_not_shared_between_calls) ... ok
test_deep_objects_fail_closed_before_any_write (tests.skill_rls.test_web_repair_redaction_propagation.SensitiveValuePropagationTests.test_deep_objects_fail_closed_before_any_write) ... ok
test_duplicate_parent_does_not_hide_discarded_nested_secret (tests.skill_rls.test_web_repair_redaction_propagation.SensitiveValuePropagationTests.test_duplicate_parent_does_not_hide_discarded_nested_secret) ... ok
test_duplicate_sensitive_keys_do_not_hide_earlier_values (tests.skill_rls.test_web_repair_redaction_propagation.SensitiveValuePropagationTests.test_duplicate_sensitive_keys_do_not_hide_earlier_values) ... ok
test_environment_argv_and_object_secrets_share_one_context (tests.skill_rls.test_web_repair_redaction_propagation.SensitiveValuePropagationTests.test_environment_argv_and_object_secrets_share_one_context) ... ok
test_equals_credential_argument_echoes_in_both_real_streams (tests.skill_rls.test_web_repair_redaction_propagation.SensitiveValuePropagationTests.test_equals_credential_argument_echoes_in_both_real_streams) ... ok
test_escaped_duplicate_secret_is_normalized_not_retained (tests.skill_rls.test_web_repair_redaction_propagation.SensitiveValuePropagationTests.test_escaped_duplicate_secret_is_normalized_not_retained) ... ok
test_explicit_numeric_sensitive_value_masks_numeric_echo (tests.skill_rls.test_web_repair_redaction_propagation.SensitiveValuePropagationTests.test_explicit_numeric_sensitive_value_masks_numeric_echo) ... ok
test_explicit_short_value_is_not_excluded_by_entropy_heuristic (tests.skill_rls.test_web_repair_redaction_propagation.SensitiveValuePropagationTests.test_explicit_short_value_is_not_excluded_by_entropy_heuristic) ... ok
test_git_error_combines_both_streams_and_argument_context (tests.skill_rls.test_web_repair_redaction_propagation.SensitiveValuePropagationTests.test_git_error_combines_both_streams_and_argument_context) ... ok
test_header_argument_propagates_token_to_real_child_streams (tests.skill_rls.test_web_repair_redaction_propagation.SensitiveValuePropagationTests.test_header_argument_propagates_token_to_real_child_streams) ... ok
test_invalid_utf8_and_cross_stream_credential_still_bind_safe_bytes (tests.skill_rls.test_web_repair_redaction_propagation.SensitiveValuePropagationTests.test_invalid_utf8_and_cross_stream_credential_still_bind_safe_bytes) ... ok
test_json_argument_payload_propagates_to_real_child_streams (tests.skill_rls.test_web_repair_redaction_propagation.SensitiveValuePropagationTests.test_json_argument_payload_propagates_to_real_child_streams) ... ok
test_json_lines_share_sensitive_values (tests.skill_rls.test_web_repair_redaction_propagation.SensitiveValuePropagationTests.test_json_lines_share_sensitive_values) ... ok
test_json_lines_with_escaped_unicode_quotes_and_newlines (tests.skill_rls.test_web_repair_redaction_propagation.SensitiveValuePropagationTests.test_json_lines_with_escaped_unicode_quotes_and_newlines) ... ok
test_late_context_cannot_silently_invalidate_previously_bound_receipt (tests.skill_rls.test_web_repair_redaction_propagation.SensitiveValuePropagationTests.test_late_context_cannot_silently_invalidate_previously_bound_receipt) ... ok
test_many_context_values_fail_closed_before_any_write (tests.skill_rls.test_web_repair_redaction_propagation.SensitiveValuePropagationTests.test_many_context_values_fail_closed_before_any_write) ... ok
test_marker_prefix_does_not_hide_a_sensitive_value_suffix (tests.skill_rls.test_web_repair_redaction_propagation.SensitiveValuePropagationTests.test_marker_prefix_does_not_hide_a_sensitive_value_suffix) ... ok
test_mixed_prose_and_json_propagates_without_breaking_json (tests.skill_rls.test_web_repair_redaction_propagation.SensitiveValuePropagationTests.test_mixed_prose_and_json_propagates_without_breaking_json) ... ok
test_nested_encoded_json_masks_outer_sibling (tests.skill_rls.test_web_repair_redaction_propagation.SensitiveValuePropagationTests.test_nested_encoded_json_masks_outer_sibling) ... ok
test_nested_writer_discovers_across_siblings_before_first_write (tests.skill_rls.test_web_repair_redaction_propagation.SensitiveValuePropagationTests.test_nested_writer_discovers_across_siblings_before_first_write) ... ok
test_nested_writer_retains_json_and_domain_bindings (tests.skill_rls.test_web_repair_redaction_propagation.SensitiveValuePropagationTests.test_nested_writer_retains_json_and_domain_bindings) ... ok
test_nonfinite_nested_output_is_rejected_before_write (tests.skill_rls.test_web_repair_redaction_propagation.SensitiveValuePropagationTests.test_nonfinite_nested_output_is_rejected_before_write) ... ok
test_nonzero_exit_does_not_bypass_propagation (tests.skill_rls.test_web_repair_redaction_propagation.SensitiveValuePropagationTests.test_nonzero_exit_does_not_bypass_propagation) ... ok
test_normal_nested_attest_shape_does_not_hit_depth_limit (tests.skill_rls.test_web_repair_redaction_propagation.SensitiveValuePropagationTests.test_normal_nested_attest_shape_does_not_hit_depth_limit) ... ok
test_oserror_uses_credential_argument_context (tests.skill_rls.test_web_repair_redaction_propagation.SensitiveValuePropagationTests.test_oserror_uses_credential_argument_context) ... ok
test_program_variable_name_is_not_treated_as_a_password_value (tests.skill_rls.test_web_repair_redaction_propagation.SensitiveValuePropagationTests.test_program_variable_name_is_not_treated_as_a_password_value) ... ok
test_public_argv_redactor_masks_unlabelled_duplicate_argument (tests.skill_rls.test_web_repair_redaction_propagation.SensitiveValuePropagationTests.test_public_argv_redactor_masks_unlabelled_duplicate_argument) ... ok
test_real_nested_writer_scrubs_its_own_file_before_parent_capture (tests.skill_rls.test_web_repair_redaction_propagation.SensitiveValuePropagationTests.test_real_nested_writer_scrubs_its_own_file_before_parent_capture) ... ok
test_real_stderr_secret_masks_earlier_stdout (tests.skill_rls.test_web_repair_redaction_propagation.SensitiveValuePropagationTests.test_real_stderr_secret_masks_earlier_stdout) ... ok
test_real_stdout_secret_masks_stderr (tests.skill_rls.test_web_repair_redaction_propagation.SensitiveValuePropagationTests.test_real_stdout_secret_masks_stderr) ... ok
test_real_structured_secret_masks_an_earlier_sibling (tests.skill_rls.test_web_repair_redaction_propagation.SensitiveValuePropagationTests.test_real_structured_secret_masks_an_earlier_sibling) ... ok
test_real_timeout_argument_echo_is_redacted (tests.skill_rls.test_web_repair_redaction_propagation.SensitiveValuePropagationTests.test_real_timeout_argument_echo_is_redacted) ... ok
test_repeated_redaction_is_idempotent_with_overlapping_values (tests.skill_rls.test_web_repair_redaction_propagation.SensitiveValuePropagationTests.test_repeated_redaction_is_idempotent_with_overlapping_values) ... ok
test_safe_nested_receipt_roundtrip_preserves_archived_hashes (tests.skill_rls.test_web_repair_redaction_propagation.SensitiveValuePropagationTests.test_safe_nested_receipt_roundtrip_preserves_archived_hashes) ... ok
test_scalar_json_string_echo_is_redacted_after_decoding (tests.skill_rls.test_web_repair_redaction_propagation.SensitiveValuePropagationTests.test_scalar_json_string_echo_is_redacted_after_decoding) ... ok
test_secret_in_nested_list_masks_other_stream (tests.skill_rls.test_web_repair_redaction_propagation.SensitiveValuePropagationTests.test_secret_in_nested_list_masks_other_stream) ... ok
test_sensitive_locator_is_rejected_instead_of_written_or_lied_about (tests.skill_rls.test_web_repair_redaction_propagation.SensitiveValuePropagationTests.test_sensitive_locator_is_rejected_instead_of_written_or_lied_about) ... ok
test_sensitive_object_masks_its_leaf_values_elsewhere (tests.skill_rls.test_web_repair_redaction_propagation.SensitiveValuePropagationTests.test_sensitive_object_masks_its_leaf_values_elsewhere) ... ok
test_separate_credential_argument_echoes_in_both_real_streams (tests.skill_rls.test_web_repair_redaction_propagation.SensitiveValuePropagationTests.test_separate_credential_argument_echoes_in_both_real_streams) ... ok
test_source_change_still_fails_after_scrubbing (tests.skill_rls.test_web_repair_redaction_propagation.SensitiveValuePropagationTests.test_source_change_still_fails_after_scrubbing) ... ok
test_timeout_retains_captured_cross_stream_context (tests.skill_rls.test_web_repair_redaction_propagation.SensitiveValuePropagationTests.test_timeout_retains_captured_cross_stream_context) ... ok
test_unterminated_quoted_credential_does_not_drop_last_character (tests.skill_rls.test_web_repair_redaction_propagation.SensitiveValuePropagationTests.test_unterminated_quoted_credential_does_not_drop_last_character) ... ok
test_url_password_masks_bare_password_echo (tests.skill_rls.test_web_repair_redaction_propagation.SensitiveValuePropagationTests.test_url_password_masks_bare_password_echo) ... ok
test_actual_human_fail_survives_service_store_and_freeze (tests.skill_rls.test_web_repair_store.RlsWebRepairStoreTests.test_actual_human_fail_survives_service_store_and_freeze) ... ok
test_frozen_human_record_requires_original_source_bytes (tests.skill_rls.test_web_repair_store.RlsWebRepairStoreTests.test_frozen_human_record_requires_original_source_bytes) ... ok
test_host_human_pass_has_exact_readback (tests.skill_rls.test_web_repair_store.RlsWebRepairStoreTests.test_host_human_pass_has_exact_readback) ... ok
test_inherited_supported_health_failure_is_not_version_pass (tests.skill_rls.test_web_repair_store.RlsWebRepairStoreTests.test_inherited_supported_health_failure_is_not_version_pass) ... ok
test_inherited_unsupported_expected_leaves_real_rcf_pending (tests.skill_rls.test_web_repair_store.RlsWebRepairStoreTests.test_inherited_unsupported_expected_leaves_real_rcf_pending) ... ok
test_later_unsupported_rcf_is_rejected_before_first_write (tests.skill_rls.test_web_repair_store.RlsWebRepairStoreTests.test_later_unsupported_rcf_is_rejected_before_first_write) ... ok
test_naked_human_json_cannot_create_pass_or_evidence (tests.skill_rls.test_web_repair_store.RlsWebRepairStoreTests.test_naked_human_json_cannot_create_pass_or_evidence) ... ok
test_rehashed_human_pass_forgery_rejected_by_domain_semantics (tests.skill_rls.test_web_repair_store.RlsWebRepairStoreTests.test_rehashed_human_pass_forgery_rejected_by_domain_semantics) ... ok
test_second_observation_io_failure_preserves_first_store_result (tests.skill_rls.test_web_repair_store.RlsWebRepairStoreTests.test_second_observation_io_failure_preserves_first_store_result) ... ok
test_wrong_rcf_binding_rejected_before_store_or_evidence_change (tests.skill_rls.test_web_repair_store.RlsWebRepairStoreTests.test_wrong_rcf_binding_rejected_before_store_or_evidence_change) ... ok
test_docs_free_installed_copy_is_read_only (tests.skill_status.test_build_gates.StatusInstalledTests.test_docs_free_installed_copy_is_read_only) ... ok
test_changed_runtime_bytes_fail (tests.skill_status.test_build_gates.StatusSourceLockTests.test_changed_runtime_bytes_fail) ... ok
test_complete_lock_passes (tests.skill_status.test_build_gates.StatusSourceLockTests.test_complete_lock_passes) ... ok
test_duplicate_and_out_of_order_entries_fail (tests.skill_status.test_build_gates.StatusSourceLockTests.test_duplicate_and_out_of_order_entries_fail) ... ok
test_missing_entry_fails (tests.skill_status.test_build_gates.StatusSourceLockTests.test_missing_entry_fails) ... ok
test_new_unlocked_runtime_dependency_fails (tests.skill_status.test_build_gates.StatusSourceLockTests.test_new_unlocked_runtime_dependency_fails) ... ok
test_symlinked_lock_fails_without_reading_target (tests.skill_status.test_build_gates.StatusSourceLockTests.test_symlinked_lock_fails_without_reading_target) ... ok
test_aliases_normalize_to_one_exact_inspection (tests.skill_status.test_conformance.StatusConformanceTests.test_aliases_normalize_to_one_exact_inspection) ... ok
test_auto_exact_missing_store_is_not_a_successful_overview (tests.skill_status.test_conformance.StatusConformanceTests.test_auto_exact_missing_store_is_not_a_successful_overview) ... ok
test_auto_selection_required_matches_explicit_inspection (tests.skill_status.test_conformance.StatusConformanceTests.test_auto_selection_required_matches_explicit_inspection) ... ok
test_ctx_only_recommends_req_without_writes (tests.skill_status.test_conformance.StatusConformanceTests.test_ctx_only_recommends_req_without_writes) ... ok
test_debug_does_not_echo_user_prose_or_invalid_reference (tests.skill_status.test_conformance.StatusConformanceTests.test_debug_does_not_echo_user_prose_or_invalid_reference) ... ok
test_exact_inspect_preserves_projection_and_read_only_state (tests.skill_status.test_conformance.StatusConformanceTests.test_exact_inspect_preserves_projection_and_read_only_state) ... ok
test_exception_text_and_details_never_become_result (tests.skill_status.test_conformance.StatusConformanceTests.test_exception_text_and_details_never_become_result) ... ok
test_meta_json_emits_one_json_document_without_project_access (tests.skill_status.test_conformance.StatusConformanceTests.test_meta_json_emits_one_json_document_without_project_access) ... ok
test_multi_target_summary_keeps_every_candidate_without_success_inference (tests.skill_status.test_conformance.StatusConformanceTests.test_multi_target_summary_keeps_every_candidate_without_success_inference) ... ok
test_summary_json_debug_describe_same_projection (tests.skill_status.test_conformance.StatusConformanceTests.test_summary_json_debug_describe_same_projection) ... ok
test_symbolic_member_wrong_phase_rejected_before_store (tests.skill_status.test_conformance.StatusConformanceTests.test_symbolic_member_wrong_phase_rejected_before_store) ... ok
test_unknown_argument_uses_complete_failure_envelope_without_echo (tests.skill_status.test_conformance.StatusConformanceTests.test_unknown_argument_uses_complete_failure_envelope_without_echo) ... ok
test_auto_and_inspect_show_current_claim_and_read_only_policy (tests.skill_status.test_imp.ImpStatusTests.test_auto_and_inspect_show_current_claim_and_read_only_policy) ... ok
test_cli_json_includes_current_claim_and_exact_vfy_input (tests.skill_status.test_imp.ImpStatusTests.test_cli_json_includes_current_claim_and_exact_vfy_input) ... ok
test_completed_summary_separates_vfy_readiness_and_installed_skill (tests.skill_status.test_imp.ImpStatusTests.test_completed_summary_separates_vfy_readiness_and_installed_skill) ... ok
test_corrupt_claim_store_reports_stable_error_and_remains_unchanged (tests.skill_status.test_imp.ImpStatusTests.test_corrupt_claim_store_reports_stable_error_and_remains_unchanged) ... ok
test_multiple_actions_remain_visible_without_choosing_first (tests.skill_status.test_imp.ImpStatusTests.test_multiple_actions_remain_visible_without_choosing_first) ... ok
test_status_uses_no_artifact_or_claim_mutation_api (tests.skill_status.test_imp.ImpStatusTests.test_status_uses_no_artifact_or_claim_mutation_api) ... ok
test_auto_inspects_single_requirement (tests.skill_status.test_runtime.StatusRuntimeTests.test_auto_inspects_single_requirement) ... ok
test_bare_missing_store_is_not_started_and_writes_nothing (tests.skill_status.test_runtime.StatusRuntimeTests.test_bare_missing_store_is_not_started_and_writes_nothing) ... ok
test_cli_json_is_one_document (tests.skill_status.test_runtime.StatusRuntimeTests.test_cli_json_is_one_document) ... ok
test_corrupt_store_fails_closed_without_modification (tests.skill_status.test_runtime.StatusRuntimeTests.test_corrupt_store_fails_closed_without_modification) ... ok
test_debug_output_contains_resolution_without_changing_project (tests.skill_status.test_runtime.StatusRuntimeTests.test_debug_output_contains_resolution_without_changing_project) ... ok
test_inspect_requires_exact_reference (tests.skill_status.test_runtime.StatusRuntimeTests.test_inspect_requires_exact_reference) ... ok
test_list_keeps_exact_revisions (tests.skill_status.test_runtime.StatusRuntimeTests.test_list_keeps_exact_revisions) ... ok
test_meta_commands_do_not_resolve_project (tests.skill_status.test_runtime.StatusRuntimeTests.test_meta_commands_do_not_resolve_project) ... ok
test_multiple_requirements_require_user_selection (tests.skill_status.test_runtime.StatusRuntimeTests.test_multiple_requirements_require_user_selection) ... ok
test_skill_has_no_sibling_invocation (tests.skill_status.test_runtime.StatusRuntimeTests.test_skill_has_no_sibling_invocation) ... ok
test_write_policy_is_forced_deny_and_preserved_without_store (tests.skill_status.test_runtime.StatusRuntimeTests.test_write_policy_is_forced_deny_and_preserved_without_store) ... ok
test_blocked_projection_shows_code_reference_and_message (tests.skill_status.test_summary.StatusSummaryTests.test_blocked_projection_shows_code_reference_and_message) ... ok
test_multiple_requirements_show_exact_candidates (tests.skill_status.test_summary.StatusSummaryTests.test_multiple_requirements_show_exact_candidates) ... ok
test_vfy_e052 (tests.skill_vfy.test_conclusions_returns.VfyConclusionReturnCases.test_vfy_e052)
Execute VFY-E052 against its hardened concrete Oracle. ... ok
test_vfy_e053 (tests.skill_vfy.test_conclusions_returns.VfyConclusionReturnCases.test_vfy_e053)
Execute VFY-E053 against its hardened concrete Oracle. ... ok
test_vfy_e054 (tests.skill_vfy.test_conclusions_returns.VfyConclusionReturnCases.test_vfy_e054)
Execute VFY-E054 against its hardened concrete Oracle. ... ok
test_vfy_e055 (tests.skill_vfy.test_conclusions_returns.VfyConclusionReturnCases.test_vfy_e055)
Execute VFY-E055 against its hardened concrete Oracle. ... ok
test_vfy_e056 (tests.skill_vfy.test_conclusions_returns.VfyConclusionReturnCases.test_vfy_e056)
Execute VFY-E056 against its hardened concrete Oracle. ... ok
test_vfy_e057 (tests.skill_vfy.test_conclusions_returns.VfyConclusionReturnCases.test_vfy_e057)
Execute VFY-E057 against its hardened concrete Oracle. ... ok
test_vfy_e058 (tests.skill_vfy.test_conclusions_returns.VfyConclusionReturnCases.test_vfy_e058)
Execute VFY-E058 against its hardened concrete Oracle. ... ok
test_vfy_e059 (tests.skill_vfy.test_conclusions_returns.VfyConclusionReturnCases.test_vfy_e059)
Execute VFY-E059 against its hardened concrete Oracle. ... ok
test_vfy_e060 (tests.skill_vfy.test_conclusions_returns.VfyConclusionReturnCases.test_vfy_e060)
Execute VFY-E060 against its hardened concrete Oracle. ... ok
test_vfy_e061 (tests.skill_vfy.test_conclusions_returns.VfyConclusionReturnCases.test_vfy_e061)
Execute VFY-E061 against its hardened concrete Oracle. ... ok
test_vfy_e062 (tests.skill_vfy.test_conclusions_returns.VfyConclusionReturnCases.test_vfy_e062)
Execute VFY-E062 against its hardened concrete Oracle. ... ok
test_vfy_e063 (tests.skill_vfy.test_conclusions_returns.VfyConclusionReturnCases.test_vfy_e063)
Execute VFY-E063 against its hardened concrete Oracle. ... ok
test_vfy_e064 (tests.skill_vfy.test_conclusions_returns.VfyConclusionReturnCases.test_vfy_e064)
Execute VFY-E064 against its hardened concrete Oracle. ... ok
test_vfy_e001 (tests.skill_vfy.test_critical_cases.VfyCriticalCases.test_vfy_e001)
Execute VFY-E001 against its concrete Oracle. ... ok
test_vfy_e002 (tests.skill_vfy.test_critical_cases.VfyCriticalCases.test_vfy_e002)
Execute VFY-E002 against its concrete Oracle. ... ok
test_vfy_e003 (tests.skill_vfy.test_critical_cases.VfyCriticalCases.test_vfy_e003)
Execute VFY-E003 against its concrete Oracle. ... ok
test_vfy_e004 (tests.skill_vfy.test_critical_cases.VfyCriticalCases.test_vfy_e004)
Execute VFY-E004 against its concrete Oracle. ... ok
test_vfy_e005 (tests.skill_vfy.test_critical_cases.VfyCriticalCases.test_vfy_e005)
Execute VFY-E005 against its concrete Oracle. ... ok
test_vfy_e006 (tests.skill_vfy.test_critical_cases.VfyCriticalCases.test_vfy_e006)
Execute VFY-E006 against its concrete Oracle. ... ok
test_vfy_e007 (tests.skill_vfy.test_critical_cases.VfyCriticalCases.test_vfy_e007)
Execute VFY-E007 against its concrete Oracle. ... ok
test_vfy_e008 (tests.skill_vfy.test_critical_cases.VfyCriticalCases.test_vfy_e008)
Execute VFY-E008 against its concrete Oracle. ... ok
test_vfy_e009 (tests.skill_vfy.test_critical_cases.VfyCriticalCases.test_vfy_e009)
Execute VFY-E009 against its concrete Oracle. ... ok
test_vfy_e010 (tests.skill_vfy.test_critical_cases.VfyCriticalCases.test_vfy_e010)
Execute VFY-E010 against its concrete Oracle. ... ok
test_vfy_e011 (tests.skill_vfy.test_critical_cases.VfyCriticalCases.test_vfy_e011)
Execute VFY-E011 against its concrete Oracle. ... ok
test_vfy_e012 (tests.skill_vfy.test_critical_cases.VfyCriticalCases.test_vfy_e012)
Execute VFY-E012 against its concrete Oracle. ... ok
test_vfy_e013 (tests.skill_vfy.test_critical_cases.VfyCriticalCases.test_vfy_e013)
Execute VFY-E013 against its concrete Oracle. ... ok
test_vfy_e014 (tests.skill_vfy.test_critical_cases.VfyCriticalCases.test_vfy_e014)
Execute VFY-E014 against its concrete Oracle. ... ok
test_vfy_e015 (tests.skill_vfy.test_critical_cases.VfyCriticalCases.test_vfy_e015)
Execute VFY-E015 against its concrete Oracle. ... ok
test_vfy_e016 (tests.skill_vfy.test_critical_cases.VfyCriticalCases.test_vfy_e016)
Execute VFY-E016 against its concrete Oracle. ... ok
test_vfy_e017 (tests.skill_vfy.test_critical_cases.VfyCriticalCases.test_vfy_e017)
Execute VFY-E017 against its concrete Oracle. ... ok
test_vfy_e018 (tests.skill_vfy.test_critical_cases.VfyCriticalCases.test_vfy_e018)
Execute VFY-E018 against its concrete Oracle. ... ok
test_vfy_e019 (tests.skill_vfy.test_critical_cases.VfyCriticalCases.test_vfy_e019)
Execute VFY-E019 against its concrete Oracle. ... ok
test_vfy_e020 (tests.skill_vfy.test_critical_cases.VfyCriticalCases.test_vfy_e020)
Execute VFY-E020 against its concrete Oracle. ... ok
test_vfy_e021 (tests.skill_vfy.test_critical_cases.VfyCriticalCases.test_vfy_e021)
Execute VFY-E021 against its concrete Oracle. ... ok
test_vfy_e022 (tests.skill_vfy.test_critical_cases.VfyCriticalCases.test_vfy_e022)
Execute VFY-E022 against its concrete Oracle. ... ok
test_vfy_e023 (tests.skill_vfy.test_critical_cases.VfyCriticalCases.test_vfy_e023)
Execute VFY-E023 against its concrete Oracle. ... ok
test_vfy_e024 (tests.skill_vfy.test_critical_cases.VfyCriticalCases.test_vfy_e024)
Execute VFY-E024 against its concrete Oracle. ... ok
test_vfy_e025 (tests.skill_vfy.test_critical_cases.VfyCriticalCases.test_vfy_e025)
Execute VFY-E025 against its concrete Oracle. ... ok
test_vfy_e026 (tests.skill_vfy.test_critical_cases.VfyCriticalCases.test_vfy_e026)
Execute VFY-E026 against its concrete Oracle. ... ok
test_vfy_e027 (tests.skill_vfy.test_critical_cases.VfyCriticalCases.test_vfy_e027)
Execute VFY-E027 against its concrete Oracle. ... ok
test_vfy_e028 (tests.skill_vfy.test_critical_cases.VfyCriticalCases.test_vfy_e028)
Execute VFY-E028 against its concrete Oracle. ... ok
test_vfy_e029 (tests.skill_vfy.test_critical_cases.VfyCriticalCases.test_vfy_e029)
Execute VFY-E029 against its concrete Oracle. ... ok
test_vfy_e030 (tests.skill_vfy.test_critical_cases.VfyCriticalCases.test_vfy_e030)
Execute VFY-E030 against its concrete Oracle. ... ok
test_vfy_e031 (tests.skill_vfy.test_critical_cases.VfyCriticalCases.test_vfy_e031)
Execute VFY-E031 against its concrete Oracle. ... ok
test_vfy_e032 (tests.skill_vfy.test_critical_cases.VfyCriticalCases.test_vfy_e032)
Execute VFY-E032 against its concrete Oracle. ... ok
test_vfy_e033 (tests.skill_vfy.test_critical_cases.VfyCriticalCases.test_vfy_e033)
Execute VFY-E033 against its concrete Oracle. ... ok
test_vfy_e034 (tests.skill_vfy.test_critical_cases.VfyCriticalCases.test_vfy_e034)
Execute VFY-E034 against its concrete Oracle. ... ok
test_vfy_e035 (tests.skill_vfy.test_critical_cases.VfyCriticalCases.test_vfy_e035)
Execute VFY-E035 against its concrete Oracle. ... ok
test_vfy_e036 (tests.skill_vfy.test_critical_cases.VfyCriticalCases.test_vfy_e036)
Execute VFY-E036 against its concrete Oracle. ... ok
test_vfy_e037 (tests.skill_vfy.test_critical_cases.VfyCriticalCases.test_vfy_e037)
Execute VFY-E037 against its concrete Oracle. ... ok
test_vfy_e038 (tests.skill_vfy.test_critical_cases.VfyCriticalCases.test_vfy_e038)
Execute VFY-E038 against its concrete Oracle. ... ok
test_vfy_e039 (tests.skill_vfy.test_critical_cases.VfyCriticalCases.test_vfy_e039)
Execute VFY-E039 against its concrete Oracle. ... ok
test_vfy_e040 (tests.skill_vfy.test_critical_cases.VfyCriticalCases.test_vfy_e040)
Execute VFY-E040 against its concrete Oracle. ... ok
test_vfy_e041 (tests.skill_vfy.test_critical_cases.VfyCriticalCases.test_vfy_e041)
Execute VFY-E041 against its concrete Oracle. ... ok
test_vfy_e042 (tests.skill_vfy.test_critical_cases.VfyCriticalCases.test_vfy_e042)
Execute VFY-E042 against its concrete Oracle. ... ok
test_vfy_e043 (tests.skill_vfy.test_critical_cases.VfyCriticalCases.test_vfy_e043)
Execute VFY-E043 against its concrete Oracle. ... ok
test_vfy_e044 (tests.skill_vfy.test_critical_cases.VfyCriticalCases.test_vfy_e044)
Execute VFY-E044 against its concrete Oracle. ... ok
test_vfy_e045 (tests.skill_vfy.test_critical_cases.VfyCriticalCases.test_vfy_e045)
Execute VFY-E045 against its concrete Oracle. ... ok
test_vfy_e046 (tests.skill_vfy.test_critical_cases.VfyCriticalCases.test_vfy_e046)
Execute VFY-E046 against its concrete Oracle. ... ok
test_vfy_e047 (tests.skill_vfy.test_critical_cases.VfyCriticalCases.test_vfy_e047)
Execute VFY-E047 against its concrete Oracle. ... ok
test_vfy_e048 (tests.skill_vfy.test_critical_cases.VfyCriticalCases.test_vfy_e048)
Execute VFY-E048 against its concrete Oracle. ... ok
test_vfy_e049 (tests.skill_vfy.test_critical_cases.VfyCriticalCases.test_vfy_e049)
Execute VFY-E049 against its concrete Oracle. ... ok
test_vfy_e050 (tests.skill_vfy.test_critical_cases.VfyCriticalCases.test_vfy_e050)
Execute VFY-E050 against its concrete Oracle. ... ok
test_vfy_e051 (tests.skill_vfy.test_critical_cases.VfyCriticalCases.test_vfy_e051)
Execute VFY-E051 against its concrete Oracle. ... ok
test_vfy_e052 (tests.skill_vfy.test_critical_cases.VfyCriticalCases.test_vfy_e052)
Execute VFY-E052 against its concrete Oracle. ... ok
test_vfy_e053 (tests.skill_vfy.test_critical_cases.VfyCriticalCases.test_vfy_e053)
Execute VFY-E053 against its concrete Oracle. ... ok
test_vfy_e054 (tests.skill_vfy.test_critical_cases.VfyCriticalCases.test_vfy_e054)
Execute VFY-E054 against its concrete Oracle. ... ok
test_vfy_e055 (tests.skill_vfy.test_critical_cases.VfyCriticalCases.test_vfy_e055)
Execute VFY-E055 against its concrete Oracle. ... ok
test_vfy_e056 (tests.skill_vfy.test_critical_cases.VfyCriticalCases.test_vfy_e056)
Execute VFY-E056 against its concrete Oracle. ... ok
test_vfy_e057 (tests.skill_vfy.test_critical_cases.VfyCriticalCases.test_vfy_e057)
Execute VFY-E057 against its concrete Oracle. ... ok
test_vfy_e058 (tests.skill_vfy.test_critical_cases.VfyCriticalCases.test_vfy_e058)
Execute VFY-E058 against its concrete Oracle. ... ok
test_vfy_e059 (tests.skill_vfy.test_critical_cases.VfyCriticalCases.test_vfy_e059)
Execute VFY-E059 against its concrete Oracle. ... ok
test_vfy_e060 (tests.skill_vfy.test_critical_cases.VfyCriticalCases.test_vfy_e060)
Execute VFY-E060 against its concrete Oracle. ... ok
test_vfy_e061 (tests.skill_vfy.test_critical_cases.VfyCriticalCases.test_vfy_e061)
Execute VFY-E061 against its concrete Oracle. ... ok
test_vfy_e062 (tests.skill_vfy.test_critical_cases.VfyCriticalCases.test_vfy_e062)
Execute VFY-E062 against its concrete Oracle. ... ok
test_vfy_e063 (tests.skill_vfy.test_critical_cases.VfyCriticalCases.test_vfy_e063)
Execute VFY-E063 against its concrete Oracle. ... ok
test_vfy_e064 (tests.skill_vfy.test_critical_cases.VfyCriticalCases.test_vfy_e064)
Execute VFY-E064 against its concrete Oracle. ... ok
test_vfy_e065 (tests.skill_vfy.test_critical_cases.VfyCriticalCases.test_vfy_e065)
Execute VFY-E065 against its concrete Oracle. ... ok
test_vfy_e066 (tests.skill_vfy.test_critical_cases.VfyCriticalCases.test_vfy_e066)
Execute VFY-E066 against its concrete Oracle. ... ok
test_vfy_e067 (tests.skill_vfy.test_critical_cases.VfyCriticalCases.test_vfy_e067)
Execute VFY-E067 against its concrete Oracle. ... ok
test_vfy_e068 (tests.skill_vfy.test_critical_cases.VfyCriticalCases.test_vfy_e068)
Execute VFY-E068 against its concrete Oracle. ... ok
test_vfy_e069 (tests.skill_vfy.test_critical_cases.VfyCriticalCases.test_vfy_e069)
Execute VFY-E069 against its concrete Oracle. ... ok
test_vfy_e070 (tests.skill_vfy.test_critical_cases.VfyCriticalCases.test_vfy_e070)
Execute VFY-E070 against its concrete Oracle. ... ok
test_vfy_e071 (tests.skill_vfy.test_critical_cases.VfyCriticalCases.test_vfy_e071)
Execute VFY-E071 against its concrete Oracle. ... ok
test_vfy_e072 (tests.skill_vfy.test_critical_cases.VfyCriticalCases.test_vfy_e072)
Execute VFY-E072 against its concrete Oracle. ... ok
test_vfy_e073 (tests.skill_vfy.test_critical_cases.VfyCriticalCases.test_vfy_e073)
Execute VFY-E073 against its concrete Oracle. ... ok
test_vfy_e074 (tests.skill_vfy.test_critical_cases.VfyCriticalCases.test_vfy_e074)
Execute VFY-E074 against its concrete Oracle. ... ok
test_vfy_e075 (tests.skill_vfy.test_critical_cases.VfyCriticalCases.test_vfy_e075)
Execute VFY-E075 against its concrete Oracle. ... ok
test_vfy_e076 (tests.skill_vfy.test_critical_cases.VfyCriticalCases.test_vfy_e076)
Execute VFY-E076 against its concrete Oracle. ... ok
test_vfy_e077 (tests.skill_vfy.test_critical_cases.VfyCriticalCases.test_vfy_e077)
Execute VFY-E077 against its concrete Oracle. ... ok
test_vfy_e078 (tests.skill_vfy.test_critical_cases.VfyCriticalCases.test_vfy_e078)
Execute VFY-E078 against its concrete Oracle. ... ok
test_vfy_e079 (tests.skill_vfy.test_critical_cases.VfyCriticalCases.test_vfy_e079)
Execute VFY-E079 against its concrete Oracle. ... ok
test_vfy_e080 (tests.skill_vfy.test_critical_cases.VfyCriticalCases.test_vfy_e080)
Execute VFY-E080 against its concrete Oracle. ... ok
test_vfy_e065 (tests.skill_vfy.test_early_stop.VfyEarlyStopCases.test_vfy_e065)
Execute VFY-E065 against its hardened concrete Oracle. ... ok
test_vfy_e066 (tests.skill_vfy.test_early_stop.VfyEarlyStopCases.test_vfy_e066)
Execute VFY-E066 against its hardened concrete Oracle. ... ok
test_vfy_e067 (tests.skill_vfy.test_early_stop.VfyEarlyStopCases.test_vfy_e067)
Execute VFY-E067 against its hardened concrete Oracle. ... ok
test_vfy_e068 (tests.skill_vfy.test_early_stop.VfyEarlyStopCases.test_vfy_e068)
Execute VFY-E068 against its hardened concrete Oracle. ... ok
test_vfy_e069 (tests.skill_vfy.test_early_stop.VfyEarlyStopCases.test_vfy_e069)
Execute VFY-E069 against its hardened concrete Oracle. ... ok
test_vfy_e070 (tests.skill_vfy.test_early_stop.VfyEarlyStopCases.test_vfy_e070)
Execute VFY-E070 against its hardened concrete Oracle. ... ok
test_vfy_e041 (tests.skill_vfy.test_executor_evidence.VfyExecutorEvidenceCases.test_vfy_e041)
Execute VFY-E041 against its hardened concrete Oracle. ... ok
test_vfy_e042 (tests.skill_vfy.test_executor_evidence.VfyExecutorEvidenceCases.test_vfy_e042)
Execute VFY-E042 against its hardened concrete Oracle. ... ok
test_vfy_e043 (tests.skill_vfy.test_executor_evidence.VfyExecutorEvidenceCases.test_vfy_e043)
Execute VFY-E043 against its hardened concrete Oracle. ... ok
test_vfy_e044 (tests.skill_vfy.test_executor_evidence.VfyExecutorEvidenceCases.test_vfy_e044)
Execute VFY-E044 against its hardened concrete Oracle. ... ok
test_vfy_e045 (tests.skill_vfy.test_executor_evidence.VfyExecutorEvidenceCases.test_vfy_e045)
Execute VFY-E045 against its hardened concrete Oracle. ... ok
test_vfy_e046 (tests.skill_vfy.test_executor_evidence.VfyExecutorEvidenceCases.test_vfy_e046)
Execute VFY-E046 against its hardened concrete Oracle. ... ok
test_vfy_e047 (tests.skill_vfy.test_executor_evidence.VfyExecutorEvidenceCases.test_vfy_e047)
Execute VFY-E047 against its hardened concrete Oracle. ... ok
test_vfy_e048 (tests.skill_vfy.test_executor_evidence.VfyExecutorEvidenceCases.test_vfy_e048)
Execute VFY-E048 against its hardened concrete Oracle. ... ok
test_vfy_e049 (tests.skill_vfy.test_executor_evidence.VfyExecutorEvidenceCases.test_vfy_e049)
Execute VFY-E049 against its hardened concrete Oracle. ... ok
test_vfy_e050 (tests.skill_vfy.test_executor_evidence.VfyExecutorEvidenceCases.test_vfy_e050)
Execute VFY-E050 against its hardened concrete Oracle. ... ok
test_vfy_e051 (tests.skill_vfy.test_executor_evidence.VfyExecutorEvidenceCases.test_vfy_e051)
Execute VFY-E051 against its hardened concrete Oracle. ... ok
test_candidate_cannot_replace_frozen_applicability_or_vfo_semantics (tests.skill_vfy.test_fresh_review_boundaries.FreshReviewBoundariesTest.test_candidate_cannot_replace_frozen_applicability_or_vfo_semantics) ... ok
test_canonical_detail_values_cannot_diverge_from_state (tests.skill_vfy.test_fresh_review_boundaries.FreshReviewBoundariesTest.test_canonical_detail_values_cannot_diverge_from_state) ... ok
test_command_network_and_outside_write_are_denied_by_os (tests.skill_vfy.test_fresh_review_boundaries.FreshReviewBoundariesTest.test_command_network_and_outside_write_are_denied_by_os) ... ok
test_vfy_e001 (tests.skill_vfy.test_interface.VfyInterfaceCases.test_vfy_e001)
Execute VFY-E001 against its hardened concrete Oracle. ... ok
test_vfy_e002 (tests.skill_vfy.test_interface.VfyInterfaceCases.test_vfy_e002)
Execute VFY-E002 against its hardened concrete Oracle. ... ok
test_vfy_e003 (tests.skill_vfy.test_interface.VfyInterfaceCases.test_vfy_e003)
Execute VFY-E003 against its hardened concrete Oracle. ... ok
test_vfy_e004 (tests.skill_vfy.test_interface.VfyInterfaceCases.test_vfy_e004)
Execute VFY-E004 against its hardened concrete Oracle. ... ok
test_vfy_e005 (tests.skill_vfy.test_interface.VfyInterfaceCases.test_vfy_e005)
Execute VFY-E005 against its hardened concrete Oracle. ... ok
test_vfy_e006 (tests.skill_vfy.test_interface.VfyInterfaceCases.test_vfy_e006)
Execute VFY-E006 against its hardened concrete Oracle. ... ok
test_vfy_e007 (tests.skill_vfy.test_interface.VfyInterfaceCases.test_vfy_e007)
Execute VFY-E007 against its hardened concrete Oracle. ... ok
test_vfy_e008 (tests.skill_vfy.test_interface.VfyInterfaceCases.test_vfy_e008)
Execute VFY-E008 against its hardened concrete Oracle. ... ok
test_vfy_e009 (tests.skill_vfy.test_interface.VfyInterfaceCases.test_vfy_e009)
Execute VFY-E009 against its hardened concrete Oracle. ... ok
test_lifecycle_projects_frozen_vfy_without_conflating_product_and_gate (tests.skill_vfy.test_lifecycle.VfyLifecycleTest.test_lifecycle_projects_frozen_vfy_without_conflating_product_and_gate) ... ok
test_status_renders_vfy_product_gate_and_rls_readiness_read_only (tests.skill_vfy.test_lifecycle.VfyLifecycleTest.test_status_renders_vfy_product_gate_and_rls_readiness_read_only) ... ok
test_vfy_e026 (tests.skill_vfy.test_methods.VfyMethodCases.test_vfy_e026)
Execute VFY-E026 against its hardened concrete Oracle. ... ok
test_vfy_e027 (tests.skill_vfy.test_methods.VfyMethodCases.test_vfy_e027)
Execute VFY-E027 against its hardened concrete Oracle. ... ok
test_vfy_e028 (tests.skill_vfy.test_methods.VfyMethodCases.test_vfy_e028)
Execute VFY-E028 against its hardened concrete Oracle. ... ok
test_vfy_e029 (tests.skill_vfy.test_methods.VfyMethodCases.test_vfy_e029)
Execute VFY-E029 against its hardened concrete Oracle. ... ok
test_vfy_e030 (tests.skill_vfy.test_methods.VfyMethodCases.test_vfy_e030)
Execute VFY-E030 against its hardened concrete Oracle. ... ok
test_vfy_e031 (tests.skill_vfy.test_methods.VfyMethodCases.test_vfy_e031)
Execute VFY-E031 against its hardened concrete Oracle. ... ok
test_vfy_e032 (tests.skill_vfy.test_methods.VfyMethodCases.test_vfy_e032)
Execute VFY-E032 against its hardened concrete Oracle. ... ok
test_vfy_e033 (tests.skill_vfy.test_methods.VfyMethodCases.test_vfy_e033)
Execute VFY-E033 against its hardened concrete Oracle. ... ok
test_vfy_e034 (tests.skill_vfy.test_methods.VfyMethodCases.test_vfy_e034)
Execute VFY-E034 against its hardened concrete Oracle. ... ok
test_vfy_e035 (tests.skill_vfy.test_methods.VfyMethodCases.test_vfy_e035)
Execute VFY-E035 against its hardened concrete Oracle. ... ok
test_vfy_e036 (tests.skill_vfy.test_methods.VfyMethodCases.test_vfy_e036)
Execute VFY-E036 against its hardened concrete Oracle. ... ok
test_vfy_e037 (tests.skill_vfy.test_methods.VfyMethodCases.test_vfy_e037)
Execute VFY-E037 against its hardened concrete Oracle. ... ok
test_vfy_e038 (tests.skill_vfy.test_methods.VfyMethodCases.test_vfy_e038)
Execute VFY-E038 against its hardened concrete Oracle. ... ok
test_vfy_e039 (tests.skill_vfy.test_methods.VfyMethodCases.test_vfy_e039)
Execute VFY-E039 against its hardened concrete Oracle. ... ok
test_vfy_e040 (tests.skill_vfy.test_methods.VfyMethodCases.test_vfy_e040)
Execute VFY-E040 against its hardened concrete Oracle. ... ok
test_check_of_persisted_revision_is_byte_read_only (tests.skill_vfy.test_persistence.VfyPersistenceTest.test_check_of_persisted_revision_is_byte_read_only) ... ok
test_exact_reference_failed_run_can_freeze_return (tests.skill_vfy.test_persistence.VfyPersistenceTest.test_exact_reference_failed_run_can_freeze_return) ... ok
test_exact_reference_run_can_finalize_after_intermediate_write (tests.skill_vfy.test_persistence.VfyPersistenceTest.test_exact_reference_run_can_finalize_after_intermediate_write) ... ok
test_no_change_does_not_allocate_revision (tests.skill_vfy.test_persistence.VfyPersistenceTest.test_no_change_does_not_allocate_revision) ... ok
test_persistent_create_finalizes_and_freezes (tests.skill_vfy.test_persistence.VfyPersistenceTest.test_persistent_create_finalizes_and_freezes) ... ok
test_revise_reuses_artifact_id_and_allocates_next_revision (tests.skill_vfy.test_persistence.VfyPersistenceTest.test_revise_reuses_artifact_id_and_allocates_next_revision) ... ok
test_early_stop_never_projects_to_rls (tests.skill_vfy.test_release_candidate.VfyReleaseCandidateTest.test_early_stop_never_projects_to_rls) ... ok
test_frozen_pass_projects_exact_non_provisional_candidate (tests.skill_vfy.test_release_candidate.VfyReleaseCandidateTest.test_frozen_pass_projects_exact_non_provisional_candidate) ... ok
test_unresolved_product_failure_never_projects_to_rls (tests.skill_vfy.test_release_candidate.VfyReleaseCandidateTest.test_unresolved_product_failure_never_projects_to_rls) ... ok
test_vfy_e071 (tests.skill_vfy.test_revision_lifecycle.VfyRevisionLifecycleCases.test_vfy_e071)
Execute VFY-E071 against its hardened concrete Oracle. ... ok
test_vfy_e072 (tests.skill_vfy.test_revision_lifecycle.VfyRevisionLifecycleCases.test_vfy_e072)
Execute VFY-E072 against its hardened concrete Oracle. ... ok
test_vfy_e073 (tests.skill_vfy.test_revision_lifecycle.VfyRevisionLifecycleCases.test_vfy_e073)
Execute VFY-E073 against its hardened concrete Oracle. ... ok
test_vfy_e074 (tests.skill_vfy.test_revision_lifecycle.VfyRevisionLifecycleCases.test_vfy_e074)
Execute VFY-E074 against its hardened concrete Oracle. ... ok
test_vfy_e075 (tests.skill_vfy.test_revision_lifecycle.VfyRevisionLifecycleCases.test_vfy_e075)
Execute VFY-E075 against its hardened concrete Oracle. ... ok
test_vfy_e076 (tests.skill_vfy.test_revision_lifecycle.VfyRevisionLifecycleCases.test_vfy_e076)
Execute VFY-E076 against its hardened concrete Oracle. ... ok
test_vfy_e077 (tests.skill_vfy.test_revision_lifecycle.VfyRevisionLifecycleCases.test_vfy_e077)
Execute VFY-E077 against its hardened concrete Oracle. ... ok
test_vfy_e078 (tests.skill_vfy.test_revision_lifecycle.VfyRevisionLifecycleCases.test_vfy_e078)
Execute VFY-E078 against its hardened concrete Oracle. ... ok
test_vfy_e079 (tests.skill_vfy.test_revision_lifecycle.VfyRevisionLifecycleCases.test_vfy_e079)
Execute VFY-E079 against its hardened concrete Oracle. ... ok
test_vfy_e080 (tests.skill_vfy.test_revision_lifecycle.VfyRevisionLifecycleCases.test_vfy_e080)
Execute VFY-E080 against its hardened concrete Oracle. ... ok
test_dry_run_create_executes_safe_methods (tests.skill_vfy.test_runtime.VfyRuntimeTest.test_dry_run_create_executes_safe_methods) ... ok
test_manual_method_remains_waiting_without_human_evidence (tests.skill_vfy.test_runtime.VfyRuntimeTest.test_manual_method_remains_waiting_without_human_evidence) ... ok
test_meta_commands_have_no_effects (tests.skill_vfy.test_runtime.VfyRuntimeTest.test_meta_commands_have_no_effects) ... ok
test_product_and_artifact_projection_are_independent (tests.skill_vfy.test_runtime.VfyRuntimeTest.test_product_and_artifact_projection_are_independent) ... ok
test_repeatable_method_preserves_first_order (tests.skill_vfy.test_runtime.VfyRuntimeTest.test_repeatable_method_preserves_first_order) ... ok
test_formal_execution_observes_actual_host_capability (tests.skill_vfy.test_sandbox_capability.SandboxCapabilityTest.test_formal_execution_observes_actual_host_capability) ... ok
test_formal_rejects_capability_only_pass (tests.skill_vfy.test_sandbox_capability.SandboxCapabilityTest.test_formal_rejects_capability_only_pass) ... ok
test_missing_linux_backend_is_portable_but_never_fixed_eval_pass (tests.skill_vfy.test_sandbox_capability.SandboxCapabilityTest.test_missing_linux_backend_is_portable_but_never_fixed_eval_pass) ... ok
test_present_backend_must_also_activate (tests.skill_vfy.test_sandbox_capability.SandboxCapabilityTest.test_present_backend_must_also_activate) ... ok
test_unexpected_probe_failure_is_not_capability_unavailable (tests.skill_vfy.test_sandbox_capability.SandboxCapabilityTest.test_unexpected_probe_failure_is_not_capability_unavailable) ... ok
test_vfy_e010 (tests.skill_vfy.test_scope_subject.VfyScopeSubjectCases.test_vfy_e010)
Execute VFY-E010 against its hardened concrete Oracle. ... ok
test_vfy_e011 (tests.skill_vfy.test_scope_subject.VfyScopeSubjectCases.test_vfy_e011)
Execute VFY-E011 against its hardened concrete Oracle. ... ok
test_vfy_e012 (tests.skill_vfy.test_scope_subject.VfyScopeSubjectCases.test_vfy_e012)
Execute VFY-E012 against its hardened concrete Oracle. ... ok
test_vfy_e013 (tests.skill_vfy.test_scope_subject.VfyScopeSubjectCases.test_vfy_e013)
Execute VFY-E013 against its hardened concrete Oracle. ... ok
test_vfy_e014 (tests.skill_vfy.test_scope_subject.VfyScopeSubjectCases.test_vfy_e014)
Execute VFY-E014 against its hardened concrete Oracle. ... ok
test_vfy_e015 (tests.skill_vfy.test_scope_subject.VfyScopeSubjectCases.test_vfy_e015)
Execute VFY-E015 against its hardened concrete Oracle. ... ok
test_vfy_e016 (tests.skill_vfy.test_scope_subject.VfyScopeSubjectCases.test_vfy_e016)
Execute VFY-E016 against its hardened concrete Oracle. ... ok
test_vfy_e017 (tests.skill_vfy.test_scope_subject.VfyScopeSubjectCases.test_vfy_e017)
Execute VFY-E017 against its hardened concrete Oracle. ... ok
test_vfy_e018 (tests.skill_vfy.test_scope_subject.VfyScopeSubjectCases.test_vfy_e018)
Execute VFY-E018 against its hardened concrete Oracle. ... ok
test_vfy_e019 (tests.skill_vfy.test_scope_subject.VfyScopeSubjectCases.test_vfy_e019)
Execute VFY-E019 against its hardened concrete Oracle. ... ok
test_design_source_set_and_identity_drift_are_rejected (tests.skill_vfy.test_source_lock.VfySourceLockTest.test_design_source_set_and_identity_drift_are_rejected) ... ok
test_digest_drift_is_rejected (tests.skill_vfy.test_source_lock.VfySourceLockTest.test_digest_drift_is_rejected) ... ok
test_duplicate_contract_is_rejected (tests.skill_vfy.test_source_lock.VfySourceLockTest.test_duplicate_contract_is_rejected) ... ok
test_extra_contract_is_rejected (tests.skill_vfy.test_source_lock.VfySourceLockTest.test_extra_contract_is_rejected) ... ok
test_final_source_lock_passes (tests.skill_vfy.test_source_lock.VfySourceLockTest.test_final_source_lock_passes) ... ok
test_missing_contract_is_rejected (tests.skill_vfy.test_source_lock.VfySourceLockTest.test_missing_contract_is_rejected) ... ok
test_unsorted_contracts_are_rejected (tests.skill_vfy.test_source_lock.VfySourceLockTest.test_unsorted_contracts_are_rejected) ... ok
test_vfy_e020 (tests.skill_vfy.test_targets.VfyTargetCases.test_vfy_e020)
Execute VFY-E020 against its hardened concrete Oracle. ... ok
test_vfy_e021 (tests.skill_vfy.test_targets.VfyTargetCases.test_vfy_e021)
Execute VFY-E021 against its hardened concrete Oracle. ... ok
test_vfy_e022 (tests.skill_vfy.test_targets.VfyTargetCases.test_vfy_e022)
Execute VFY-E022 against its hardened concrete Oracle. ... ok
test_vfy_e023 (tests.skill_vfy.test_targets.VfyTargetCases.test_vfy_e023)
Execute VFY-E023 against its hardened concrete Oracle. ... ok
test_vfy_e024 (tests.skill_vfy.test_targets.VfyTargetCases.test_vfy_e024)
Execute VFY-E024 against its hardened concrete Oracle. ... ok
test_vfy_e025 (tests.skill_vfy.test_targets.VfyTargetCases.test_vfy_e025)
Execute VFY-E025 against its hardened concrete Oracle. ... ok
test_builtin_path_check_accepts_a_symlinked_project_root (tests.skill_vfy.test_web_review_repairs.WebReviewRepairsTest.test_builtin_path_check_accepts_a_symlinked_project_root) ... ok
test_caller_cannot_mark_return_resolved (tests.skill_vfy.test_web_review_repairs.WebReviewRepairsTest.test_caller_cannot_mark_return_resolved) ... ok
test_canonical_primary_tamper_is_rejected (tests.skill_vfy.test_web_review_repairs.WebReviewRepairsTest.test_canonical_primary_tamper_is_rejected) ... ok
test_command_policy_rejects_shell_and_inline_code (tests.skill_vfy.test_web_review_repairs.WebReviewRepairsTest.test_command_policy_rejects_shell_and_inline_code) ... ok
test_delegated_confirmation_cannot_accept_an_exception (tests.skill_vfy.test_web_review_repairs.WebReviewRepairsTest.test_delegated_confirmation_cannot_accept_an_exception) ... ok
test_exception_outside_current_vfy_scope_is_rejected (tests.skill_vfy.test_web_review_repairs.WebReviewRepairsTest.test_exception_outside_current_vfy_scope_is_rejected) ... ok
test_failure_return_uses_observed_evidence (tests.skill_vfy.test_web_review_repairs.WebReviewRepairsTest.test_failure_return_uses_observed_evidence) ... ok
test_imp_return_accepts_exact_binding_revision_for_stable_lineage (tests.skill_vfy.test_web_review_repairs.WebReviewRepairsTest.test_imp_return_accepts_exact_binding_revision_for_stable_lineage) ... ok
test_interface_version_and_skill_bindings (tests.skill_vfy.test_web_review_repairs.WebReviewRepairsTest.test_interface_version_and_skill_bindings) ... ok
test_manual_evidence_binds_evaluator_and_immutable_source (tests.skill_vfy.test_web_review_repairs.WebReviewRepairsTest.test_manual_evidence_binds_evaluator_and_immutable_source) ... ok
test_pass_with_exception_is_not_plain_pass (tests.skill_vfy.test_web_review_repairs.WebReviewRepairsTest.test_pass_with_exception_is_not_plain_pass) ... ok
test_persistent_create_requires_repeatable_exact_inputs (tests.skill_vfy.test_web_review_repairs.WebReviewRepairsTest.test_persistent_create_requires_repeatable_exact_inputs) ... ok
test_pre_execution_digest_includes_exception_boundary (tests.skill_vfy.test_web_review_repairs.WebReviewRepairsTest.test_pre_execution_digest_includes_exception_boundary) ... ok
test_production_check_rejects_in_memory_state (tests.skill_vfy.test_web_review_repairs.WebReviewRepairsTest.test_production_check_rejects_in_memory_state) ... ok
test_verifier_accepts_an_empty_control_input_set (tests.skill_vfy.test_web_review_repairs.WebReviewRepairsTest.test_verifier_accepts_an_empty_control_input_set) ... ok
test_approved_peer_input_shape_consumes_evidence_and_supporting_members (tests.skills.test_sdlc_000_ctx.CtxRuntimeTests.test_approved_peer_input_shape_consumes_evidence_and_supporting_members) ... ok
test_boundary_key_normalizes_nfc_line_endings_and_outer_whitespace (tests.skills.test_sdlc_000_ctx.CtxRuntimeTests.test_boundary_key_normalizes_nfc_line_endings_and_outer_whitespace) ... ok
test_check_missing_store_is_strictly_read_only (tests.skills.test_sdlc_000_ctx.CtxRuntimeTests.test_check_missing_store_is_strictly_read_only) ... ok
test_concurrent_cli_first_create_converges_across_processes (tests.skills.test_sdlc_000_ctx.CtxRuntimeTests.test_concurrent_cli_first_create_converges_across_processes) ... ok
test_concurrent_first_create_converges_on_one_ctx_id (tests.skills.test_sdlc_000_ctx.CtxRuntimeTests.test_concurrent_first_create_converges_on_one_ctx_id) ... ok
test_corrupt_schema_is_not_hidden_by_initialize_recovery (tests.skills.test_sdlc_000_ctx.CtxRuntimeTests.test_corrupt_schema_is_not_hidden_by_initialize_recovery) ... ok
test_corrupt_store_is_not_hidden_by_lock_recovery (tests.skills.test_sdlc_000_ctx.CtxRuntimeTests.test_corrupt_store_is_not_hidden_by_lock_recovery) ... ok
test_create_materializes_waiting_input_and_duplicate_is_blocked (tests.skills.test_sdlc_000_ctx.CtxRuntimeTests.test_create_materializes_waiting_input_and_duplicate_is_blocked) ... ok
test_delegated_confirmation_requires_and_accepts_fixed_authority_contract (tests.skills.test_sdlc_000_ctx.CtxRuntimeTests.test_delegated_confirmation_requires_and_accepts_fixed_authority_contract) ... ok
test_domain_validator_rejects_manifest_member_closure_tampering (tests.skills.test_sdlc_000_ctx.CtxRuntimeTests.test_domain_validator_rejects_manifest_member_closure_tampering) ... ok
test_domain_validator_rejects_missing_primary_invalid_enums_and_exception_contract (tests.skills.test_sdlc_000_ctx.CtxRuntimeTests.test_domain_validator_rejects_missing_primary_invalid_enums_and_exception_contract) ... ok
test_domain_validator_rejects_tampered_basis_even_with_updated_blob_digest (tests.skills.test_sdlc_000_ctx.CtxRuntimeTests.test_domain_validator_rejects_tampered_basis_even_with_updated_blob_digest) ... ok
test_dry_run_creates_no_persistent_state (tests.skills.test_sdlc_000_ctx.CtxRuntimeTests.test_dry_run_creates_no_persistent_state) ... ok
test_frozen_no_change_keeps_revision_and_effective_change_allocates_next (tests.skills.test_sdlc_000_ctx.CtxRuntimeTests.test_frozen_no_change_keeps_revision_and_effective_change_allocates_next) ... ok
test_missing_foundation_returns_structured_result_without_traceback (tests.skills.test_sdlc_000_ctx.CtxRuntimeTests.test_missing_foundation_returns_structured_result_without_traceback) ... ok
test_old_frozen_base_uses_lineage_max_revision_and_invalid_input_allocates_nothing (tests.skills.test_sdlc_000_ctx.CtxRuntimeTests.test_old_frozen_base_uses_lineage_max_revision_and_invalid_input_allocates_nothing) ... ok
test_open_revise_binds_confirmation_freezes_and_checks_read_only (tests.skills.test_sdlc_000_ctx.CtxRuntimeTests.test_open_revise_binds_confirmation_freezes_and_checks_read_only) ... ok
test_post_allocation_failure_abandons_unmaterialized_control_reservation (tests.skills.test_sdlc_000_ctx.CtxRuntimeTests.test_post_allocation_failure_abandons_unmaterialized_control_reservation) ... ok
test_runtime_source_lock_is_exact_and_runtime_has_no_design_source_dependency (tests.skills.test_sdlc_000_ctx.CtxRuntimeTests.test_runtime_source_lock_is_exact_and_runtime_has_no_design_source_dependency) ... ok
test_unconfirmed_boundary_does_not_create_store (tests.skills.test_sdlc_000_ctx.CtxRuntimeTests.test_unconfirmed_boundary_does_not_create_store) ... ok
test_two_distinct_projects_complete_real_imp_and_restore_git (tests.system_integration.test_external_imp_integration.ExternalImpIntegrationTests.test_two_distinct_projects_complete_real_imp_and_restore_git) ... ok
test_go_vue_project_uses_real_build_descriptors_and_stable_work_items (tests.system_integration.test_external_pln_integration.ExternalPlnIntegrationTests.test_go_vue_project_uses_real_build_descriptors_and_stable_work_items) ... ok
test_maven_project_reaches_exact_imp_binding_without_source_changes (tests.system_integration.test_external_pln_integration.ExternalPlnIntegrationTests.test_maven_project_reaches_exact_imp_binding_without_source_changes) ... ok
test_two_repositories_execute_full_chain_and_restore_exactly (tests.system_integration.test_external_vfy_integration.ExternalVfyIntegrationTest.test_two_repositories_execute_full_chain_and_restore_exactly) ... ok

----------------------------------------------------------------------
Ran 1104 tests in 151.753s

OK
RLS_TEST_SUITE repo: PASS (1104 executed)
